TaskId,MovieId,Number,VideoPath,ResourceType,ExistingRecordId,CurrentDatabasePath,CandidatePath,Evidence,Confidence,Action,Status,Reason,SafeToApply,WillOverwrite
"13246","7","MEYD-779","Z:\bcbcbcbc\ca-ES\data\已命名电影\MEYD-779+五星+持续输出+紧身裤+高颜值.mp4","Preview","","","Z:\bcbcbcbc\ca-ES\LocalMediaManager\Previews\MEYD-779\MEYD-779_001.jpg","位于标准化番号同名资源目录","90","RegisterImage","Safe","唯一高置信度实体，可在确认后建立或修正关联。","True","False"
"13246","7","MEYD-779","Z:\bcbcbcbc\ca-ES\data\已命名电影\MEYD-779+五星+持续输出+紧身裤+高颜值.mp4","Preview","","","Z:\bcbcbcbc\ca-ES\LocalMediaManager\Previews\MEYD-779\MEYD-779_002.jpg","位于标准化番号同名资源目录","90","RegisterImage","Safe","唯一高置信度实体，可在确认后建立或修正关联。","True","False"
"13246","7","MEYD-779","Z:\bcbcbcbc\ca-ES\data\已命名电影\MEYD-779+五星+持续输出+紧身裤+高颜值.mp4","Preview","","","Z:\bcbcbcbc\ca-ES\LocalMediaManager\Previews\MEYD-779\MEYD-779_003.jpg","位于标准化番号同名资源目录","90","RegisterImage","Safe","唯一高置信度实体，可在确认后建立或修正关联。","True","False"
"13246","7","MEYD-779","Z:\bcbcbcbc\ca-ES\data\已命名电影\MEYD-779+五星+持续输出+紧身裤+高颜值.mp4","Preview","","","Z:\bcbcbcbc\ca-ES\LocalMediaManager\Previews\MEYD-779\MEYD-779_004.jpg","位于标准化番号同名资源目录","90","RegisterImage","Safe","唯一高置信度实体，可在确认后建立或修正关联。","True","False"
"13246","7","MEYD-779","Z:\bcbcbcbc\ca-ES\data\已命名电影\MEYD-779+五星+持续输出+紧身裤+高颜值.mp4","Preview","","","Z:\bcbcbcbc\ca-ES\LocalMediaManager\Previews\MEYD-779\MEYD-779_005.jpg","位于标准化番号同名资源目录","90","RegisterImage","Safe","唯一高置信度实体，可在确认后建立或修正关联。","True","False"
"13246","7","MEYD-779","Z:\bcbcbcbc\ca-ES\data\已命名电影\MEYD-779+五星+持续输出+紧身裤+高颜值.mp4","Preview","","","Z:\bcbcbcbc\ca-ES\LocalMediaManager\Previews\MEYD-779\MEYD-779_006.jpg","位于标准化番号同名资源目录","90","RegisterImage","Safe","唯一高置信度实体，可在确认后建立或修正关联。","True","False"
"13246","7","MEYD-779","Z:\bcbcbcbc\ca-ES\data\已命名电影\MEYD-779+五星+持续输出+紧身裤+高颜值.mp4","Preview","","","Z:\bcbcbcbc\ca-ES\LocalMediaManager\Previews\MEYD-779\MEYD-779_007.jpg","位于标准化番号同名资源目录","90","RegisterImage","Safe","唯一高置信度实体，可在确认后建立或修正关联。","True","False"
"13246","7","MEYD-779","Z:\bcbcbcbc\ca-ES\data\已命名电影\MEYD-779+五星+持续输出+紧身裤+高颜值.mp4","Preview","","","Z:\bcbcbcbc\ca-ES\LocalMediaManager\Previews\MEYD-779\MEYD-779_008.jpg","位于标准化番号同名资源目录","90","RegisterImage","Safe","唯一高置信度实体，可在确认后建立或修正关联。","True","False"
"13246","7","MEYD-779","Z:\bcbcbcbc\ca-ES\data\已命名电影\MEYD-779+五星+持续输出+紧身裤+高颜值.mp4","Preview","","","Z:\bcbcbcbc\ca-ES\LocalMediaManager\Previews\MEYD-779\MEYD-779_009.jpg","位于标准化番号同名资源目录","90","RegisterImage","Safe","唯一高置信度实体，可在确认后建立或修正关联。","True","False"
"13246","7","MEYD-779","Z:\bcbcbcbc\ca-ES\data\已命名电影\MEYD-779+五星+持续输出+紧身裤+高颜值.mp4","Preview","","","Z:\bcbcbcbc\ca-ES\LocalMediaManager\Previews\MEYD-779\MEYD-779_010.jpg","位于标准化番号同名资源目录","90","RegisterImage","Safe","唯一高置信度实体，可在确认后建立或修正关联。","True","False"
"13246","9","KAWD-693","Z:\bcbcbcbc\ca-ES\data\已命名电影\KAWD-693+五星+持续输出+无码+白虎+高颜值.mp4","Preview","","","Z:\bcbcbcbc\ca-ES\LocalMediaManager\Previews\KAWD-693\KAWD-693_001.jpg","位于标准化番号同名资源目录","90","RegisterImage","Safe","唯一高置信度实体，可在确认后建立或修正关联。","True","False"
"13246","9","KAWD-693","Z:\bcbcbcbc\ca-ES\data\已命名电影\KAWD-693+五星+持续输出+无码+白虎+高颜值.mp4","Preview","","","Z:\bcbcbcbc\ca-ES\LocalMediaManager\Previews\KAWD-693\KAWD-693_002.jpg","位于标准化番号同名资源目录","90","RegisterImage","Safe","唯一高置信度实体，可在确认后建立或修正关联。","True","False"
"13246","9","KAWD-693","Z:\bcbcbcbc\ca-ES\data\已命名电影\KAWD-693+五星+持续输出+无码+白虎+高颜值.mp4","Preview","","","Z:\bcbcbcbc\ca-ES\LocalMediaManager\Previews\KAWD-693\KAWD-693_003.jpg","位于标准化番号同名资源目录","90","RegisterImage","Safe","唯一高置信度实体，可在确认后建立或修正关联。","True","False"
"13246","9","KAWD-693","Z:\bcbcbcbc\ca-ES\data\已命名电影\KAWD-693+五星+持续输出+无码+白虎+高颜值.mp4","Preview","","","Z:\bcbcbcbc\ca-ES\LocalMediaManager\Previews\KAWD-693\KAWD-693_004.jpg","位于标准化番号同名资源目录","90","RegisterImage","Safe","唯一高置信度实体，可在确认后建立或修正关联。","True","False"
"13246","9","KAWD-693","Z:\bcbcbcbc\ca-ES\data\已命名电影\KAWD-693+五星+持续输出+无码+白虎+高颜值.mp4","Preview","","","Z:\bcbcbcbc\ca-ES\LocalMediaManager\Previews\KAWD-693\KAWD-693_005.jpg","位于标准化番号同名资源目录","90","RegisterImage","Safe","唯一高置信度实体，可在确认后建立或修正关联。","True","False"
"13246","9","KAWD-693","Z:\bcbcbcbc\ca-ES\data\已命名电影\KAWD-693+五星+持续输出+无码+白虎+高颜值.mp4","Preview","","","Z:\bcbcbcbc\ca-ES\LocalMediaManager\Previews\KAWD-693\KAWD-693_006.jpg","位于标准化番号同名资源目录","90","RegisterImage","Safe","唯一高置信度实体，可在确认后建立或修正关联。","True","False"
"13246","9","KAWD-693","Z:\bcbcbcbc\ca-ES\data\已命名电影\KAWD-693+五星+持续输出+无码+白虎+高颜值.mp4","Preview","","","Z:\bcbcbcbc\ca-ES\LocalMediaManager\Previews\KAWD-693\KAWD-693_007.jpg","位于标准化番号同名资源目录","90","RegisterImage","Safe","唯一高置信度实体，可在确认后建立或修正关联。","True","False"
"13246","9","KAWD-693","Z:\bcbcbcbc\ca-ES\data\已命名电影\KAWD-693+五星+持续输出+无码+白虎+高颜值.mp4","Preview","","","Z:\bcbcbcbc\ca-ES\LocalMediaManager\Previews\KAWD-693\KAWD-693_008.jpg","位于标准化番号同名资源目录","90","RegisterImage","Safe","唯一高置信度实体，可在确认后建立或修正关联。","True","False"
"13246","9","KAWD-693","Z:\bcbcbcbc\ca-ES\data\已命名电影\KAWD-693+五星+持续输出+无码+白虎+高颜值.mp4","Preview","","","Z:\bcbcbcbc\ca-ES\LocalMediaManager\Previews\KAWD-693\KAWD-693_009.jpg","位于标准化番号同名资源目录","90","RegisterImage","Safe","唯一高置信度实体，可在确认后建立或修正关联。","True","False"
"13246","9","KAWD-693","Z:\bcbcbcbc\ca-ES\data\已命名电影\KAWD-693+五星+持续输出+无码+白虎+高颜值.mp4","Preview","","","Z:\bcbcbcbc\ca-ES\LocalMediaManager\Previews\KAWD-693\KAWD-693_010.jpg","位于标准化番号同名资源目录","90","RegisterImage","Safe","唯一高置信度实体，可在确认后建立或修正关联。","True","False"
"13246","13","CSPL-003","Z:\bcbcbcbc\ca-ES\data\已命名电影\CSPL-003+五星+制服+娇小可爱清纯+高颜值.mp4","Preview","","","Z:\bcbcbcbc\ca-ES\LocalMediaManager\Previews\CSPL-003\CSPL-003_001.jpg","位于标准化番号同名资源目录","90","RegisterImage","Safe","唯一高置信度实体，可在确认后建立或修正关联。","True","False"
"13246","13","CSPL-003","Z:\bcbcbcbc\ca-ES\data\已命名电影\CSPL-003+五星+制服+娇小可爱清纯+高颜值.mp4","Preview","","","Z:\bcbcbcbc\ca-ES\LocalMediaManager\Previews\CSPL-003\CSPL-003_002.jpg","位于标准化番号同名资源目录","90","RegisterImage","Safe","唯一高置信度实体，可在确认后建立或修正关联。","True","False"
"13246","13","CSPL-003","Z:\bcbcbcbc\ca-ES\data\已命名电影\CSPL-003+五星+制服+娇小可爱清纯+高颜值.mp4","Preview","","","Z:\bcbcbcbc\ca-ES\LocalMediaManager\Previews\CSPL-003\CSPL-003_003.jpg","位于标准化番号同名资源目录","90","RegisterImage","Safe","唯一高置信度实体，可在确认后建立或修正关联。","True","False"
"13246","13","CSPL-003","Z:\bcbcbcbc\ca-ES\data\已命名电影\CSPL-003+五星+制服+娇小可爱清纯+高颜值.mp4","Preview","","","Z:\bcbcbcbc\ca-ES\LocalMediaManager\Previews\CSPL-003\CSPL-003_004.jpg","位于标准化番号同名资源目录","90","RegisterImage","Safe","唯一高置信度实体，可在确认后建立或修正关联。","True","False"
"13246","13","CSPL-003","Z:\bcbcbcbc\ca-ES\data\已命名电影\CSPL-003+五星+制服+娇小可爱清纯+高颜值.mp4","Preview","","","Z:\bcbcbcbc\ca-ES\LocalMediaManager\Previews\CSPL-003\CSPL-003_005.jpg","位于标准化番号同名资源目录","90","RegisterImage","Safe","唯一高置信度实体，可在确认后建立或修正关联。","True","False"
"13246","13","CSPL-003","Z:\bcbcbcbc\ca-ES\data\已命名电影\CSPL-003+五星+制服+娇小可爱清纯+高颜值.mp4","Preview","","","Z:\bcbcbcbc\ca-ES\LocalMediaManager\Previews\CSPL-003\CSPL-003_006.jpg","位于标准化番号同名资源目录","90","RegisterImage","Safe","唯一高置信度实体，可在确认后建立或修正关联。","True","False"
"13246","13","CSPL-003","Z:\bcbcbcbc\ca-ES\data\已命名电影\CSPL-003+五星+制服+娇小可爱清纯+高颜值.mp4","Preview","","","Z:\bcbcbcbc\ca-ES\LocalMediaManager\Previews\CSPL-003\CSPL-003_007.jpg","位于标准化番号同名资源目录","90","RegisterImage","Safe","唯一高置信度实体，可在确认后建立或修正关联。","True","False"
"13246","13","CSPL-003","Z:\bcbcbcbc\ca-ES\data\已命名电影\CSPL-003+五星+制服+娇小可爱清纯+高颜值.mp4","Preview","","","Z:\bcbcbcbc\ca-ES\LocalMediaManager\Previews\CSPL-003\CSPL-003_008.jpg","位于标准化番号同名资源目录","90","RegisterImage","Safe","唯一高置信度实体，可在确认后建立或修正关联。","True","False"
"13246","13","CSPL-003","Z:\bcbcbcbc\ca-ES\data\已命名电影\CSPL-003+五星+制服+娇小可爱清纯+高颜值.mp4","Preview","","","Z:\bcbcbcbc\ca-ES\LocalMediaManager\Previews\CSPL-003\CSPL-003_009.jpg","位于标准化番号同名资源目录","90","RegisterImage","Safe","唯一高置信度实体，可在确认后建立或修正关联。","True","False"
"13246","13","CSPL-003","Z:\bcbcbcbc\ca-ES\data\已命名电影\CSPL-003+五星+制服+娇小可爱清纯+高颜值.mp4","Preview","","","Z:\bcbcbcbc\ca-ES\LocalMediaManager\Previews\CSPL-003\CSPL-003_010.jpg","位于标准化番号同名资源目录","90","RegisterImage","Safe","唯一高置信度实体，可在确认后建立或修正关联。","True","False"
"13246","13","CSPL-003","Z:\bcbcbcbc\ca-ES\data\已命名电影\CSPL-003+五星+制服+娇小可爱清纯+高颜值.mp4","Preview","","","Z:\bcbcbcbc\ca-ES\LocalMediaManager\Previews\CSPL-003\CSPL-003_011.jpg","位于标准化番号同名资源目录","90","RegisterImage","Safe","唯一高置信度实体，可在确认后建立或修正关联。","True","False"
"13246","13","CSPL-003","Z:\bcbcbcbc\ca-ES\data\已命名电影\CSPL-003+五星+制服+娇小可爱清纯+高颜值.mp4","Preview","","","Z:\bcbcbcbc\ca-ES\LocalMediaManager\Previews\CSPL-003\CSPL-003_012.jpg","位于标准化番号同名资源目录","90","RegisterImage","Safe","唯一高置信度实体，可在确认后建立或修正关联。","True","False"
"13246","13","CSPL-003","Z:\bcbcbcbc\ca-ES\data\已命名电影\CSPL-003+五星+制服+娇小可爱清纯+高颜值.mp4","Preview","","","Z:\bcbcbcbc\ca-ES\LocalMediaManager\Previews\CSPL-003\CSPL-003_013.jpg","位于标准化番号同名资源目录","90","RegisterImage","Safe","唯一高置信度实体，可在确认后建立或修正关联。","True","False"
"13246","13","CSPL-003","Z:\bcbcbcbc\ca-ES\data\已命名电影\CSPL-003+五星+制服+娇小可爱清纯+高颜值.mp4","Preview","","","Z:\bcbcbcbc\ca-ES\LocalMediaManager\Previews\CSPL-003\CSPL-003_014.jpg","位于标准化番号同名资源目录","90","RegisterImage","Safe","唯一高置信度实体，可在确认后建立或修正关联。","True","False"
"13246","13","CSPL-003","Z:\bcbcbcbc\ca-ES\data\已命名电影\CSPL-003+五星+制服+娇小可爱清纯+高颜值.mp4","Preview","","","Z:\bcbcbcbc\ca-ES\LocalMediaManager\Previews\CSPL-003\CSPL-003_015.jpg","位于标准化番号同名资源目录","90","RegisterImage","Safe","唯一高置信度实体，可在确认后建立或修正关联。","True","False"
"13246","13","CSPL-003","Z:\bcbcbcbc\ca-ES\data\已命名电影\CSPL-003+五星+制服+娇小可爱清纯+高颜值.mp4","Preview","","","Z:\bcbcbcbc\ca-ES\LocalMediaManager\Previews\CSPL-003\CSPL-003_016.jpg","位于标准化番号同名资源目录","90","RegisterImage","Safe","唯一高置信度实体，可在确认后建立或修正关联。","True","False"
"13246","13","CSPL-003","Z:\bcbcbcbc\ca-ES\data\已命名电影\CSPL-003+五星+制服+娇小可爱清纯+高颜值.mp4","Preview","","","Z:\bcbcbcbc\ca-ES\LocalMediaManager\Previews\CSPL-003\CSPL-003_017.jpg","位于标准化番号同名资源目录","90","RegisterImage","Safe","唯一高置信度实体，可在确认后建立或修正关联。","True","False"
"13246","14","SSNI-297","Z:\bcbcbcbc\ca-ES\data\已命名电影\SSNI-297+五星+制服+持续输出+高颜值.mp4","Preview","","","Z:\bcbcbcbc\ca-ES\LocalMediaManager\Previews\SSNI-297\SSNI-297_001.jpg","位于标准化番号同名资源目录","90","RegisterImage","Safe","唯一高置信度实体，可在确认后建立或修正关联。","True","False"
"13246","14","SSNI-297","Z:\bcbcbcbc\ca-ES\data\已命名电影\SSNI-297+五星+制服+持续输出+高颜值.mp4","Preview","","","Z:\bcbcbcbc\ca-ES\LocalMediaManager\Previews\SSNI-297\SSNI-297_002.jpg","位于标准化番号同名资源目录","90","RegisterImage","Safe","唯一高置信度实体，可在确认后建立或修正关联。","True","False"
"13246","14","SSNI-297","Z:\bcbcbcbc\ca-ES\data\已命名电影\SSNI-297+五星+制服+持续输出+高颜值.mp4","Preview","","","Z:\bcbcbcbc\ca-ES\LocalMediaManager\Previews\SSNI-297\SSNI-297_003.jpg","位于标准化番号同名资源目录","90","RegisterImage","Safe","唯一高置信度实体，可在确认后建立或修正关联。","True","False"
"13246","14","SSNI-297","Z:\bcbcbcbc\ca-ES\data\已命名电影\SSNI-297+五星+制服+持续输出+高颜值.mp4","Preview","","","Z:\bcbcbcbc\ca-ES\LocalMediaManager\Previews\SSNI-297\SSNI-297_004.jpg","位于标准化番号同名资源目录","90","RegisterImage","Safe","唯一高置信度实体，可在确认后建立或修正关联。","True","False"
"13246","14","SSNI-297","Z:\bcbcbcbc\ca-ES\data\已命名电影\SSNI-297+五星+制服+持续输出+高颜值.mp4","Preview","","","Z:\bcbcbcbc\ca-ES\LocalMediaManager\Previews\SSNI-297\SSNI-297_005.jpg","位于标准化番号同名资源目录","90","RegisterImage","Safe","唯一高置信度实体，可在确认后建立或修正关联。","True","False"
"13246","14","SSNI-297","Z:\bcbcbcbc\ca-ES\data\已命名电影\SSNI-297+五星+制服+持续输出+高颜值.mp4","Preview","","","Z:\bcbcbcbc\ca-ES\LocalMediaManager\Previews\SSNI-297\SSNI-297_006.jpg","位于标准化番号同名资源目录","90","RegisterImage","Safe","唯一高置信度实体，可在确认后建立或修正关联。","True","False"
"13246","14","SSNI-297","Z:\bcbcbcbc\ca-ES\data\已命名电影\SSNI-297+五星+制服+持续输出+高颜值.mp4","Preview","","","Z:\bcbcbcbc\ca-ES\LocalMediaManager\Previews\SSNI-297\SSNI-297_007.jpg","位于标准化番号同名资源目录","90","RegisterImage","Safe","唯一高置信度实体，可在确认后建立或修正关联。","True","False"
"13246","14","SSNI-297","Z:\bcbcbcbc\ca-ES\data\已命名电影\SSNI-297+五星+制服+持续输出+高颜值.mp4","Preview","","","Z:\bcbcbcbc\ca-ES\LocalMediaManager\Previews\SSNI-297\SSNI-297_008.jpg","位于标准化番号同名资源目录","90","RegisterImage","Safe","唯一高置信度实体，可在确认后建立或修正关联。","True","False"
"13246","14","SSNI-297","Z:\bcbcbcbc\ca-ES\data\已命名电影\SSNI-297+五星+制服+持续输出+高颜值.mp4","Preview","","","Z:\bcbcbcbc\ca-ES\LocalMediaManager\Previews\SSNI-297\SSNI-297_009.jpg","位于标准化番号同名资源目录","90","RegisterImage","Safe","唯一高置信度实体，可在确认后建立或修正关联。","True","False"
"13246","14","SSNI-297","Z:\bcbcbcbc\ca-ES\data\已命名电影\SSNI-297+五星+制服+持续输出+高颜值.mp4","Preview","","","Z:\bcbcbcbc\ca-ES\LocalMediaManager\Previews\SSNI-297\SSNI-297_010.jpg","位于标准化番号同名资源目录","90","RegisterImage","Safe","唯一高置信度实体，可在确认后建立或修正关联。","True","False"
"13246","18","ABW-184","Z:\bcbcbcbc\ca-ES\data\已命名电影\ABW-184+四星+多人+高颜值.mp4","Preview","","","Z:\bcbcbcbc\ca-ES\LocalMediaManager\Previews\ABW-184\01.jpg","位于标准化番号同名资源目录","90","RegisterImage","Safe","唯一高置信度实体，可在确认后建立或修正关联。","True","False"
"13246","18","ABW-184","Z:\bcbcbcbc\ca-ES\data\已命名电影\ABW-184+四星+多人+高颜值.mp4","Preview","","","Z:\bcbcbcbc\ca-ES\LocalMediaManager\Previews\ABW-184\02.jpg","位于标准化番号同名资源目录","90","RegisterImage","Safe","唯一高置信度实体，可在确认后建立或修正关联。","True","False"
"13246","18","ABW-184","Z:\bcbcbcbc\ca-ES\data\已命名电影\ABW-184+四星+多人+高颜值.mp4","Preview","","","Z:\bcbcbcbc\ca-ES\LocalMediaManager\Previews\ABW-184\03.jpg","位于标准化番号同名资源目录","90","RegisterImage","Safe","唯一高置信度实体，可在确认后建立或修正关联。","True","False"
"13246","18","ABW-184","Z:\bcbcbcbc\ca-ES\data\已命名电影\ABW-184+四星+多人+高颜值.mp4","Preview","","","Z:\bcbcbcbc\ca-ES\LocalMediaManager\Previews\ABW-184\04.jpg","位于标准化番号同名资源目录","90","RegisterImage","Safe","唯一高置信度实体，可在确认后建立或修正关联。","True","False"
"13246","18","ABW-184","Z:\bcbcbcbc\ca-ES\data\已命名电影\ABW-184+四星+多人+高颜值.mp4","Preview","","","Z:\bcbcbcbc\ca-ES\LocalMediaManager\Previews\ABW-184\05.jpg","位于标准化番号同名资源目录","90","RegisterImage","Safe","唯一高置信度实体，可在确认后建立或修正关联。","True","False"
"13246","18","ABW-184","Z:\bcbcbcbc\ca-ES\data\已命名电影\ABW-184+四星+多人+高颜值.mp4","Preview","","","Z:\bcbcbcbc\ca-ES\LocalMediaManager\Previews\ABW-184\06.jpg","位于标准化番号同名资源目录","90","RegisterImage","Safe","唯一高置信度实体，可在确认后建立或修正关联。","True","False"
"13246","18","ABW-184","Z:\bcbcbcbc\ca-ES\data\已命名电影\ABW-184+四星+多人+高颜值.mp4","Preview","","","Z:\bcbcbcbc\ca-ES\LocalMediaManager\Previews\ABW-184\07.jpg","位于标准化番号同名资源目录","90","RegisterImage","Safe","唯一高置信度实体，可在确认后建立或修正关联。","True","False"
"13246","18","ABW-184","Z:\bcbcbcbc\ca-ES\data\已命名电影\ABW-184+四星+多人+高颜值.mp4","Preview","","","Z:\bcbcbcbc\ca-ES\LocalMediaManager\Previews\ABW-184\08.jpg","位于标准化番号同名资源目录","90","RegisterImage","Safe","唯一高置信度实体，可在确认后建立或修正关联。","True","False"
"13246","18","ABW-184","Z:\bcbcbcbc\ca-ES\data\已命名电影\ABW-184+四星+多人+高颜值.mp4","Preview","","","Z:\bcbcbcbc\ca-ES\LocalMediaManager\Previews\ABW-184\09.jpg","位于标准化番号同名资源目录","90","RegisterImage","Safe","唯一高置信度实体，可在确认后建立或修正关联。","True","False"
"13246","18","ABW-184","Z:\bcbcbcbc\ca-ES\data\已命名电影\ABW-184+四星+多人+高颜值.mp4","Preview","","","Z:\bcbcbcbc\ca-ES\LocalMediaManager\Previews\ABW-184\10.jpg","位于标准化番号同名资源目录","90","RegisterImage","Safe","唯一高置信度实体，可在确认后建立或修正关联。","True","False"
"13246","18","ABW-184","Z:\bcbcbcbc\ca-ES\data\已命名电影\ABW-184+四星+多人+高颜值.mp4","Preview","","","Z:\bcbcbcbc\ca-ES\LocalMediaManager\Previews\ABW-184\11.jpg","位于标准化番号同名资源目录","90","RegisterImage","Safe","唯一高置信度实体，可在确认后建立或修正关联。","True","False"
"13246","18","ABW-184","Z:\bcbcbcbc\ca-ES\data\已命名电影\ABW-184+四星+多人+高颜值.mp4","Preview","","","Z:\bcbcbcbc\ca-ES\LocalMediaManager\Previews\ABW-184\12.jpg","位于标准化番号同名资源目录","90","RegisterImage","Safe","唯一高置信度实体，可在确认后建立或修正关联。","True","False"
"13246","18","ABW-184","Z:\bcbcbcbc\ca-ES\data\已命名电影\ABW-184+四星+多人+高颜值.mp4","Preview","","","Z:\bcbcbcbc\ca-ES\LocalMediaManager\Previews\ABW-184\13.jpg","位于标准化番号同名资源目录","90","RegisterImage","Safe","唯一高置信度实体，可在确认后建立或修正关联。","True","False"
"13246","20","JUQ-025","Z:\bcbcbcbc\ca-ES\data\已命名电影\JUQ-025+五星+制服+持续输出+高颜值.mp4","Preview","","","Z:\bcbcbcbc\ca-ES\LocalMediaManager\Previews\JUQ-025\JUQ-025_001.jpg","位于标准化番号同名资源目录","90","RegisterImage","Safe","唯一高置信度实体，可在确认后建立或修正关联。","True","False"
"13246","20","JUQ-025","Z:\bcbcbcbc\ca-ES\data\已命名电影\JUQ-025+五星+制服+持续输出+高颜值.mp4","Preview","","","Z:\bcbcbcbc\ca-ES\LocalMediaManager\Previews\JUQ-025\JUQ-025_002.jpg","位于标准化番号同名资源目录","90","RegisterImage","Safe","唯一高置信度实体，可在确认后建立或修正关联。","True","False"
"13246","20","JUQ-025","Z:\bcbcbcbc\ca-ES\data\已命名电影\JUQ-025+五星+制服+持续输出+高颜值.mp4","Preview","","","Z:\bcbcbcbc\ca-ES\LocalMediaManager\Previews\JUQ-025\JUQ-025_003.jpg","位于标准化番号同名资源目录","90","RegisterImage","Safe","唯一高置信度实体，可在确认后建立或修正关联。","True","False"
"13246","20","JUQ-025","Z:\bcbcbcbc\ca-ES\data\已命名电影\JUQ-025+五星+制服+持续输出+高颜值.mp4","Preview","","","Z:\bcbcbcbc\ca-ES\LocalMediaManager\Previews\JUQ-025\JUQ-025_004.jpg","位于标准化番号同名资源目录","90","RegisterImage","Safe","唯一高置信度实体，可在确认后建立或修正关联。","True","False"
"13246","20","JUQ-025","Z:\bcbcbcbc\ca-ES\data\已命名电影\JUQ-025+五星+制服+持续输出+高颜值.mp4","Preview","","","Z:\bcbcbcbc\ca-ES\LocalMediaManager\Previews\JUQ-025\JUQ-025_005.jpg","位于标准化番号同名资源目录","90","RegisterImage","Safe","唯一高置信度实体，可在确认后建立或修正关联。","True","False"
"13246","20","JUQ-025","Z:\bcbcbcbc\ca-ES\data\已命名电影\JUQ-025+五星+制服+持续输出+高颜值.mp4","Preview","","","Z:\bcbcbcbc\ca-ES\LocalMediaManager\Previews\JUQ-025\JUQ-025_006.jpg","位于标准化番号同名资源目录","90","RegisterImage","Safe","唯一高置信度实体，可在确认后建立或修正关联。","True","False"
"13246","20","JUQ-025","Z:\bcbcbcbc\ca-ES\data\已命名电影\JUQ-025+五星+制服+持续输出+高颜值.mp4","Preview","","","Z:\bcbcbcbc\ca-ES\LocalMediaManager\Previews\JUQ-025\JUQ-025_007.jpg","位于标准化番号同名资源目录","90","RegisterImage","Safe","唯一高置信度实体，可在确认后建立或修正关联。","True","False"
"13246","20","JUQ-025","Z:\bcbcbcbc\ca-ES\data\已命名电影\JUQ-025+五星+制服+持续输出+高颜值.mp4","Preview","","","Z:\bcbcbcbc\ca-ES\LocalMediaManager\Previews\JUQ-025\JUQ-025_008.jpg","位于标准化番号同名资源目录","90","RegisterImage","Safe","唯一高置信度实体，可在确认后建立或修正关联。","True","False"
"13246","20","JUQ-025","Z:\bcbcbcbc\ca-ES\data\已命名电影\JUQ-025+五星+制服+持续输出+高颜值.mp4","Preview","","","Z:\bcbcbcbc\ca-ES\LocalMediaManager\Previews\JUQ-025\JUQ-025_009.jpg","位于标准化番号同名资源目录","90","RegisterImage","Safe","唯一高置信度实体，可在确认后建立或修正关联。","True","False"
"13246","20","JUQ-025","Z:\bcbcbcbc\ca-ES\data\已命名电影\JUQ-025+五星+制服+持续输出+高颜值.mp4","Preview","","","Z:\bcbcbcbc\ca-ES\LocalMediaManager\Previews\JUQ-025\JUQ-025_010.jpg","位于标准化番号同名资源目录","90","RegisterImage","Safe","唯一高置信度实体，可在确认后建立或修正关联。","True","False"
"13246","20","JUQ-025","Z:\bcbcbcbc\ca-ES\data\已命名电影\JUQ-025+五星+制服+持续输出+高颜值.mp4","Preview","","","Z:\bcbcbcbc\ca-ES\LocalMediaManager\Previews\JUQ-025\JUQ-025_011.jpg","位于标准化番号同名资源目录","90","RegisterImage","Safe","唯一高置信度实体，可在确认后建立或修正关联。","True","False"
"13246","21","SAME-013","Z:\bcbcbcbc\ca-ES\data\已命名电影\SAME-013+五星+制服+强制+高颜值.mp4","Preview","","","Z:\bcbcbcbc\ca-ES\LocalMediaManager\Previews\SAME-013\SAME-013_001.jpg","位于标准化番号同名资源目录","90","RegisterImage","Safe","唯一高置信度实体，可在确认后建立或修正关联。","True","False"
"13246","21","SAME-013","Z:\bcbcbcbc\ca-ES\data\已命名电影\SAME-013+五星+制服+强制+高颜值.mp4","Preview","","","Z:\bcbcbcbc\ca-ES\LocalMediaManager\Previews\SAME-013\SAME-013_002.jpg","位于标准化番号同名资源目录","90","RegisterImage","Safe","唯一高置信度实体，可在确认后建立或修正关联。","True","False"
"13246","21","SAME-013","Z:\bcbcbcbc\ca-ES\data\已命名电影\SAME-013+五星+制服+强制+高颜值.mp4","Preview","","","Z:\bcbcbcbc\ca-ES\LocalMediaManager\Previews\SAME-013\SAME-013_003.jpg","位于标准化番号同名资源目录","90","RegisterImage","Safe","唯一高置信度实体，可在确认后建立或修正关联。","True","False"
"13246","21","SAME-013","Z:\bcbcbcbc\ca-ES\data\已命名电影\SAME-013+五星+制服+强制+高颜值.mp4","Preview","","","Z:\bcbcbcbc\ca-ES\LocalMediaManager\Previews\SAME-013\SAME-013_004.jpg","位于标准化番号同名资源目录","90","RegisterImage","Safe","唯一高置信度实体，可在确认后建立或修正关联。","True","False"
"13246","21","SAME-013","Z:\bcbcbcbc\ca-ES\data\已命名电影\SAME-013+五星+制服+强制+高颜值.mp4","Preview","","","Z:\bcbcbcbc\ca-ES\LocalMediaManager\Previews\SAME-013\SAME-013_005.jpg","位于标准化番号同名资源目录","90","RegisterImage","Safe","唯一高置信度实体，可在确认后建立或修正关联。","True","False"
"13246","21","SAME-013","Z:\bcbcbcbc\ca-ES\data\已命名电影\SAME-013+五星+制服+强制+高颜值.mp4","Preview","","","Z:\bcbcbcbc\ca-ES\LocalMediaManager\Previews\SAME-013\SAME-013_006.jpg","位于标准化番号同名资源目录","90","RegisterImage","Safe","唯一高置信度实体，可在确认后建立或修正关联。","True","False"
"13246","21","SAME-013","Z:\bcbcbcbc\ca-ES\data\已命名电影\SAME-013+五星+制服+强制+高颜值.mp4","Preview","","","Z:\bcbcbcbc\ca-ES\LocalMediaManager\Previews\SAME-013\SAME-013_007.jpg","位于标准化番号同名资源目录","90","RegisterImage","Safe","唯一高置信度实体，可在确认后建立或修正关联。","True","False"
"13246","21","SAME-013","Z:\bcbcbcbc\ca-ES\data\已命名电影\SAME-013+五星+制服+强制+高颜值.mp4","Preview","","","Z:\bcbcbcbc\ca-ES\LocalMediaManager\Previews\SAME-013\SAME-013_008.jpg","位于标准化番号同名资源目录","90","RegisterImage","Safe","唯一高置信度实体，可在确认后建立或修正关联。","True","False"
"13246","21","SAME-013","Z:\bcbcbcbc\ca-ES\data\已命名电影\SAME-013+五星+制服+强制+高颜值.mp4","Preview","","","Z:\bcbcbcbc\ca-ES\LocalMediaManager\Previews\SAME-013\SAME-013_009.jpg","位于标准化番号同名资源目录","90","RegisterImage","Safe","唯一高置信度实体，可在确认后建立或修正关联。","True","False"
"13246","21","SAME-013","Z:\bcbcbcbc\ca-ES\data\已命名电影\SAME-013+五星+制服+强制+高颜值.mp4","Preview","","","Z:\bcbcbcbc\ca-ES\LocalMediaManager\Previews\SAME-013\SAME-013_010.jpg","位于标准化番号同名资源目录","90","RegisterImage","Safe","唯一高置信度实体，可在确认后建立或修正关联。","True","False"
"13246","24","IPX-666","Z:\bcbcbcbc\ca-ES\data\已命名电影\IPX-666+四星+娇小可爱清纯+高颜值.mp4","Preview","","","Z:\bcbcbcbc\ca-ES\LocalMediaManager\Previews\IPX-666\01.jpg","实体已登记到 MovieId 2514，禁止自动复用","70","ManualReview","LowConfidence","置信度低于 80，仅供人工核对。","False","False"
"13246","24","IPX-666","Z:\bcbcbcbc\ca-ES\data\已命名电影\IPX-666+四星+娇小可爱清纯+高颜值.mp4","Preview","","","Z:\bcbcbcbc\ca-ES\LocalMediaManager\Previews\IPX-666\02.jpg","实体已登记到 MovieId 2514，禁止自动复用","70","ManualReview","LowConfidence","置信度低于 80，仅供人工核对。","False","False"
"13246","24","IPX-666","Z:\bcbcbcbc\ca-ES\data\已命名电影\IPX-666+四星+娇小可爱清纯+高颜值.mp4","Preview","","","Z:\bcbcbcbc\ca-ES\LocalMediaManager\Previews\IPX-666\03.jpg","实体已登记到 MovieId 2514，禁止自动复用","70","ManualReview","LowConfidence","置信度低于 80，仅供人工核对。","False","False"
"13246","24","IPX-666","Z:\bcbcbcbc\ca-ES\data\已命名电影\IPX-666+四星+娇小可爱清纯+高颜值.mp4","Preview","","","Z:\bcbcbcbc\ca-ES\LocalMediaManager\Previews\IPX-666\04.jpg","实体已登记到 MovieId 2514，禁止自动复用","70","ManualReview","LowConfidence","置信度低于 80，仅供人工核对。","False","False"
"13246","24","IPX-666","Z:\bcbcbcbc\ca-ES\data\已命名电影\IPX-666+四星+娇小可爱清纯+高颜值.mp4","Preview","","","Z:\bcbcbcbc\ca-ES\LocalMediaManager\Previews\IPX-666\05.jpg","实体已登记到 MovieId 2514，禁止自动复用","70","ManualReview","LowConfidence","置信度低于 80，仅供人工核对。","False","False"
"13246","24","IPX-666","Z:\bcbcbcbc\ca-ES\data\已命名电影\IPX-666+四星+娇小可爱清纯+高颜值.mp4","Preview","","","Z:\bcbcbcbc\ca-ES\LocalMediaManager\Previews\IPX-666\06.jpg","实体已登记到 MovieId 2514，禁止自动复用","70","ManualReview","LowConfidence","置信度低于 80，仅供人工核对。","False","False"
"13246","24","IPX-666","Z:\bcbcbcbc\ca-ES\data\已命名电影\IPX-666+四星+娇小可爱清纯+高颜值.mp4","Preview","","","Z:\bcbcbcbc\ca-ES\LocalMediaManager\Previews\IPX-666\07.jpg","实体已登记到 MovieId 2514，禁止自动复用","70","ManualReview","LowConfidence","置信度低于 80，仅供人工核对。","False","False"
"13246","24","IPX-666","Z:\bcbcbcbc\ca-ES\data\已命名电影\IPX-666+四星+娇小可爱清纯+高颜值.mp4","Preview","","","Z:\bcbcbcbc\ca-ES\LocalMediaManager\Previews\IPX-666\08.jpg","实体已登记到 MovieId 2514，禁止自动复用","70","ManualReview","LowConfidence","置信度低于 80，仅供人工核对。","False","False"
"13246","24","IPX-666","Z:\bcbcbcbc\ca-ES\data\已命名电影\IPX-666+四星+娇小可爱清纯+高颜值.mp4","Preview","","","Z:\bcbcbcbc\ca-ES\LocalMediaManager\Previews\IPX-666\09.jpg","实体已登记到 MovieId 2514，禁止自动复用","70","ManualReview","LowConfidence","置信度低于 80，仅供人工核对。","False","False"
"13246","24","IPX-666","Z:\bcbcbcbc\ca-ES\data\已命名电影\IPX-666+四星+娇小可爱清纯+高颜值.mp4","Preview","","","Z:\bcbcbcbc\ca-ES\LocalMediaManager\Previews\IPX-666\10.jpg","实体已登记到 MovieId 2514，禁止自动复用","70","ManualReview","LowConfidence","置信度低于 80，仅供人工核对。","False","False"
"13246","24","IPX-666","Z:\bcbcbcbc\ca-ES\data\已命名电影\IPX-666+四星+娇小可爱清纯+高颜值.mp4","Preview","","","Z:\bcbcbcbc\ca-ES\LocalMediaManager\Previews\IPX-666\11.jpg","实体已登记到 MovieId 2514，禁止自动复用","70","ManualReview","LowConfidence","置信度低于 80，仅供人工核对。","False","False"
"13246","24","IPX-666","Z:\bcbcbcbc\ca-ES\data\已命名电影\IPX-666+四星+娇小可爱清纯+高颜值.mp4","Preview","","","Z:\bcbcbcbc\ca-ES\LocalMediaManager\Previews\IPX-666\12.jpg","实体已登记到 MovieId 2514，禁止自动复用","70","ManualReview","LowConfidence","置信度低于 80，仅供人工核对。","False","False"
"13246","25","ABW-265","Z:\bcbcbcbc\ca-ES\data\已命名电影\ABW-265+娇小可爱清纯+高颜值+涼森れむ.mp4","Preview","","","Z:\bcbcbcbc\ca-ES\LocalMediaManager\Previews\ABW-265\01.jpg","实体已登记到 MovieId 2502，禁止自动复用","70","ManualReview","LowConfidence","置信度低于 80，仅供人工核对。","False","False"
"13246","25","ABW-265","Z:\bcbcbcbc\ca-ES\data\已命名电影\ABW-265+娇小可爱清纯+高颜值+涼森れむ.mp4","Preview","","","Z:\bcbcbcbc\ca-ES\LocalMediaManager\Previews\ABW-265\02.jpg","实体已登记到 MovieId 2502，禁止自动复用","70","ManualReview","LowConfidence","置信度低于 80，仅供人工核对。","False","False"
"13246","25","ABW-265","Z:\bcbcbcbc\ca-ES\data\已命名电影\ABW-265+娇小可爱清纯+高颜值+涼森れむ.mp4","Preview","","","Z:\bcbcbcbc\ca-ES\LocalMediaManager\Previews\ABW-265\03.jpg","实体已登记到 MovieId 2502，禁止自动复用","70","ManualReview","LowConfidence","置信度低于 80，仅供人工核对。","False","False"
"13246","25","ABW-265","Z:\bcbcbcbc\ca-ES\data\已命名电影\ABW-265+娇小可爱清纯+高颜值+涼森れむ.mp4","Preview","","","Z:\bcbcbcbc\ca-ES\LocalMediaManager\Previews\ABW-265\04.jpg","实体已登记到 MovieId 2502，禁止自动复用","70","ManualReview","LowConfidence","置信度低于 80，仅供人工核对。","False","False"
"13246","25","ABW-265","Z:\bcbcbcbc\ca-ES\data\已命名电影\ABW-265+娇小可爱清纯+高颜值+涼森れむ.mp4","Preview","","","Z:\bcbcbcbc\ca-ES\LocalMediaManager\Previews\ABW-265\05.jpg","实体已登记到 MovieId 2502，禁止自动复用","70","ManualReview","LowConfidence","置信度低于 80，仅供人工核对。","False","False"
"13246","25","ABW-265","Z:\bcbcbcbc\ca-ES\data\已命名电影\ABW-265+娇小可爱清纯+高颜值+涼森れむ.mp4","Preview","","","Z:\bcbcbcbc\ca-ES\LocalMediaManager\Previews\ABW-265\06.jpg","实体已登记到 MovieId 2502，禁止自动复用","70","ManualReview","LowConfidence","置信度低于 80，仅供人工核对。","False","False"
"13246","25","ABW-265","Z:\bcbcbcbc\ca-ES\data\已命名电影\ABW-265+娇小可爱清纯+高颜值+涼森れむ.mp4","Preview","","","Z:\bcbcbcbc\ca-ES\LocalMediaManager\Previews\ABW-265\07.jpg","实体已登记到 MovieId 2502，禁止自动复用","70","ManualReview","LowConfidence","置信度低于 80，仅供人工核对。","False","False"
"13246","25","ABW-265","Z:\bcbcbcbc\ca-ES\data\已命名电影\ABW-265+娇小可爱清纯+高颜值+涼森れむ.mp4","Preview","","","Z:\bcbcbcbc\ca-ES\LocalMediaManager\Previews\ABW-265\08.jpg","实体已登记到 MovieId 2502，禁止自动复用","70","ManualReview","LowConfidence","置信度低于 80，仅供人工核对。","False","False"
"13246","25","ABW-265","Z:\bcbcbcbc\ca-ES\data\已命名电影\ABW-265+娇小可爱清纯+高颜值+涼森れむ.mp4","Preview","","","Z:\bcbcbcbc\ca-ES\LocalMediaManager\Previews\ABW-265\09.jpg","实体已登记到 MovieId 2502，禁止自动复用","70","ManualReview","LowConfidence","置信度低于 80，仅供人工核对。","False","False"
"13246","25","ABW-265","Z:\bcbcbcbc\ca-ES\data\已命名电影\ABW-265+娇小可爱清纯+高颜值+涼森れむ.mp4","Preview","","","Z:\bcbcbcbc\ca-ES\LocalMediaManager\Previews\ABW-265\10.jpg","实体已登记到 MovieId 2502，禁止自动复用","70","ManualReview","LowConfidence","置信度低于 80，仅供人工核对。","False","False"
"13246","26","STARS-166","Z:\bcbcbcbc\ca-ES\data\已命名电影\STARS-166+制服+持续输出+高颜值.mp4","Preview","","","Z:\bcbcbcbc\ca-ES\LocalMediaManager\Previews\STARS-166\01.jpg","实体已登记到 MovieId 2538，禁止自动复用","70","ManualReview","LowConfidence","置信度低于 80，仅供人工核对。","False","False"
"13246","26","STARS-166","Z:\bcbcbcbc\ca-ES\data\已命名电影\STARS-166+制服+持续输出+高颜值.mp4","Preview","","","Z:\bcbcbcbc\ca-ES\LocalMediaManager\Previews\STARS-166\02.jpg","实体已登记到 MovieId 2538，禁止自动复用","70","ManualReview","LowConfidence","置信度低于 80，仅供人工核对。","False","False"
"13246","26","STARS-166","Z:\bcbcbcbc\ca-ES\data\已命名电影\STARS-166+制服+持续输出+高颜值.mp4","Preview","","","Z:\bcbcbcbc\ca-ES\LocalMediaManager\Previews\STARS-166\03.jpg","实体已登记到 MovieId 2538，禁止自动复用","70","ManualReview","LowConfidence","置信度低于 80，仅供人工核对。","False","False"
"13246","26","STARS-166","Z:\bcbcbcbc\ca-ES\data\已命名电影\STARS-166+制服+持续输出+高颜值.mp4","Preview","","","Z:\bcbcbcbc\ca-ES\LocalMediaManager\Previews\STARS-166\04.jpg","实体已登记到 MovieId 2538，禁止自动复用","70","ManualReview","LowConfidence","置信度低于 80，仅供人工核对。","False","False"
"13246","26","STARS-166","Z:\bcbcbcbc\ca-ES\data\已命名电影\STARS-166+制服+持续输出+高颜值.mp4","Preview","","","Z:\bcbcbcbc\ca-ES\LocalMediaManager\Previews\STARS-166\05.jpg","实体已登记到 MovieId 2538，禁止自动复用","70","ManualReview","LowConfidence","置信度低于 80，仅供人工核对。","False","False"
"13246","26","STARS-166","Z:\bcbcbcbc\ca-ES\data\已命名电影\STARS-166+制服+持续输出+高颜值.mp4","Preview","","","Z:\bcbcbcbc\ca-ES\LocalMediaManager\Previews\STARS-166\06.jpg","实体已登记到 MovieId 2538，禁止自动复用","70","ManualReview","LowConfidence","置信度低于 80，仅供人工核对。","False","False"
"13246","26","STARS-166","Z:\bcbcbcbc\ca-ES\data\已命名电影\STARS-166+制服+持续输出+高颜值.mp4","Preview","","","Z:\bcbcbcbc\ca-ES\LocalMediaManager\Previews\STARS-166\07.jpg","实体已登记到 MovieId 2538，禁止自动复用","70","ManualReview","LowConfidence","置信度低于 80，仅供人工核对。","False","False"
"13246","26","STARS-166","Z:\bcbcbcbc\ca-ES\data\已命名电影\STARS-166+制服+持续输出+高颜值.mp4","Preview","","","Z:\bcbcbcbc\ca-ES\LocalMediaManager\Previews\STARS-166\08.jpg","实体已登记到 MovieId 2538，禁止自动复用","70","ManualReview","LowConfidence","置信度低于 80，仅供人工核对。","False","False"
"13246","26","STARS-166","Z:\bcbcbcbc\ca-ES\data\已命名电影\STARS-166+制服+持续输出+高颜值.mp4","Preview","","","Z:\bcbcbcbc\ca-ES\LocalMediaManager\Previews\STARS-166\09.jpg","实体已登记到 MovieId 2538，禁止自动复用","70","ManualReview","LowConfidence","置信度低于 80，仅供人工核对。","False","False"
"13246","26","STARS-166","Z:\bcbcbcbc\ca-ES\data\已命名电影\STARS-166+制服+持续输出+高颜值.mp4","Preview","","","Z:\bcbcbcbc\ca-ES\LocalMediaManager\Previews\STARS-166\10.jpg","实体已登记到 MovieId 2538，禁止自动复用","70","ManualReview","LowConfidence","置信度低于 80，仅供人工核对。","False","False"
"13246","26","STARS-166","Z:\bcbcbcbc\ca-ES\data\已命名电影\STARS-166+制服+持续输出+高颜值.mp4","Preview","","","Z:\bcbcbcbc\ca-ES\LocalMediaManager\Previews\STARS-166\11.jpg","实体已登记到 MovieId 2538，禁止自动复用","70","ManualReview","LowConfidence","置信度低于 80，仅供人工核对。","False","False"
"13246","26","STARS-166","Z:\bcbcbcbc\ca-ES\data\已命名电影\STARS-166+制服+持续输出+高颜值.mp4","Preview","","","Z:\bcbcbcbc\ca-ES\LocalMediaManager\Previews\STARS-166\12.jpg","实体已登记到 MovieId 2538，禁止自动复用","70","ManualReview","LowConfidence","置信度低于 80，仅供人工核对。","False","False"
"13246","26","STARS-166","Z:\bcbcbcbc\ca-ES\data\已命名电影\STARS-166+制服+持续输出+高颜值.mp4","Preview","","","Z:\bcbcbcbc\ca-ES\LocalMediaManager\Previews\STARS-166\13.jpg","实体已登记到 MovieId 2538，禁止自动复用","70","ManualReview","LowConfidence","置信度低于 80，仅供人工核对。","False","False"
"13246","26","STARS-166","Z:\bcbcbcbc\ca-ES\data\已命名电影\STARS-166+制服+持续输出+高颜值.mp4","Preview","","","Z:\bcbcbcbc\ca-ES\LocalMediaManager\Previews\STARS-166\14.jpg","实体已登记到 MovieId 2538，禁止自动复用","70","ManualReview","LowConfidence","置信度低于 80，仅供人工核对。","False","False"
"13246","26","STARS-166","Z:\bcbcbcbc\ca-ES\data\已命名电影\STARS-166+制服+持续输出+高颜值.mp4","Preview","","","Z:\bcbcbcbc\ca-ES\LocalMediaManager\Previews\STARS-166\15.jpg","实体已登记到 MovieId 2538，禁止自动复用","70","ManualReview","LowConfidence","置信度低于 80，仅供人工核对。","False","False"
"13246","26","STARS-166","Z:\bcbcbcbc\ca-ES\data\已命名电影\STARS-166+制服+持续输出+高颜值.mp4","Preview","","","Z:\bcbcbcbc\ca-ES\LocalMediaManager\Previews\STARS-166\16.jpg","实体已登记到 MovieId 2538，禁止自动复用","70","ManualReview","LowConfidence","置信度低于 80，仅供人工核对。","False","False"
"13246","26","STARS-166","Z:\bcbcbcbc\ca-ES\data\已命名电影\STARS-166+制服+持续输出+高颜值.mp4","Preview","","","Z:\bcbcbcbc\ca-ES\LocalMediaManager\Previews\STARS-166\17.jpg","实体已登记到 MovieId 2538，禁止自动复用","70","ManualReview","LowConfidence","置信度低于 80，仅供人工核对。","False","False"
"13246","26","STARS-166","Z:\bcbcbcbc\ca-ES\data\已命名电影\STARS-166+制服+持续输出+高颜值.mp4","Preview","","","Z:\bcbcbcbc\ca-ES\LocalMediaManager\Previews\STARS-166\18.jpg","实体已登记到 MovieId 2538，禁止自动复用","70","ManualReview","LowConfidence","置信度低于 80，仅供人工核对。","False","False"
"13246","26","STARS-166","Z:\bcbcbcbc\ca-ES\data\已命名电影\STARS-166+制服+持续输出+高颜值.mp4","Preview","","","Z:\bcbcbcbc\ca-ES\LocalMediaManager\Previews\STARS-166\19.jpg","实体已登记到 MovieId 2538，禁止自动复用","70","ManualReview","LowConfidence","置信度低于 80，仅供人工核对。","False","False"
"13246","26","STARS-166","Z:\bcbcbcbc\ca-ES\data\已命名电影\STARS-166+制服+持续输出+高颜值.mp4","Preview","","","Z:\bcbcbcbc\ca-ES\LocalMediaManager\Previews\STARS-166\20.jpg","实体已登记到 MovieId 2538，禁止自动复用","70","ManualReview","LowConfidence","置信度低于 80，仅供人工核对。","False","False"
"13246","26","STARS-166","Z:\bcbcbcbc\ca-ES\data\已命名电影\STARS-166+制服+持续输出+高颜值.mp4","Preview","","","Z:\bcbcbcbc\ca-ES\LocalMediaManager\Previews\STARS-166\21.jpg","实体已登记到 MovieId 2538，禁止自动复用","70","ManualReview","LowConfidence","置信度低于 80，仅供人工核对。","False","False"
"13246","26","STARS-166","Z:\bcbcbcbc\ca-ES\data\已命名电影\STARS-166+制服+持续输出+高颜值.mp4","Preview","","","Z:\bcbcbcbc\ca-ES\LocalMediaManager\Previews\STARS-166\22.jpg","实体已登记到 MovieId 2538，禁止自动复用","70","ManualReview","LowConfidence","置信度低于 80，仅供人工核对。","False","False"
"13246","26","STARS-166","Z:\bcbcbcbc\ca-ES\data\已命名电影\STARS-166+制服+持续输出+高颜值.mp4","Preview","","","Z:\bcbcbcbc\ca-ES\LocalMediaManager\Previews\STARS-166\23.jpg","实体已登记到 MovieId 2538，禁止自动复用","70","ManualReview","LowConfidence","置信度低于 80，仅供人工核对。","False","False"
"13246","26","STARS-166","Z:\bcbcbcbc\ca-ES\data\已命名电影\STARS-166+制服+持续输出+高颜值.mp4","Preview","","","Z:\bcbcbcbc\ca-ES\LocalMediaManager\Previews\STARS-166\24.jpg","实体已登记到 MovieId 2538，禁止自动复用","70","ManualReview","LowConfidence","置信度低于 80，仅供人工核对。","False","False"
"13246","26","STARS-166","Z:\bcbcbcbc\ca-ES\data\已命名电影\STARS-166+制服+持续输出+高颜值.mp4","Preview","","","Z:\bcbcbcbc\ca-ES\LocalMediaManager\Previews\STARS-166\25.jpg","实体已登记到 MovieId 2538，禁止自动复用","70","ManualReview","LowConfidence","置信度低于 80，仅供人工核对。","False","False"
"13246","26","STARS-166","Z:\bcbcbcbc\ca-ES\data\已命名电影\STARS-166+制服+持续输出+高颜值.mp4","Preview","","","Z:\bcbcbcbc\ca-ES\LocalMediaManager\Previews\STARS-166\26.jpg","实体已登记到 MovieId 2538，禁止自动复用","70","ManualReview","LowConfidence","置信度低于 80，仅供人工核对。","False","False"
"13246","26","STARS-166","Z:\bcbcbcbc\ca-ES\data\已命名电影\STARS-166+制服+持续输出+高颜值.mp4","Preview","","","Z:\bcbcbcbc\ca-ES\LocalMediaManager\Previews\STARS-166\27.jpg","实体已登记到 MovieId 2538，禁止自动复用","70","ManualReview","LowConfidence","置信度低于 80，仅供人工核对。","False","False"
"13246","26","STARS-166","Z:\bcbcbcbc\ca-ES\data\已命名电影\STARS-166+制服+持续输出+高颜值.mp4","Preview","","","Z:\bcbcbcbc\ca-ES\LocalMediaManager\Previews\STARS-166\28.jpg","实体已登记到 MovieId 2538，禁止自动复用","70","ManualReview","LowConfidence","置信度低于 80，仅供人工核对。","False","False"
"13246","26","STARS-166","Z:\bcbcbcbc\ca-ES\data\已命名电影\STARS-166+制服+持续输出+高颜值.mp4","Preview","","","Z:\bcbcbcbc\ca-ES\LocalMediaManager\Previews\STARS-166\29.jpg","实体已登记到 MovieId 2538，禁止自动复用","70","ManualReview","LowConfidence","置信度低于 80，仅供人工核对。","False","False"
"13246","26","STARS-166","Z:\bcbcbcbc\ca-ES\data\已命名电影\STARS-166+制服+持续输出+高颜值.mp4","Preview","","","Z:\bcbcbcbc\ca-ES\LocalMediaManager\Previews\STARS-166\30.jpg","实体已登记到 MovieId 2538，禁止自动复用","70","ManualReview","LowConfidence","置信度低于 80，仅供人工核对。","False","False"
"13246","26","STARS-166","Z:\bcbcbcbc\ca-ES\data\已命名电影\STARS-166+制服+持续输出+高颜值.mp4","Preview","","","Z:\bcbcbcbc\ca-ES\LocalMediaManager\Previews\STARS-166\31.jpg","实体已登记到 MovieId 2538，禁止自动复用","70","ManualReview","LowConfidence","置信度低于 80，仅供人工核对。","False","False"
"13246","26","STARS-166","Z:\bcbcbcbc\ca-ES\data\已命名电影\STARS-166+制服+持续输出+高颜值.mp4","Preview","","","Z:\bcbcbcbc\ca-ES\LocalMediaManager\Previews\STARS-166\32.jpg","实体已登记到 MovieId 2538，禁止自动复用","70","ManualReview","LowConfidence","置信度低于 80，仅供人工核对。","False","False"
"13246","26","STARS-166","Z:\bcbcbcbc\ca-ES\data\已命名电影\STARS-166+制服+持续输出+高颜值.mp4","Preview","","","Z:\bcbcbcbc\ca-ES\LocalMediaManager\Previews\STARS-166\33.jpg","实体已登记到 MovieId 2538，禁止自动复用","70","ManualReview","LowConfidence","置信度低于 80，仅供人工核对。","False","False"
"13246","26","STARS-166","Z:\bcbcbcbc\ca-ES\data\已命名电影\STARS-166+制服+持续输出+高颜值.mp4","Preview","","","Z:\bcbcbcbc\ca-ES\LocalMediaManager\Previews\STARS-166\34.jpg","实体已登记到 MovieId 2538，禁止自动复用","70","ManualReview","LowConfidence","置信度低于 80，仅供人工核对。","False","False"
"13246","26","STARS-166","Z:\bcbcbcbc\ca-ES\data\已命名电影\STARS-166+制服+持续输出+高颜值.mp4","Preview","","","Z:\bcbcbcbc\ca-ES\LocalMediaManager\Previews\STARS-166\35.jpg","实体已登记到 MovieId 2538，禁止自动复用","70","ManualReview","LowConfidence","置信度低于 80，仅供人工核对。","False","False"
"13246","26","STARS-166","Z:\bcbcbcbc\ca-ES\data\已命名电影\STARS-166+制服+持续输出+高颜值.mp4","Preview","","","Z:\bcbcbcbc\ca-ES\LocalMediaManager\Previews\STARS-166\36.jpg","实体已登记到 MovieId 2538，禁止自动复用","70","ManualReview","LowConfidence","置信度低于 80，仅供人工核对。","False","False"
"13246","26","STARS-166","Z:\bcbcbcbc\ca-ES\data\已命名电影\STARS-166+制服+持续输出+高颜值.mp4","Preview","","","Z:\bcbcbcbc\ca-ES\LocalMediaManager\Previews\STARS-166\37.jpg","实体已登记到 MovieId 2538，禁止自动复用","70","ManualReview","LowConfidence","置信度低于 80，仅供人工核对。","False","False"
"13246","26","STARS-166","Z:\bcbcbcbc\ca-ES\data\已命名电影\STARS-166+制服+持续输出+高颜值.mp4","Preview","","","Z:\bcbcbcbc\ca-ES\LocalMediaManager\Previews\STARS-166\38.jpg","实体已登记到 MovieId 2538，禁止自动复用","70","ManualReview","LowConfidence","置信度低于 80，仅供人工核对。","False","False"
"13246","26","STARS-166","Z:\bcbcbcbc\ca-ES\data\已命名电影\STARS-166+制服+持续输出+高颜值.mp4","Preview","","","Z:\bcbcbcbc\ca-ES\LocalMediaManager\Previews\STARS-166\39.jpg","实体已登记到 MovieId 2538，禁止自动复用","70","ManualReview","LowConfidence","置信度低于 80，仅供人工核对。","False","False"
"13246","28","SHKD-989","Z:\bcbcbcbc\ca-ES\data\已命名电影\SHKD-989+五星+制服+娇小可爱清纯+高颜值.mp4","Preview","","","Z:\bcbcbcbc\ca-ES\LocalMediaManager\Previews\SHKD-989\SHKD-989_001.jpg","位于标准化番号同名资源目录","90","RegisterImage","Safe","唯一高置信度实体，可在确认后建立或修正关联。","True","False"
"13246","28","SHKD-989","Z:\bcbcbcbc\ca-ES\data\已命名电影\SHKD-989+五星+制服+娇小可爱清纯+高颜值.mp4","Preview","","","Z:\bcbcbcbc\ca-ES\LocalMediaManager\Previews\SHKD-989\SHKD-989_002.jpg","位于标准化番号同名资源目录","90","RegisterImage","Safe","唯一高置信度实体，可在确认后建立或修正关联。","True","False"
"13246","28","SHKD-989","Z:\bcbcbcbc\ca-ES\data\已命名电影\SHKD-989+五星+制服+娇小可爱清纯+高颜值.mp4","Preview","","","Z:\bcbcbcbc\ca-ES\LocalMediaManager\Previews\SHKD-989\SHKD-989_003.jpg","位于标准化番号同名资源目录","90","RegisterImage","Safe","唯一高置信度实体，可在确认后建立或修正关联。","True","False"
"13246","28","SHKD-989","Z:\bcbcbcbc\ca-ES\data\已命名电影\SHKD-989+五星+制服+娇小可爱清纯+高颜值.mp4","Preview","","","Z:\bcbcbcbc\ca-ES\LocalMediaManager\Previews\SHKD-989\SHKD-989_004.jpg","位于标准化番号同名资源目录","90","RegisterImage","Safe","唯一高置信度实体，可在确认后建立或修正关联。","True","False"
"13246","28","SHKD-989","Z:\bcbcbcbc\ca-ES\data\已命名电影\SHKD-989+五星+制服+娇小可爱清纯+高颜值.mp4","Preview","","","Z:\bcbcbcbc\ca-ES\LocalMediaManager\Previews\SHKD-989\SHKD-989_005.jpg","位于标准化番号同名资源目录","90","RegisterImage","Safe","唯一高置信度实体，可在确认后建立或修正关联。","True","False"
"13246","28","SHKD-989","Z:\bcbcbcbc\ca-ES\data\已命名电影\SHKD-989+五星+制服+娇小可爱清纯+高颜值.mp4","Preview","","","Z:\bcbcbcbc\ca-ES\LocalMediaManager\Previews\SHKD-989\SHKD-989_006.jpg","位于标准化番号同名资源目录","90","RegisterImage","Safe","唯一高置信度实体，可在确认后建立或修正关联。","True","False"
"13246","28","SHKD-989","Z:\bcbcbcbc\ca-ES\data\已命名电影\SHKD-989+五星+制服+娇小可爱清纯+高颜值.mp4","Preview","","","Z:\bcbcbcbc\ca-ES\LocalMediaManager\Previews\SHKD-989\SHKD-989_007.jpg","位于标准化番号同名资源目录","90","RegisterImage","Safe","唯一高置信度实体，可在确认后建立或修正关联。","True","False"
"13246","28","SHKD-989","Z:\bcbcbcbc\ca-ES\data\已命名电影\SHKD-989+五星+制服+娇小可爱清纯+高颜值.mp4","Preview","","","Z:\bcbcbcbc\ca-ES\LocalMediaManager\Previews\SHKD-989\SHKD-989_008.jpg","位于标准化番号同名资源目录","90","RegisterImage","Safe","唯一高置信度实体，可在确认后建立或修正关联。","True","False"
"13246","28","SHKD-989","Z:\bcbcbcbc\ca-ES\data\已命名电影\SHKD-989+五星+制服+娇小可爱清纯+高颜值.mp4","Preview","","","Z:\bcbcbcbc\ca-ES\LocalMediaManager\Previews\SHKD-989\SHKD-989_009.jpg","位于标准化番号同名资源目录","90","RegisterImage","Safe","唯一高置信度实体，可在确认后建立或修正关联。","True","False"
"13246","28","SHKD-989","Z:\bcbcbcbc\ca-ES\data\已命名电影\SHKD-989+五星+制服+娇小可爱清纯+高颜值.mp4","Preview","","","Z:\bcbcbcbc\ca-ES\LocalMediaManager\Previews\SHKD-989\SHKD-989_010.jpg","位于标准化番号同名资源目录","90","RegisterImage","Safe","唯一高置信度实体，可在确认后建立或修正关联。","True","False"
"13246","28","SHKD-989","Z:\bcbcbcbc\ca-ES\data\已命名电影\SHKD-989+五星+制服+娇小可爱清纯+高颜值.mp4","Preview","","","Z:\bcbcbcbc\ca-ES\LocalMediaManager\Previews\SHKD-989\SHKD-989_011.jpg","位于标准化番号同名资源目录","90","RegisterImage","Safe","唯一高置信度实体，可在确认后建立或修正关联。","True","False"
"13246","28","SHKD-989","Z:\bcbcbcbc\ca-ES\data\已命名电影\SHKD-989+五星+制服+娇小可爱清纯+高颜值.mp4","Preview","","","Z:\bcbcbcbc\ca-ES\LocalMediaManager\Previews\SHKD-989\SHKD-989_012.jpg","位于标准化番号同名资源目录","90","RegisterImage","Safe","唯一高置信度实体，可在确认后建立或修正关联。","True","False"
"13246","29","GVH-393","Z:\bcbcbcbc\ca-ES\data\已命名电影\GVH-393+四星+多人+骚.mp4","Preview","","","Z:\bcbcbcbc\ca-ES\LocalMediaManager\Previews\GVH-393\GVH-393_001.jpg","位于标准化番号同名资源目录","90","RegisterImage","Safe","唯一高置信度实体，可在确认后建立或修正关联。","True","False"
"13246","29","GVH-393","Z:\bcbcbcbc\ca-ES\data\已命名电影\GVH-393+四星+多人+骚.mp4","Preview","","","Z:\bcbcbcbc\ca-ES\LocalMediaManager\Previews\GVH-393\GVH-393_002.jpg","位于标准化番号同名资源目录","90","RegisterImage","Safe","唯一高置信度实体，可在确认后建立或修正关联。","True","False"
"13246","29","GVH-393","Z:\bcbcbcbc\ca-ES\data\已命名电影\GVH-393+四星+多人+骚.mp4","Preview","","","Z:\bcbcbcbc\ca-ES\LocalMediaManager\Previews\GVH-393\GVH-393_003.jpg","位于标准化番号同名资源目录","90","RegisterImage","Safe","唯一高置信度实体，可在确认后建立或修正关联。","True","False"
"13246","29","GVH-393","Z:\bcbcbcbc\ca-ES\data\已命名电影\GVH-393+四星+多人+骚.mp4","Preview","","","Z:\bcbcbcbc\ca-ES\LocalMediaManager\Previews\GVH-393\GVH-393_004.jpg","位于标准化番号同名资源目录","90","RegisterImage","Safe","唯一高置信度实体，可在确认后建立或修正关联。","True","False"
"13246","29","GVH-393","Z:\bcbcbcbc\ca-ES\data\已命名电影\GVH-393+四星+多人+骚.mp4","Preview","","","Z:\bcbcbcbc\ca-ES\LocalMediaManager\Previews\GVH-393\GVH-393_005.jpg","位于标准化番号同名资源目录","90","RegisterImage","Safe","唯一高置信度实体，可在确认后建立或修正关联。","True","False"
"13246","29","GVH-393","Z:\bcbcbcbc\ca-ES\data\已命名电影\GVH-393+四星+多人+骚.mp4","Preview","","","Z:\bcbcbcbc\ca-ES\LocalMediaManager\Previews\GVH-393\GVH-393_006.jpg","位于标准化番号同名资源目录","90","RegisterImage","Safe","唯一高置信度实体，可在确认后建立或修正关联。","True","False"
"13246","29","GVH-393","Z:\bcbcbcbc\ca-ES\data\已命名电影\GVH-393+四星+多人+骚.mp4","Preview","","","Z:\bcbcbcbc\ca-ES\LocalMediaManager\Previews\GVH-393\GVH-393_007.jpg","位于标准化番号同名资源目录","90","RegisterImage","Safe","唯一高置信度实体，可在确认后建立或修正关联。","True","False"
"13246","29","GVH-393","Z:\bcbcbcbc\ca-ES\data\已命名电影\GVH-393+四星+多人+骚.mp4","Preview","","","Z:\bcbcbcbc\ca-ES\LocalMediaManager\Previews\GVH-393\GVH-393_008.jpg","位于标准化番号同名资源目录","90","RegisterImage","Safe","唯一高置信度实体，可在确认后建立或修正关联。","True","False"
"13246","39","IPX-726","Z:\bcbcbcbc\ca-ES\data\已命名电影\IPX-726+bc+五星+娇小可爱清纯+高颜值.mp4","Preview","","","Z:\bcbcbcbc\ca-ES\LocalMediaManager\Previews\IPX-726\IPX-726_001.jpg","位于标准化番号同名资源目录","90","RegisterImage","Safe","唯一高置信度实体，可在确认后建立或修正关联。","True","False"
"13246","39","IPX-726","Z:\bcbcbcbc\ca-ES\data\已命名电影\IPX-726+bc+五星+娇小可爱清纯+高颜值.mp4","Preview","","","Z:\bcbcbcbc\ca-ES\LocalMediaManager\Previews\IPX-726\IPX-726_002.jpg","位于标准化番号同名资源目录","90","RegisterImage","Safe","唯一高置信度实体，可在确认后建立或修正关联。","True","False"
"13246","39","IPX-726","Z:\bcbcbcbc\ca-ES\data\已命名电影\IPX-726+bc+五星+娇小可爱清纯+高颜值.mp4","Preview","","","Z:\bcbcbcbc\ca-ES\LocalMediaManager\Previews\IPX-726\IPX-726_003.jpg","位于标准化番号同名资源目录","90","RegisterImage","Safe","唯一高置信度实体，可在确认后建立或修正关联。","True","False"
"13246","39","IPX-726","Z:\bcbcbcbc\ca-ES\data\已命名电影\IPX-726+bc+五星+娇小可爱清纯+高颜值.mp4","Preview","","","Z:\bcbcbcbc\ca-ES\LocalMediaManager\Previews\IPX-726\IPX-726_004.jpg","位于标准化番号同名资源目录","90","RegisterImage","Safe","唯一高置信度实体，可在确认后建立或修正关联。","True","False"
"13246","39","IPX-726","Z:\bcbcbcbc\ca-ES\data\已命名电影\IPX-726+bc+五星+娇小可爱清纯+高颜值.mp4","Preview","","","Z:\bcbcbcbc\ca-ES\LocalMediaManager\Previews\IPX-726\IPX-726_005.jpg","位于标准化番号同名资源目录","90","RegisterImage","Safe","唯一高置信度实体，可在确认后建立或修正关联。","True","False"
"13246","39","IPX-726","Z:\bcbcbcbc\ca-ES\data\已命名电影\IPX-726+bc+五星+娇小可爱清纯+高颜值.mp4","Preview","","","Z:\bcbcbcbc\ca-ES\LocalMediaManager\Previews\IPX-726\IPX-726_006.jpg","位于标准化番号同名资源目录","90","RegisterImage","Safe","唯一高置信度实体，可在确认后建立或修正关联。","True","False"
"13246","39","IPX-726","Z:\bcbcbcbc\ca-ES\data\已命名电影\IPX-726+bc+五星+娇小可爱清纯+高颜值.mp4","Preview","","","Z:\bcbcbcbc\ca-ES\LocalMediaManager\Previews\IPX-726\IPX-726_007.jpg","位于标准化番号同名资源目录","90","RegisterImage","Safe","唯一高置信度实体，可在确认后建立或修正关联。","True","False"
"13246","39","IPX-726","Z:\bcbcbcbc\ca-ES\data\已命名电影\IPX-726+bc+五星+娇小可爱清纯+高颜值.mp4","Preview","","","Z:\bcbcbcbc\ca-ES\LocalMediaManager\Previews\IPX-726\IPX-726_008.jpg","位于标准化番号同名资源目录","90","RegisterImage","Safe","唯一高置信度实体，可在确认后建立或修正关联。","True","False"
"13246","39","IPX-726","Z:\bcbcbcbc\ca-ES\data\已命名电影\IPX-726+bc+五星+娇小可爱清纯+高颜值.mp4","Preview","","","Z:\bcbcbcbc\ca-ES\LocalMediaManager\Previews\IPX-726\IPX-726_009.jpg","位于标准化番号同名资源目录","90","RegisterImage","Safe","唯一高置信度实体，可在确认后建立或修正关联。","True","False"
"13246","39","IPX-726","Z:\bcbcbcbc\ca-ES\data\已命名电影\IPX-726+bc+五星+娇小可爱清纯+高颜值.mp4","Preview","","","Z:\bcbcbcbc\ca-ES\LocalMediaManager\Previews\IPX-726\IPX-726_010.jpg","位于标准化番号同名资源目录","90","RegisterImage","Safe","唯一高置信度实体，可在确认后建立或修正关联。","True","False"
"13246","39","IPX-726","Z:\bcbcbcbc\ca-ES\data\已命名电影\IPX-726+bc+五星+娇小可爱清纯+高颜值.mp4","Preview","","","Z:\bcbcbcbc\ca-ES\LocalMediaManager\Previews\IPX-726\IPX-726_011.jpg","位于标准化番号同名资源目录","90","RegisterImage","Safe","唯一高置信度实体，可在确认后建立或修正关联。","True","False"
"13246","39","IPX-726","Z:\bcbcbcbc\ca-ES\data\已命名电影\IPX-726+bc+五星+娇小可爱清纯+高颜值.mp4","Preview","","","Z:\bcbcbcbc\ca-ES\LocalMediaManager\Previews\IPX-726\IPX-726_012.jpg","位于标准化番号同名资源目录","90","RegisterImage","Safe","唯一高置信度实体，可在确认后建立或修正关联。","True","False"
"13246","50","FSDSS-360","Z:\bcbcbcbc\ca-ES\data\已命名电影\FSDSS-360+五星+娇小可爱清纯+高颜值.mp4","Preview","","","Z:\bcbcbcbc\ca-ES\LocalMediaManager\Previews\FSDSS-360\01.jpg","实体已登记到 MovieId 2688，禁止自动复用","70","ManualReview","LowConfidence","置信度低于 80，仅供人工核对。","False","False"
"13246","50","FSDSS-360","Z:\bcbcbcbc\ca-ES\data\已命名电影\FSDSS-360+五星+娇小可爱清纯+高颜值.mp4","Preview","","","Z:\bcbcbcbc\ca-ES\LocalMediaManager\Previews\FSDSS-360\02.jpg","实体已登记到 MovieId 2688，禁止自动复用","70","ManualReview","LowConfidence","置信度低于 80，仅供人工核对。","False","False"
"13246","50","FSDSS-360","Z:\bcbcbcbc\ca-ES\data\已命名电影\FSDSS-360+五星+娇小可爱清纯+高颜值.mp4","Preview","","","Z:\bcbcbcbc\ca-ES\LocalMediaManager\Previews\FSDSS-360\03.jpg","实体已登记到 MovieId 2688，禁止自动复用","70","ManualReview","LowConfidence","置信度低于 80，仅供人工核对。","False","False"
"13246","50","FSDSS-360","Z:\bcbcbcbc\ca-ES\data\已命名电影\FSDSS-360+五星+娇小可爱清纯+高颜值.mp4","Preview","","","Z:\bcbcbcbc\ca-ES\LocalMediaManager\Previews\FSDSS-360\04.jpg","实体已登记到 MovieId 2688，禁止自动复用","70","ManualReview","LowConfidence","置信度低于 80，仅供人工核对。","False","False"
"13246","50","FSDSS-360","Z:\bcbcbcbc\ca-ES\data\已命名电影\FSDSS-360+五星+娇小可爱清纯+高颜值.mp4","Preview","","","Z:\bcbcbcbc\ca-ES\LocalMediaManager\Previews\FSDSS-360\05.jpg","实体已登记到 MovieId 2688，禁止自动复用","70","ManualReview","LowConfidence","置信度低于 80，仅供人工核对。","False","False"
"13246","50","FSDSS-360","Z:\bcbcbcbc\ca-ES\data\已命名电影\FSDSS-360+五星+娇小可爱清纯+高颜值.mp4","Preview","","","Z:\bcbcbcbc\ca-ES\LocalMediaManager\Previews\FSDSS-360\06.jpg","实体已登记到 MovieId 2688，禁止自动复用","70","ManualReview","LowConfidence","置信度低于 80，仅供人工核对。","False","False"
"13246","50","FSDSS-360","Z:\bcbcbcbc\ca-ES\data\已命名电影\FSDSS-360+五星+娇小可爱清纯+高颜值.mp4","Preview","","","Z:\bcbcbcbc\ca-ES\LocalMediaManager\Previews\FSDSS-360\07.jpg","实体已登记到 MovieId 2688，禁止自动复用","70","ManualReview","LowConfidence","置信度低于 80，仅供人工核对。","False","False"
"13246","50","FSDSS-360","Z:\bcbcbcbc\ca-ES\data\已命名电影\FSDSS-360+五星+娇小可爱清纯+高颜值.mp4","Preview","","","Z:\bcbcbcbc\ca-ES\LocalMediaManager\Previews\FSDSS-360\08.jpg","实体已登记到 MovieId 2688，禁止自动复用","70","ManualReview","LowConfidence","置信度低于 80，仅供人工核对。","False","False"
"13246","50","FSDSS-360","Z:\bcbcbcbc\ca-ES\data\已命名电影\FSDSS-360+五星+娇小可爱清纯+高颜值.mp4","Preview","","","Z:\bcbcbcbc\ca-ES\LocalMediaManager\Previews\FSDSS-360\09.jpg","实体已登记到 MovieId 2688，禁止自动复用","70","ManualReview","LowConfidence","置信度低于 80，仅供人工核对。","False","False"
"13246","50","FSDSS-360","Z:\bcbcbcbc\ca-ES\data\已命名电影\FSDSS-360+五星+娇小可爱清纯+高颜值.mp4","Preview","","","Z:\bcbcbcbc\ca-ES\LocalMediaManager\Previews\FSDSS-360\10.jpg","实体已登记到 MovieId 2688，禁止自动复用","70","ManualReview","LowConfidence","置信度低于 80，仅供人工核对。","False","False"
"13246","50","FSDSS-360","Z:\bcbcbcbc\ca-ES\data\已命名电影\FSDSS-360+五星+娇小可爱清纯+高颜值.mp4","Preview","","","Z:\bcbcbcbc\ca-ES\LocalMediaManager\Previews\FSDSS-360\11.jpg","实体已登记到 MovieId 2688，禁止自动复用","70","ManualReview","LowConfidence","置信度低于 80，仅供人工核对。","False","False"
"13246","50","FSDSS-360","Z:\bcbcbcbc\ca-ES\data\已命名电影\FSDSS-360+五星+娇小可爱清纯+高颜值.mp4","Preview","","","Z:\bcbcbcbc\ca-ES\LocalMediaManager\Previews\FSDSS-360\12.jpg","实体已登记到 MovieId 2688，禁止自动复用","70","ManualReview","LowConfidence","置信度低于 80，仅供人工核对。","False","False"
"13246","50","FSDSS-360","Z:\bcbcbcbc\ca-ES\data\已命名电影\FSDSS-360+五星+娇小可爱清纯+高颜值.mp4","Preview","","","Z:\bcbcbcbc\ca-ES\LocalMediaManager\Previews\FSDSS-360\13.jpg","实体已登记到 MovieId 2688，禁止自动复用","70","ManualReview","LowConfidence","置信度低于 80，仅供人工核对。","False","False"
"13246","50","FSDSS-360","Z:\bcbcbcbc\ca-ES\data\已命名电影\FSDSS-360+五星+娇小可爱清纯+高颜值.mp4","Preview","","","Z:\bcbcbcbc\ca-ES\LocalMediaManager\Previews\FSDSS-360\14.jpg","实体已登记到 MovieId 2688，禁止自动复用","70","ManualReview","LowConfidence","置信度低于 80，仅供人工核对。","False","False"
"13246","50","FSDSS-360","Z:\bcbcbcbc\ca-ES\data\已命名电影\FSDSS-360+五星+娇小可爱清纯+高颜值.mp4","Preview","","","Z:\bcbcbcbc\ca-ES\LocalMediaManager\Previews\FSDSS-360\15.jpg","实体已登记到 MovieId 2688，禁止自动复用","70","ManualReview","LowConfidence","置信度低于 80，仅供人工核对。","False","False"
"13246","50","FSDSS-360","Z:\bcbcbcbc\ca-ES\data\已命名电影\FSDSS-360+五星+娇小可爱清纯+高颜值.mp4","Preview","","","Z:\bcbcbcbc\ca-ES\LocalMediaManager\Previews\FSDSS-360\16.jpg","实体已登记到 MovieId 2688，禁止自动复用","70","ManualReview","LowConfidence","置信度低于 80，仅供人工核对。","False","False"
"13246","50","FSDSS-360","Z:\bcbcbcbc\ca-ES\data\已命名电影\FSDSS-360+五星+娇小可爱清纯+高颜值.mp4","Preview","","","Z:\bcbcbcbc\ca-ES\LocalMediaManager\Previews\FSDSS-360\17.jpg","实体已登记到 MovieId 2688，禁止自动复用","70","ManualReview","LowConfidence","置信度低于 80，仅供人工核对。","False","False"
"13246","50","FSDSS-360","Z:\bcbcbcbc\ca-ES\data\已命名电影\FSDSS-360+五星+娇小可爱清纯+高颜值.mp4","Preview","","","Z:\bcbcbcbc\ca-ES\LocalMediaManager\Previews\FSDSS-360\18.jpg","实体已登记到 MovieId 2688，禁止自动复用","70","ManualReview","LowConfidence","置信度低于 80，仅供人工核对。","False","False"
"13246","50","FSDSS-360","Z:\bcbcbcbc\ca-ES\data\已命名电影\FSDSS-360+五星+娇小可爱清纯+高颜值.mp4","Preview","","","Z:\bcbcbcbc\ca-ES\LocalMediaManager\Previews\FSDSS-360\19.jpg","实体已登记到 MovieId 2688，禁止自动复用","70","ManualReview","LowConfidence","置信度低于 80，仅供人工核对。","False","False"
"13246","50","FSDSS-360","Z:\bcbcbcbc\ca-ES\data\已命名电影\FSDSS-360+五星+娇小可爱清纯+高颜值.mp4","Preview","","","Z:\bcbcbcbc\ca-ES\LocalMediaManager\Previews\FSDSS-360\20.jpg","实体已登记到 MovieId 2688，禁止自动复用","70","ManualReview","LowConfidence","置信度低于 80，仅供人工核对。","False","False"
"13246","53","MDS-807","Z:\bcbcbcbc\ca-ES\data\已命名电影\MDS-807+四星+娇小可爱清纯.mkv","Preview","","","Z:\bcbcbcbc\ca-ES\LocalMediaManager\Previews\MDS-807\MDS-807_001.jpg","位于标准化番号同名资源目录","90","RegisterImage","Safe","唯一高置信度实体，可在确认后建立或修正关联。","True","False"
"13246","53","MDS-807","Z:\bcbcbcbc\ca-ES\data\已命名电影\MDS-807+四星+娇小可爱清纯.mkv","Preview","","","Z:\bcbcbcbc\ca-ES\LocalMediaManager\Previews\MDS-807\MDS-807_002.jpg","位于标准化番号同名资源目录","90","RegisterImage","Safe","唯一高置信度实体，可在确认后建立或修正关联。","True","False"
"13246","53","MDS-807","Z:\bcbcbcbc\ca-ES\data\已命名电影\MDS-807+四星+娇小可爱清纯.mkv","Preview","","","Z:\bcbcbcbc\ca-ES\LocalMediaManager\Previews\MDS-807\MDS-807_003.jpg","位于标准化番号同名资源目录","90","RegisterImage","Safe","唯一高置信度实体，可在确认后建立或修正关联。","True","False"
"13246","53","MDS-807","Z:\bcbcbcbc\ca-ES\data\已命名电影\MDS-807+四星+娇小可爱清纯.mkv","Preview","","","Z:\bcbcbcbc\ca-ES\LocalMediaManager\Previews\MDS-807\MDS-807_004.jpg","位于标准化番号同名资源目录","90","RegisterImage","Safe","唯一高置信度实体，可在确认后建立或修正关联。","True","False"
"13246","53","MDS-807","Z:\bcbcbcbc\ca-ES\data\已命名电影\MDS-807+四星+娇小可爱清纯.mkv","Preview","","","Z:\bcbcbcbc\ca-ES\LocalMediaManager\Previews\MDS-807\MDS-807_005.jpg","位于标准化番号同名资源目录","90","RegisterImage","Safe","唯一高置信度实体，可在确认后建立或修正关联。","True","False"
"13246","53","MDS-807","Z:\bcbcbcbc\ca-ES\data\已命名电影\MDS-807+四星+娇小可爱清纯.mkv","Preview","","","Z:\bcbcbcbc\ca-ES\LocalMediaManager\Previews\MDS-807\MDS-807_006.jpg","位于标准化番号同名资源目录","90","RegisterImage","Safe","唯一高置信度实体，可在确认后建立或修正关联。","True","False"
"13246","53","MDS-807","Z:\bcbcbcbc\ca-ES\data\已命名电影\MDS-807+四星+娇小可爱清纯.mkv","Preview","","","Z:\bcbcbcbc\ca-ES\LocalMediaManager\Previews\MDS-807\MDS-807_007.jpg","位于标准化番号同名资源目录","90","RegisterImage","Safe","唯一高置信度实体，可在确认后建立或修正关联。","True","False"
"13246","53","MDS-807","Z:\bcbcbcbc\ca-ES\data\已命名电影\MDS-807+四星+娇小可爱清纯.mkv","Preview","","","Z:\bcbcbcbc\ca-ES\LocalMediaManager\Previews\MDS-807\MDS-807_008.jpg","位于标准化番号同名资源目录","90","RegisterImage","Safe","唯一高置信度实体，可在确认后建立或修正关联。","True","False"
"13246","53","MDS-807","Z:\bcbcbcbc\ca-ES\data\已命名电影\MDS-807+四星+娇小可爱清纯.mkv","Preview","","","Z:\bcbcbcbc\ca-ES\LocalMediaManager\Previews\MDS-807\MDS-807_009.jpg","位于标准化番号同名资源目录","90","RegisterImage","Safe","唯一高置信度实体，可在确认后建立或修正关联。","True","False"
"13246","53","MDS-807","Z:\bcbcbcbc\ca-ES\data\已命名电影\MDS-807+四星+娇小可爱清纯.mkv","Preview","","","Z:\bcbcbcbc\ca-ES\LocalMediaManager\Previews\MDS-807\MDS-807_010.jpg","位于标准化番号同名资源目录","90","RegisterImage","Safe","唯一高置信度实体，可在确认后建立或修正关联。","True","False"
"13246","53","MDS-807","Z:\bcbcbcbc\ca-ES\data\已命名电影\MDS-807+四星+娇小可爱清纯.mkv","Preview","","","Z:\bcbcbcbc\ca-ES\LocalMediaManager\Previews\MDS-807\MDS-807_011.jpg","位于标准化番号同名资源目录","90","RegisterImage","Safe","唯一高置信度实体，可在确认后建立或修正关联。","True","False"
"13246","53","MDS-807","Z:\bcbcbcbc\ca-ES\data\已命名电影\MDS-807+四星+娇小可爱清纯.mkv","Preview","","","Z:\bcbcbcbc\ca-ES\LocalMediaManager\Previews\MDS-807\MDS-807_012.jpg","位于标准化番号同名资源目录","90","RegisterImage","Safe","唯一高置信度实体，可在确认后建立或修正关联。","True","False"
"13246","53","MDS-807","Z:\bcbcbcbc\ca-ES\data\已命名电影\MDS-807+四星+娇小可爱清纯.mkv","Preview","","","Z:\bcbcbcbc\ca-ES\LocalMediaManager\Previews\MDS-807\MDS-807_013.jpg","位于标准化番号同名资源目录","90","RegisterImage","Safe","唯一高置信度实体，可在确认后建立或修正关联。","True","False"
"13246","53","MDS-807","Z:\bcbcbcbc\ca-ES\data\已命名电影\MDS-807+四星+娇小可爱清纯.mkv","Preview","","","Z:\bcbcbcbc\ca-ES\LocalMediaManager\Previews\MDS-807\MDS-807_014.jpg","位于标准化番号同名资源目录","90","RegisterImage","Safe","唯一高置信度实体，可在确认后建立或修正关联。","True","False"
"13246","54","MRSS-114","Z:\bcbcbcbc\ca-ES\data\已命名电影\MRSS-114+五星+紧身裤+高颜值.mp4","Preview","","","Z:\bcbcbcbc\ca-ES\LocalMediaManager\Previews\MRSS-114\MRSS-114_001.jpg","位于标准化番号同名资源目录","90","RegisterImage","Safe","唯一高置信度实体，可在确认后建立或修正关联。","True","False"
"13246","54","MRSS-114","Z:\bcbcbcbc\ca-ES\data\已命名电影\MRSS-114+五星+紧身裤+高颜值.mp4","Preview","","","Z:\bcbcbcbc\ca-ES\LocalMediaManager\Previews\MRSS-114\MRSS-114_002.jpg","位于标准化番号同名资源目录","90","RegisterImage","Safe","唯一高置信度实体，可在确认后建立或修正关联。","True","False"
"13246","54","MRSS-114","Z:\bcbcbcbc\ca-ES\data\已命名电影\MRSS-114+五星+紧身裤+高颜值.mp4","Preview","","","Z:\bcbcbcbc\ca-ES\LocalMediaManager\Previews\MRSS-114\MRSS-114_003.jpg","位于标准化番号同名资源目录","90","RegisterImage","Safe","唯一高置信度实体，可在确认后建立或修正关联。","True","False"
"13246","54","MRSS-114","Z:\bcbcbcbc\ca-ES\data\已命名电影\MRSS-114+五星+紧身裤+高颜值.mp4","Preview","","","Z:\bcbcbcbc\ca-ES\LocalMediaManager\Previews\MRSS-114\MRSS-114_004.jpg","位于标准化番号同名资源目录","90","RegisterImage","Safe","唯一高置信度实体，可在确认后建立或修正关联。","True","False"
"13246","54","MRSS-114","Z:\bcbcbcbc\ca-ES\data\已命名电影\MRSS-114+五星+紧身裤+高颜值.mp4","Preview","","","Z:\bcbcbcbc\ca-ES\LocalMediaManager\Previews\MRSS-114\MRSS-114_005.jpg","位于标准化番号同名资源目录","90","RegisterImage","Safe","唯一高置信度实体，可在确认后建立或修正关联。","True","False"
"13246","54","MRSS-114","Z:\bcbcbcbc\ca-ES\data\已命名电影\MRSS-114+五星+紧身裤+高颜值.mp4","Preview","","","Z:\bcbcbcbc\ca-ES\LocalMediaManager\Previews\MRSS-114\MRSS-114_006.jpg","位于标准化番号同名资源目录","90","RegisterImage","Safe","唯一高置信度实体，可在确认后建立或修正关联。","True","False"
"13246","54","MRSS-114","Z:\bcbcbcbc\ca-ES\data\已命名电影\MRSS-114+五星+紧身裤+高颜值.mp4","Preview","","","Z:\bcbcbcbc\ca-ES\LocalMediaManager\Previews\MRSS-114\MRSS-114_007.jpg","位于标准化番号同名资源目录","90","RegisterImage","Safe","唯一高置信度实体，可在确认后建立或修正关联。","True","False"
"13246","54","MRSS-114","Z:\bcbcbcbc\ca-ES\data\已命名电影\MRSS-114+五星+紧身裤+高颜值.mp4","Preview","","","Z:\bcbcbcbc\ca-ES\LocalMediaManager\Previews\MRSS-114\MRSS-114_008.jpg","位于标准化番号同名资源目录","90","RegisterImage","Safe","唯一高置信度实体，可在确认后建立或修正关联。","True","False"
"13246","54","MRSS-114","Z:\bcbcbcbc\ca-ES\data\已命名电影\MRSS-114+五星+紧身裤+高颜值.mp4","Preview","","","Z:\bcbcbcbc\ca-ES\LocalMediaManager\Previews\MRSS-114\MRSS-114_009.jpg","位于标准化番号同名资源目录","90","RegisterImage","Safe","唯一高置信度实体，可在确认后建立或修正关联。","True","False"
"13246","54","MRSS-114","Z:\bcbcbcbc\ca-ES\data\已命名电影\MRSS-114+五星+紧身裤+高颜值.mp4","Preview","","","Z:\bcbcbcbc\ca-ES\LocalMediaManager\Previews\MRSS-114\MRSS-114_010.jpg","位于标准化番号同名资源目录","90","RegisterImage","Safe","唯一高置信度实体，可在确认后建立或修正关联。","True","False"
"13246","54","MRSS-114","Z:\bcbcbcbc\ca-ES\data\已命名电影\MRSS-114+五星+紧身裤+高颜值.mp4","Preview","","","Z:\bcbcbcbc\ca-ES\LocalMediaManager\Previews\MRSS-114\MRSS-114_011.jpg","位于标准化番号同名资源目录","90","RegisterImage","Safe","唯一高置信度实体，可在确认后建立或修正关联。","True","False"
"13246","54","MRSS-114","Z:\bcbcbcbc\ca-ES\data\已命名电影\MRSS-114+五星+紧身裤+高颜值.mp4","Preview","","","Z:\bcbcbcbc\ca-ES\LocalMediaManager\Previews\MRSS-114\MRSS-114_012.jpg","位于标准化番号同名资源目录","90","RegisterImage","Safe","唯一高置信度实体，可在确认后建立或修正关联。","True","False"
"13246","54","MRSS-114","Z:\bcbcbcbc\ca-ES\data\已命名电影\MRSS-114+五星+紧身裤+高颜值.mp4","Preview","","","Z:\bcbcbcbc\ca-ES\LocalMediaManager\Previews\MRSS-114\MRSS-114_013.jpg","位于标准化番号同名资源目录","90","RegisterImage","Safe","唯一高置信度实体，可在确认后建立或修正关联。","True","False"
"13246","54","MRSS-114","Z:\bcbcbcbc\ca-ES\data\已命名电影\MRSS-114+五星+紧身裤+高颜值.mp4","Preview","","","Z:\bcbcbcbc\ca-ES\LocalMediaManager\Previews\MRSS-114\MRSS-114_014.jpg","位于标准化番号同名资源目录","90","RegisterImage","Safe","唯一高置信度实体，可在确认后建立或修正关联。","True","False"
"13246","57","FSOG-015","Z:\bcbcbcbc\ca-ES\data\已命名电影\FSOG-015+五星+国产+好身材大长腿+娇小可爱清纯+白虎+高颜值.mp4","NFO","","","Z:\bcbcbcbc\ca-ES\LocalMediaManager\NFO\FSOG-015\FSOG-015.nfo","文件名与标准化番号完全一致","90","LinkNfo","Safe","唯一高置信度实体，可在确认后建立或修正关联。","True","False"
"13246","58","ABW-174","Z:\bcbcbcbc\ca-ES\data\已命名电影\ABW-174+四星.mp4","Preview","","","Z:\bcbcbcbc\ca-ES\LocalMediaManager\Previews\ABW-174\01.jpg","位于标准化番号同名资源目录","90","RegisterImage","Safe","唯一高置信度实体，可在确认后建立或修正关联。","True","False"
"13246","58","ABW-174","Z:\bcbcbcbc\ca-ES\data\已命名电影\ABW-174+四星.mp4","Preview","","","Z:\bcbcbcbc\ca-ES\LocalMediaManager\Previews\ABW-174\02.jpg","位于标准化番号同名资源目录","90","RegisterImage","Safe","唯一高置信度实体，可在确认后建立或修正关联。","True","False"
"13246","58","ABW-174","Z:\bcbcbcbc\ca-ES\data\已命名电影\ABW-174+四星.mp4","Preview","","","Z:\bcbcbcbc\ca-ES\LocalMediaManager\Previews\ABW-174\03.jpg","位于标准化番号同名资源目录","90","RegisterImage","Safe","唯一高置信度实体，可在确认后建立或修正关联。","True","False"
"13246","58","ABW-174","Z:\bcbcbcbc\ca-ES\data\已命名电影\ABW-174+四星.mp4","Preview","","","Z:\bcbcbcbc\ca-ES\LocalMediaManager\Previews\ABW-174\04.jpg","位于标准化番号同名资源目录","90","RegisterImage","Safe","唯一高置信度实体，可在确认后建立或修正关联。","True","False"
"13246","58","ABW-174","Z:\bcbcbcbc\ca-ES\data\已命名电影\ABW-174+四星.mp4","Preview","","","Z:\bcbcbcbc\ca-ES\LocalMediaManager\Previews\ABW-174\05.jpg","位于标准化番号同名资源目录","90","RegisterImage","Safe","唯一高置信度实体，可在确认后建立或修正关联。","True","False"
"13246","58","ABW-174","Z:\bcbcbcbc\ca-ES\data\已命名电影\ABW-174+四星.mp4","Preview","","","Z:\bcbcbcbc\ca-ES\LocalMediaManager\Previews\ABW-174\06.jpg","位于标准化番号同名资源目录","90","RegisterImage","Safe","唯一高置信度实体，可在确认后建立或修正关联。","True","False"
"13246","58","ABW-174","Z:\bcbcbcbc\ca-ES\data\已命名电影\ABW-174+四星.mp4","Preview","","","Z:\bcbcbcbc\ca-ES\LocalMediaManager\Previews\ABW-174\07.jpg","位于标准化番号同名资源目录","90","RegisterImage","Safe","唯一高置信度实体，可在确认后建立或修正关联。","True","False"
"13246","58","ABW-174","Z:\bcbcbcbc\ca-ES\data\已命名电影\ABW-174+四星.mp4","Preview","","","Z:\bcbcbcbc\ca-ES\LocalMediaManager\Previews\ABW-174\08.jpg","位于标准化番号同名资源目录","90","RegisterImage","Safe","唯一高置信度实体，可在确认后建立或修正关联。","True","False"
"13246","58","ABW-174","Z:\bcbcbcbc\ca-ES\data\已命名电影\ABW-174+四星.mp4","Preview","","","Z:\bcbcbcbc\ca-ES\LocalMediaManager\Previews\ABW-174\09.jpg","位于标准化番号同名资源目录","90","RegisterImage","Safe","唯一高置信度实体，可在确认后建立或修正关联。","True","False"
"13246","58","ABW-174","Z:\bcbcbcbc\ca-ES\data\已命名电影\ABW-174+四星.mp4","Preview","","","Z:\bcbcbcbc\ca-ES\LocalMediaManager\Previews\ABW-174\10.jpg","位于标准化番号同名资源目录","90","RegisterImage","Safe","唯一高置信度实体，可在确认后建立或修正关联。","True","False"
"13246","58","ABW-174","Z:\bcbcbcbc\ca-ES\data\已命名电影\ABW-174+四星.mp4","Preview","","","Z:\bcbcbcbc\ca-ES\LocalMediaManager\Previews\ABW-174\11.jpg","位于标准化番号同名资源目录","90","RegisterImage","Safe","唯一高置信度实体，可在确认后建立或修正关联。","True","False"
"13246","58","ABW-174","Z:\bcbcbcbc\ca-ES\data\已命名电影\ABW-174+四星.mp4","Preview","","","Z:\bcbcbcbc\ca-ES\LocalMediaManager\Previews\ABW-174\12.jpg","位于标准化番号同名资源目录","90","RegisterImage","Safe","唯一高置信度实体，可在确认后建立或修正关联。","True","False"
"13246","58","ABW-174","Z:\bcbcbcbc\ca-ES\data\已命名电影\ABW-174+四星.mp4","Preview","","","Z:\bcbcbcbc\ca-ES\LocalMediaManager\Previews\ABW-174\13.jpg","位于标准化番号同名资源目录","90","RegisterImage","Safe","唯一高置信度实体，可在确认后建立或修正关联。","True","False"
"13246","58","ABW-174","Z:\bcbcbcbc\ca-ES\data\已命名电影\ABW-174+四星.mp4","Preview","","","Z:\bcbcbcbc\ca-ES\LocalMediaManager\Previews\ABW-174\14.jpg","位于标准化番号同名资源目录","90","RegisterImage","Safe","唯一高置信度实体，可在确认后建立或修正关联。","True","False"
"13246","97","SIRO-3508","Z:\bcbcbcbc\ca-ES\data\已命名电影\SIRO-3508+高颜值.mp4","Poster","","","Z:\bcbcbcbc\ca-ES\LocalMediaManager\Covers\SIRO-3508.jpg","文件名与标准化番号完全一致","90","ManualReview","Conflict","存在多个高置信度候选，禁止自动选择。","False","False"
"13246","97","SIRO-3508","Z:\bcbcbcbc\ca-ES\data\已命名电影\SIRO-3508+高颜值.mp4","Poster","","","Z:\bcbcbcbc\ca-ES\LocalMediaManager\Covers\SIRO-3508\SIRO-3508.jpg","文件名与标准化番号完全一致","90","ManualReview","Conflict","存在多个高置信度候选，禁止自动选择。","False","False"
"13246","107","ABW-007","Z:\bcbcbcbc\ca-ES\data\已命名电影\ABW-007+五星+持续输出.mp4","Preview","","","Z:\bcbcbcbc\ca-ES\LocalMediaManager\Previews\ABW-007\ABW-007_001.jpg","位于标准化番号同名资源目录","90","RegisterImage","Safe","唯一高置信度实体，可在确认后建立或修正关联。","True","False"
"13246","107","ABW-007","Z:\bcbcbcbc\ca-ES\data\已命名电影\ABW-007+五星+持续输出.mp4","Preview","","","Z:\bcbcbcbc\ca-ES\LocalMediaManager\Previews\ABW-007\ABW-007_002.jpg","位于标准化番号同名资源目录","90","RegisterImage","Safe","唯一高置信度实体，可在确认后建立或修正关联。","True","False"
"13246","107","ABW-007","Z:\bcbcbcbc\ca-ES\data\已命名电影\ABW-007+五星+持续输出.mp4","Preview","","","Z:\bcbcbcbc\ca-ES\LocalMediaManager\Previews\ABW-007\ABW-007_003.jpg","位于标准化番号同名资源目录","90","RegisterImage","Safe","唯一高置信度实体，可在确认后建立或修正关联。","True","False"
"13246","107","ABW-007","Z:\bcbcbcbc\ca-ES\data\已命名电影\ABW-007+五星+持续输出.mp4","Preview","","","Z:\bcbcbcbc\ca-ES\LocalMediaManager\Previews\ABW-007\ABW-007_004.jpg","位于标准化番号同名资源目录","90","RegisterImage","Safe","唯一高置信度实体，可在确认后建立或修正关联。","True","False"
"13246","107","ABW-007","Z:\bcbcbcbc\ca-ES\data\已命名电影\ABW-007+五星+持续输出.mp4","Preview","","","Z:\bcbcbcbc\ca-ES\LocalMediaManager\Previews\ABW-007\ABW-007_005.jpg","位于标准化番号同名资源目录","90","RegisterImage","Safe","唯一高置信度实体，可在确认后建立或修正关联。","True","False"
"13246","107","ABW-007","Z:\bcbcbcbc\ca-ES\data\已命名电影\ABW-007+五星+持续输出.mp4","Preview","","","Z:\bcbcbcbc\ca-ES\LocalMediaManager\Previews\ABW-007\ABW-007_006.jpg","位于标准化番号同名资源目录","90","RegisterImage","Safe","唯一高置信度实体，可在确认后建立或修正关联。","True","False"
"13246","107","ABW-007","Z:\bcbcbcbc\ca-ES\data\已命名电影\ABW-007+五星+持续输出.mp4","Preview","","","Z:\bcbcbcbc\ca-ES\LocalMediaManager\Previews\ABW-007\ABW-007_007.jpg","位于标准化番号同名资源目录","90","RegisterImage","Safe","唯一高置信度实体，可在确认后建立或修正关联。","True","False"
"13246","112","MIMK-107","Z:\bcbcbcbc\ca-ES\data\已命名电影\MIMK-107+四星+高颜值+白桃はな.mp4","Preview","","","Z:\bcbcbcbc\ca-ES\LocalMediaManager\Previews\MIMK-107\01.jpg","实体已登记到 MovieId 4295，禁止自动复用","70","ManualReview","LowConfidence","置信度低于 80，仅供人工核对。","False","False"
"13246","112","MIMK-107","Z:\bcbcbcbc\ca-ES\data\已命名电影\MIMK-107+四星+高颜值+白桃はな.mp4","Preview","","","Z:\bcbcbcbc\ca-ES\LocalMediaManager\Previews\MIMK-107\02.jpg","实体已登记到 MovieId 4295，禁止自动复用","70","ManualReview","LowConfidence","置信度低于 80，仅供人工核对。","False","False"
"13246","112","MIMK-107","Z:\bcbcbcbc\ca-ES\data\已命名电影\MIMK-107+四星+高颜值+白桃はな.mp4","Preview","","","Z:\bcbcbcbc\ca-ES\LocalMediaManager\Previews\MIMK-107\03.jpg","实体已登记到 MovieId 4295，禁止自动复用","70","ManualReview","LowConfidence","置信度低于 80，仅供人工核对。","False","False"
"13246","112","MIMK-107","Z:\bcbcbcbc\ca-ES\data\已命名电影\MIMK-107+四星+高颜值+白桃はな.mp4","Preview","","","Z:\bcbcbcbc\ca-ES\LocalMediaManager\Previews\MIMK-107\04.jpg","实体已登记到 MovieId 4295，禁止自动复用","70","ManualReview","LowConfidence","置信度低于 80，仅供人工核对。","False","False"
"13246","112","MIMK-107","Z:\bcbcbcbc\ca-ES\data\已命名电影\MIMK-107+四星+高颜值+白桃はな.mp4","Preview","","","Z:\bcbcbcbc\ca-ES\LocalMediaManager\Previews\MIMK-107\05.jpg","实体已登记到 MovieId 4295，禁止自动复用","70","ManualReview","LowConfidence","置信度低于 80，仅供人工核对。","False","False"
"13246","112","MIMK-107","Z:\bcbcbcbc\ca-ES\data\已命名电影\MIMK-107+四星+高颜值+白桃はな.mp4","Preview","","","Z:\bcbcbcbc\ca-ES\LocalMediaManager\Previews\MIMK-107\06.jpg","实体已登记到 MovieId 4295，禁止自动复用","70","ManualReview","LowConfidence","置信度低于 80，仅供人工核对。","False","False"
"13246","112","MIMK-107","Z:\bcbcbcbc\ca-ES\data\已命名电影\MIMK-107+四星+高颜值+白桃はな.mp4","Preview","","","Z:\bcbcbcbc\ca-ES\LocalMediaManager\Previews\MIMK-107\07.jpg","实体已登记到 MovieId 4295，禁止自动复用","70","ManualReview","LowConfidence","置信度低于 80，仅供人工核对。","False","False"
"13246","112","MIMK-107","Z:\bcbcbcbc\ca-ES\data\已命名电影\MIMK-107+四星+高颜值+白桃はな.mp4","Preview","","","Z:\bcbcbcbc\ca-ES\LocalMediaManager\Previews\MIMK-107\08.jpg","实体已登记到 MovieId 4295，禁止自动复用","70","ManualReview","LowConfidence","置信度低于 80，仅供人工核对。","False","False"
"13246","112","MIMK-107","Z:\bcbcbcbc\ca-ES\data\已命名电影\MIMK-107+四星+高颜值+白桃はな.mp4","Preview","","","Z:\bcbcbcbc\ca-ES\LocalMediaManager\Previews\MIMK-107\09.jpg","实体已登记到 MovieId 4295，禁止自动复用","70","ManualReview","LowConfidence","置信度低于 80，仅供人工核对。","False","False"
"13246","112","MIMK-107","Z:\bcbcbcbc\ca-ES\data\已命名电影\MIMK-107+四星+高颜值+白桃はな.mp4","Preview","","","Z:\bcbcbcbc\ca-ES\LocalMediaManager\Previews\MIMK-107\10.jpg","实体已登记到 MovieId 4295，禁止自动复用","70","ManualReview","LowConfidence","置信度低于 80，仅供人工核对。","False","False"
"13246","112","MIMK-107","Z:\bcbcbcbc\ca-ES\data\已命名电影\MIMK-107+四星+高颜值+白桃はな.mp4","Preview","","","Z:\bcbcbcbc\ca-ES\LocalMediaManager\Previews\MIMK-107\11.jpg","实体已登记到 MovieId 4295，禁止自动复用","70","ManualReview","LowConfidence","置信度低于 80，仅供人工核对。","False","False"
"13246","112","MIMK-107","Z:\bcbcbcbc\ca-ES\data\已命名电影\MIMK-107+四星+高颜值+白桃はな.mp4","Preview","","","Z:\bcbcbcbc\ca-ES\LocalMediaManager\Previews\MIMK-107\12.jpg","实体已登记到 MovieId 4295，禁止自动复用","70","ManualReview","LowConfidence","置信度低于 80，仅供人工核对。","False","False"
"13246","112","MIMK-107","Z:\bcbcbcbc\ca-ES\data\已命名电影\MIMK-107+四星+高颜值+白桃はな.mp4","Preview","","","Z:\bcbcbcbc\ca-ES\LocalMediaManager\Previews\MIMK-107\13.jpg","实体已登记到 MovieId 4295，禁止自动复用","70","ManualReview","LowConfidence","置信度低于 80，仅供人工核对。","False","False"
"13246","112","MIMK-107","Z:\bcbcbcbc\ca-ES\data\已命名电影\MIMK-107+四星+高颜值+白桃はな.mp4","Preview","","","Z:\bcbcbcbc\ca-ES\LocalMediaManager\Previews\MIMK-107\14.jpg","实体已登记到 MovieId 4295，禁止自动复用","70","ManualReview","LowConfidence","置信度低于 80，仅供人工核对。","False","False"
"13246","112","MIMK-107","Z:\bcbcbcbc\ca-ES\data\已命名电影\MIMK-107+四星+高颜值+白桃はな.mp4","Preview","","","Z:\bcbcbcbc\ca-ES\LocalMediaManager\Previews\MIMK-107\15.jpg","实体已登记到 MovieId 4295，禁止自动复用","70","ManualReview","LowConfidence","置信度低于 80，仅供人工核对。","False","False"
"13246","112","MIMK-107","Z:\bcbcbcbc\ca-ES\data\已命名电影\MIMK-107+四星+高颜值+白桃はな.mp4","Preview","","","Z:\bcbcbcbc\ca-ES\LocalMediaManager\Previews\MIMK-107\16.jpg","实体已登记到 MovieId 4295，禁止自动复用","70","ManualReview","LowConfidence","置信度低于 80，仅供人工核对。","False","False"
"13246","112","MIMK-107","Z:\bcbcbcbc\ca-ES\data\已命名电影\MIMK-107+四星+高颜值+白桃はな.mp4","Preview","","","Z:\bcbcbcbc\ca-ES\LocalMediaManager\Previews\MIMK-107\17.jpg","实体已登记到 MovieId 4295，禁止自动复用","70","ManualReview","LowConfidence","置信度低于 80，仅供人工核对。","False","False"
"13246","112","MIMK-107","Z:\bcbcbcbc\ca-ES\data\已命名电影\MIMK-107+四星+高颜值+白桃はな.mp4","Preview","","","Z:\bcbcbcbc\ca-ES\LocalMediaManager\Previews\MIMK-107\18.jpg","实体已登记到 MovieId 4295，禁止自动复用","70","ManualReview","LowConfidence","置信度低于 80，仅供人工核对。","False","False"
"13246","112","MIMK-107","Z:\bcbcbcbc\ca-ES\data\已命名电影\MIMK-107+四星+高颜值+白桃はな.mp4","Preview","","","Z:\bcbcbcbc\ca-ES\LocalMediaManager\Previews\MIMK-107\19.jpg","实体已登记到 MovieId 4295，禁止自动复用","70","ManualReview","LowConfidence","置信度低于 80，仅供人工核对。","False","False"
"13246","112","MIMK-107","Z:\bcbcbcbc\ca-ES\data\已命名电影\MIMK-107+四星+高颜值+白桃はな.mp4","Preview","","","Z:\bcbcbcbc\ca-ES\LocalMediaManager\Previews\MIMK-107\20.jpg","实体已登记到 MovieId 4295，禁止自动复用","70","ManualReview","LowConfidence","置信度低于 80，仅供人工核对。","False","False"
"13246","112","MIMK-107","Z:\bcbcbcbc\ca-ES\data\已命名电影\MIMK-107+四星+高颜值+白桃はな.mp4","Screenshot","","","Z:\bcbcbcbc\ca-ES\LocalMediaManager\Screenshots\MIMK-107\01.jpg","实体已登记到 MovieId 4295，禁止自动复用","70","ManualReview","LowConfidence","置信度低于 80，仅供人工核对。","False","False"
"13246","112","MIMK-107","Z:\bcbcbcbc\ca-ES\data\已命名电影\MIMK-107+四星+高颜值+白桃はな.mp4","Screenshot","","","Z:\bcbcbcbc\ca-ES\LocalMediaManager\Screenshots\MIMK-107\02.jpg","实体已登记到 MovieId 4295，禁止自动复用","70","ManualReview","LowConfidence","置信度低于 80，仅供人工核对。","False","False"
"13246","112","MIMK-107","Z:\bcbcbcbc\ca-ES\data\已命名电影\MIMK-107+四星+高颜值+白桃はな.mp4","Screenshot","","","Z:\bcbcbcbc\ca-ES\LocalMediaManager\Screenshots\MIMK-107\03.jpg","实体已登记到 MovieId 4295，禁止自动复用","70","ManualReview","LowConfidence","置信度低于 80，仅供人工核对。","False","False"
"13246","112","MIMK-107","Z:\bcbcbcbc\ca-ES\data\已命名电影\MIMK-107+四星+高颜值+白桃はな.mp4","Screenshot","","","Z:\bcbcbcbc\ca-ES\LocalMediaManager\Screenshots\MIMK-107\04.jpg","实体已登记到 MovieId 4295，禁止自动复用","70","ManualReview","LowConfidence","置信度低于 80，仅供人工核对。","False","False"
"13246","112","MIMK-107","Z:\bcbcbcbc\ca-ES\data\已命名电影\MIMK-107+四星+高颜值+白桃はな.mp4","Screenshot","","","Z:\bcbcbcbc\ca-ES\LocalMediaManager\Screenshots\MIMK-107\05.jpg","实体已登记到 MovieId 4295，禁止自动复用","70","ManualReview","LowConfidence","置信度低于 80，仅供人工核对。","False","False"
"13246","112","MIMK-107","Z:\bcbcbcbc\ca-ES\data\已命名电影\MIMK-107+四星+高颜值+白桃はな.mp4","Screenshot","","","Z:\bcbcbcbc\ca-ES\LocalMediaManager\Screenshots\MIMK-107\07.jpg","实体已登记到 MovieId 4295，禁止自动复用","70","ManualReview","LowConfidence","置信度低于 80，仅供人工核对。","False","False"
"13246","112","MIMK-107","Z:\bcbcbcbc\ca-ES\data\已命名电影\MIMK-107+四星+高颜值+白桃はな.mp4","Screenshot","","","Z:\bcbcbcbc\ca-ES\LocalMediaManager\Screenshots\MIMK-107\11.jpg","实体已登记到 MovieId 4295，禁止自动复用","70","ManualReview","LowConfidence","置信度低于 80，仅供人工核对。","False","False"
"13246","112","MIMK-107","Z:\bcbcbcbc\ca-ES\data\已命名电影\MIMK-107+四星+高颜值+白桃はな.mp4","Screenshot","","","Z:\bcbcbcbc\ca-ES\LocalMediaManager\Screenshots\MIMK-107\12.jpg","实体已登记到 MovieId 4295，禁止自动复用","70","ManualReview","LowConfidence","置信度低于 80，仅供人工核对。","False","False"
"13246","129","MIDE-618","Z:\bcbcbcbc\ca-ES\data\已命名电影\MIDE-618+五星+娇小可爱清纯+持续输出+高颜值.mp4","Preview","","","Z:\bcbcbcbc\ca-ES\LocalMediaManager\Previews\MIDE-618\MIDE-618_001.jpg","位于标准化番号同名资源目录","90","RegisterImage","Safe","唯一高置信度实体，可在确认后建立或修正关联。","True","False"
"13246","129","MIDE-618","Z:\bcbcbcbc\ca-ES\data\已命名电影\MIDE-618+五星+娇小可爱清纯+持续输出+高颜值.mp4","Preview","","","Z:\bcbcbcbc\ca-ES\LocalMediaManager\Previews\MIDE-618\MIDE-618_002.jpg","位于标准化番号同名资源目录","90","RegisterImage","Safe","唯一高置信度实体，可在确认后建立或修正关联。","True","False"
"13246","129","MIDE-618","Z:\bcbcbcbc\ca-ES\data\已命名电影\MIDE-618+五星+娇小可爱清纯+持续输出+高颜值.mp4","Preview","","","Z:\bcbcbcbc\ca-ES\LocalMediaManager\Previews\MIDE-618\MIDE-618_003.jpg","位于标准化番号同名资源目录","90","RegisterImage","Safe","唯一高置信度实体，可在确认后建立或修正关联。","True","False"
"13246","129","MIDE-618","Z:\bcbcbcbc\ca-ES\data\已命名电影\MIDE-618+五星+娇小可爱清纯+持续输出+高颜值.mp4","Preview","","","Z:\bcbcbcbc\ca-ES\LocalMediaManager\Previews\MIDE-618\MIDE-618_004.jpg","位于标准化番号同名资源目录","90","RegisterImage","Safe","唯一高置信度实体，可在确认后建立或修正关联。","True","False"
"13246","129","MIDE-618","Z:\bcbcbcbc\ca-ES\data\已命名电影\MIDE-618+五星+娇小可爱清纯+持续输出+高颜值.mp4","Preview","","","Z:\bcbcbcbc\ca-ES\LocalMediaManager\Previews\MIDE-618\MIDE-618_005.jpg","位于标准化番号同名资源目录","90","RegisterImage","Safe","唯一高置信度实体，可在确认后建立或修正关联。","True","False"
"13246","129","MIDE-618","Z:\bcbcbcbc\ca-ES\data\已命名电影\MIDE-618+五星+娇小可爱清纯+持续输出+高颜值.mp4","Preview","","","Z:\bcbcbcbc\ca-ES\LocalMediaManager\Previews\MIDE-618\MIDE-618_006.jpg","位于标准化番号同名资源目录","90","RegisterImage","Safe","唯一高置信度实体，可在确认后建立或修正关联。","True","False"
"13246","129","MIDE-618","Z:\bcbcbcbc\ca-ES\data\已命名电影\MIDE-618+五星+娇小可爱清纯+持续输出+高颜值.mp4","Preview","","","Z:\bcbcbcbc\ca-ES\LocalMediaManager\Previews\MIDE-618\MIDE-618_007.jpg","位于标准化番号同名资源目录","90","RegisterImage","Safe","唯一高置信度实体，可在确认后建立或修正关联。","True","False"
"13246","129","MIDE-618","Z:\bcbcbcbc\ca-ES\data\已命名电影\MIDE-618+五星+娇小可爱清纯+持续输出+高颜值.mp4","Preview","","","Z:\bcbcbcbc\ca-ES\LocalMediaManager\Previews\MIDE-618\MIDE-618_008.jpg","位于标准化番号同名资源目录","90","RegisterImage","Safe","唯一高置信度实体，可在确认后建立或修正关联。","True","False"
"13246","129","MIDE-618","Z:\bcbcbcbc\ca-ES\data\已命名电影\MIDE-618+五星+娇小可爱清纯+持续输出+高颜值.mp4","Preview","","","Z:\bcbcbcbc\ca-ES\LocalMediaManager\Previews\MIDE-618\MIDE-618_009.jpg","位于标准化番号同名资源目录","90","RegisterImage","Safe","唯一高置信度实体，可在确认后建立或修正关联。","True","False"
"13246","129","MIDE-618","Z:\bcbcbcbc\ca-ES\data\已命名电影\MIDE-618+五星+娇小可爱清纯+持续输出+高颜值.mp4","Preview","","","Z:\bcbcbcbc\ca-ES\LocalMediaManager\Previews\MIDE-618\MIDE-618_010.jpg","位于标准化番号同名资源目录","90","RegisterImage","Safe","唯一高置信度实体，可在确认后建立或修正关联。","True","False"
"13246","136","SHKD-724","Z:\bcbcbcbc\ca-ES\data\已命名电影\SHKD-724+三星+制服.mp4","Preview","","","Z:\bcbcbcbc\ca-ES\LocalMediaManager\Previews\SHKD-724\01.jpg","实体已登记到 MovieId 2524，禁止自动复用","70","ManualReview","LowConfidence","置信度低于 80，仅供人工核对。","False","False"
"13246","136","SHKD-724","Z:\bcbcbcbc\ca-ES\data\已命名电影\SHKD-724+三星+制服.mp4","Preview","","","Z:\bcbcbcbc\ca-ES\LocalMediaManager\Previews\SHKD-724\02.jpg","实体已登记到 MovieId 2524，禁止自动复用","70","ManualReview","LowConfidence","置信度低于 80，仅供人工核对。","False","False"
"13246","136","SHKD-724","Z:\bcbcbcbc\ca-ES\data\已命名电影\SHKD-724+三星+制服.mp4","Preview","","","Z:\bcbcbcbc\ca-ES\LocalMediaManager\Previews\SHKD-724\03.jpg","实体已登记到 MovieId 2524，禁止自动复用","70","ManualReview","LowConfidence","置信度低于 80，仅供人工核对。","False","False"
"13246","136","SHKD-724","Z:\bcbcbcbc\ca-ES\data\已命名电影\SHKD-724+三星+制服.mp4","Preview","","","Z:\bcbcbcbc\ca-ES\LocalMediaManager\Previews\SHKD-724\04.jpg","实体已登记到 MovieId 2524，禁止自动复用","70","ManualReview","LowConfidence","置信度低于 80，仅供人工核对。","False","False"
"13246","136","SHKD-724","Z:\bcbcbcbc\ca-ES\data\已命名电影\SHKD-724+三星+制服.mp4","Preview","","","Z:\bcbcbcbc\ca-ES\LocalMediaManager\Previews\SHKD-724\05.jpg","实体已登记到 MovieId 2524，禁止自动复用","70","ManualReview","LowConfidence","置信度低于 80，仅供人工核对。","False","False"
"13246","136","SHKD-724","Z:\bcbcbcbc\ca-ES\data\已命名电影\SHKD-724+三星+制服.mp4","Preview","","","Z:\bcbcbcbc\ca-ES\LocalMediaManager\Previews\SHKD-724\06.jpg","实体已登记到 MovieId 2524，禁止自动复用","70","ManualReview","LowConfidence","置信度低于 80，仅供人工核对。","False","False"
"13246","136","SHKD-724","Z:\bcbcbcbc\ca-ES\data\已命名电影\SHKD-724+三星+制服.mp4","Preview","","","Z:\bcbcbcbc\ca-ES\LocalMediaManager\Previews\SHKD-724\07.jpg","实体已登记到 MovieId 2524，禁止自动复用","70","ManualReview","LowConfidence","置信度低于 80，仅供人工核对。","False","False"
"13246","136","SHKD-724","Z:\bcbcbcbc\ca-ES\data\已命名电影\SHKD-724+三星+制服.mp4","Preview","","","Z:\bcbcbcbc\ca-ES\LocalMediaManager\Previews\SHKD-724\08.jpg","实体已登记到 MovieId 2524，禁止自动复用","70","ManualReview","LowConfidence","置信度低于 80，仅供人工核对。","False","False"
"13246","136","SHKD-724","Z:\bcbcbcbc\ca-ES\data\已命名电影\SHKD-724+三星+制服.mp4","Preview","","","Z:\bcbcbcbc\ca-ES\LocalMediaManager\Previews\SHKD-724\09.jpg","实体已登记到 MovieId 2524，禁止自动复用","70","ManualReview","LowConfidence","置信度低于 80，仅供人工核对。","False","False"
"13246","136","SHKD-724","Z:\bcbcbcbc\ca-ES\data\已命名电影\SHKD-724+三星+制服.mp4","Preview","","","Z:\bcbcbcbc\ca-ES\LocalMediaManager\Previews\SHKD-724\10.jpg","实体已登记到 MovieId 2524，禁止自动复用","70","ManualReview","LowConfidence","置信度低于 80，仅供人工核对。","False","False"
"13246","136","SHKD-724","Z:\bcbcbcbc\ca-ES\data\已命名电影\SHKD-724+三星+制服.mp4","Preview","","","Z:\bcbcbcbc\ca-ES\LocalMediaManager\Previews\SHKD-724\11.jpg","实体已登记到 MovieId 2524，禁止自动复用","70","ManualReview","LowConfidence","置信度低于 80，仅供人工核对。","False","False"
"13246","136","SHKD-724","Z:\bcbcbcbc\ca-ES\data\已命名电影\SHKD-724+三星+制服.mp4","Preview","","","Z:\bcbcbcbc\ca-ES\LocalMediaManager\Previews\SHKD-724\12.jpg","实体已登记到 MovieId 2524，禁止自动复用","70","ManualReview","LowConfidence","置信度低于 80，仅供人工核对。","False","False"
"13246","143","ABW-136","Z:\bcbcbcbc\ca-ES\data\已命名电影\ABW-136+0+四星+娇小可爱清纯.mp4","Preview","","","Z:\bcbcbcbc\ca-ES\LocalMediaManager\Previews\ABW-136\01.jpg","位于标准化番号同名资源目录","90","RegisterImage","Safe","唯一高置信度实体，可在确认后建立或修正关联。","True","False"
"13246","143","ABW-136","Z:\bcbcbcbc\ca-ES\data\已命名电影\ABW-136+0+四星+娇小可爱清纯.mp4","Preview","","","Z:\bcbcbcbc\ca-ES\LocalMediaManager\Previews\ABW-136\02.jpg","位于标准化番号同名资源目录","90","RegisterImage","Safe","唯一高置信度实体，可在确认后建立或修正关联。","True","False"
"13246","143","ABW-136","Z:\bcbcbcbc\ca-ES\data\已命名电影\ABW-136+0+四星+娇小可爱清纯.mp4","Preview","","","Z:\bcbcbcbc\ca-ES\LocalMediaManager\Previews\ABW-136\03.jpg","位于标准化番号同名资源目录","90","RegisterImage","Safe","唯一高置信度实体，可在确认后建立或修正关联。","True","False"
"13246","143","ABW-136","Z:\bcbcbcbc\ca-ES\data\已命名电影\ABW-136+0+四星+娇小可爱清纯.mp4","Preview","","","Z:\bcbcbcbc\ca-ES\LocalMediaManager\Previews\ABW-136\04.jpg","位于标准化番号同名资源目录","90","RegisterImage","Safe","唯一高置信度实体，可在确认后建立或修正关联。","True","False"
"13246","143","ABW-136","Z:\bcbcbcbc\ca-ES\data\已命名电影\ABW-136+0+四星+娇小可爱清纯.mp4","Preview","","","Z:\bcbcbcbc\ca-ES\LocalMediaManager\Previews\ABW-136\05.jpg","位于标准化番号同名资源目录","90","RegisterImage","Safe","唯一高置信度实体，可在确认后建立或修正关联。","True","False"
"13246","143","ABW-136","Z:\bcbcbcbc\ca-ES\data\已命名电影\ABW-136+0+四星+娇小可爱清纯.mp4","Preview","","","Z:\bcbcbcbc\ca-ES\LocalMediaManager\Previews\ABW-136\06.jpg","位于标准化番号同名资源目录","90","RegisterImage","Safe","唯一高置信度实体，可在确认后建立或修正关联。","True","False"
"13246","143","ABW-136","Z:\bcbcbcbc\ca-ES\data\已命名电影\ABW-136+0+四星+娇小可爱清纯.mp4","Preview","","","Z:\bcbcbcbc\ca-ES\LocalMediaManager\Previews\ABW-136\07.jpg","位于标准化番号同名资源目录","90","RegisterImage","Safe","唯一高置信度实体，可在确认后建立或修正关联。","True","False"
"13246","143","ABW-136","Z:\bcbcbcbc\ca-ES\data\已命名电影\ABW-136+0+四星+娇小可爱清纯.mp4","Preview","","","Z:\bcbcbcbc\ca-ES\LocalMediaManager\Previews\ABW-136\08.jpg","位于标准化番号同名资源目录","90","RegisterImage","Safe","唯一高置信度实体，可在确认后建立或修正关联。","True","False"
"13246","143","ABW-136","Z:\bcbcbcbc\ca-ES\data\已命名电影\ABW-136+0+四星+娇小可爱清纯.mp4","Preview","","","Z:\bcbcbcbc\ca-ES\LocalMediaManager\Previews\ABW-136\09.jpg","位于标准化番号同名资源目录","90","RegisterImage","Safe","唯一高置信度实体，可在确认后建立或修正关联。","True","False"
"13246","143","ABW-136","Z:\bcbcbcbc\ca-ES\data\已命名电影\ABW-136+0+四星+娇小可爱清纯.mp4","Preview","","","Z:\bcbcbcbc\ca-ES\LocalMediaManager\Previews\ABW-136\10.jpg","位于标准化番号同名资源目录","90","RegisterImage","Safe","唯一高置信度实体，可在确认后建立或修正关联。","True","False"
"13246","143","ABW-136","Z:\bcbcbcbc\ca-ES\data\已命名电影\ABW-136+0+四星+娇小可爱清纯.mp4","Preview","","","Z:\bcbcbcbc\ca-ES\LocalMediaManager\Previews\ABW-136\11.jpg","位于标准化番号同名资源目录","90","RegisterImage","Safe","唯一高置信度实体，可在确认后建立或修正关联。","True","False"
"13246","147","OFJE-329","Z:\bcbcbcbc\ca-ES\data\已命名电影\OFJE-329+五星+娇小可爱清纯+爆操+高颜值.mp4","Preview","","","Z:\bcbcbcbc\ca-ES\LocalMediaManager\Previews\OFJE-329\OFJE-329_001.jpg","位于标准化番号同名资源目录","90","RegisterImage","Safe","唯一高置信度实体，可在确认后建立或修正关联。","True","False"
"13246","147","OFJE-329","Z:\bcbcbcbc\ca-ES\data\已命名电影\OFJE-329+五星+娇小可爱清纯+爆操+高颜值.mp4","Preview","","","Z:\bcbcbcbc\ca-ES\LocalMediaManager\Previews\OFJE-329\OFJE-329_002.jpg","位于标准化番号同名资源目录","90","RegisterImage","Safe","唯一高置信度实体，可在确认后建立或修正关联。","True","False"
"13246","147","OFJE-329","Z:\bcbcbcbc\ca-ES\data\已命名电影\OFJE-329+五星+娇小可爱清纯+爆操+高颜值.mp4","Preview","","","Z:\bcbcbcbc\ca-ES\LocalMediaManager\Previews\OFJE-329\OFJE-329_003.jpg","位于标准化番号同名资源目录","90","RegisterImage","Safe","唯一高置信度实体，可在确认后建立或修正关联。","True","False"
"13246","147","OFJE-329","Z:\bcbcbcbc\ca-ES\data\已命名电影\OFJE-329+五星+娇小可爱清纯+爆操+高颜值.mp4","Preview","","","Z:\bcbcbcbc\ca-ES\LocalMediaManager\Previews\OFJE-329\OFJE-329_004.jpg","位于标准化番号同名资源目录","90","RegisterImage","Safe","唯一高置信度实体，可在确认后建立或修正关联。","True","False"
"13246","147","OFJE-329","Z:\bcbcbcbc\ca-ES\data\已命名电影\OFJE-329+五星+娇小可爱清纯+爆操+高颜值.mp4","Preview","","","Z:\bcbcbcbc\ca-ES\LocalMediaManager\Previews\OFJE-329\OFJE-329_005.jpg","位于标准化番号同名资源目录","90","RegisterImage","Safe","唯一高置信度实体，可在确认后建立或修正关联。","True","False"
"13246","147","OFJE-329","Z:\bcbcbcbc\ca-ES\data\已命名电影\OFJE-329+五星+娇小可爱清纯+爆操+高颜值.mp4","Preview","","","Z:\bcbcbcbc\ca-ES\LocalMediaManager\Previews\OFJE-329\OFJE-329_006.jpg","位于标准化番号同名资源目录","90","RegisterImage","Safe","唯一高置信度实体，可在确认后建立或修正关联。","True","False"
"13246","147","OFJE-329","Z:\bcbcbcbc\ca-ES\data\已命名电影\OFJE-329+五星+娇小可爱清纯+爆操+高颜值.mp4","Preview","","","Z:\bcbcbcbc\ca-ES\LocalMediaManager\Previews\OFJE-329\OFJE-329_007.jpg","位于标准化番号同名资源目录","90","RegisterImage","Safe","唯一高置信度实体，可在确认后建立或修正关联。","True","False"
"13246","147","OFJE-329","Z:\bcbcbcbc\ca-ES\data\已命名电影\OFJE-329+五星+娇小可爱清纯+爆操+高颜值.mp4","Preview","","","Z:\bcbcbcbc\ca-ES\LocalMediaManager\Previews\OFJE-329\OFJE-329_008.jpg","位于标准化番号同名资源目录","90","RegisterImage","Safe","唯一高置信度实体，可在确认后建立或修正关联。","True","False"
"13246","147","OFJE-329","Z:\bcbcbcbc\ca-ES\data\已命名电影\OFJE-329+五星+娇小可爱清纯+爆操+高颜值.mp4","Preview","","","Z:\bcbcbcbc\ca-ES\LocalMediaManager\Previews\OFJE-329\OFJE-329_009.jpg","位于标准化番号同名资源目录","90","RegisterImage","Safe","唯一高置信度实体，可在确认后建立或修正关联。","True","False"
"13246","147","OFJE-329","Z:\bcbcbcbc\ca-ES\data\已命名电影\OFJE-329+五星+娇小可爱清纯+爆操+高颜值.mp4","Preview","","","Z:\bcbcbcbc\ca-ES\LocalMediaManager\Previews\OFJE-329\OFJE-329_010.jpg","位于标准化番号同名资源目录","90","RegisterImage","Safe","唯一高置信度实体，可在确认后建立或修正关联。","True","False"
"13246","149","PPT-097","Z:\bcbcbcbc\ca-ES\data\已命名电影\PPT-097+0+四星+持续输出.mp4","Preview","","","Z:\bcbcbcbc\ca-ES\LocalMediaManager\Previews\PPT-097\01.jpg","实体已登记到 MovieId 2523，禁止自动复用","70","ManualReview","LowConfidence","置信度低于 80，仅供人工核对。","False","False"
"13246","149","PPT-097","Z:\bcbcbcbc\ca-ES\data\已命名电影\PPT-097+0+四星+持续输出.mp4","Preview","","","Z:\bcbcbcbc\ca-ES\LocalMediaManager\Previews\PPT-097\02.jpg","实体已登记到 MovieId 2523，禁止自动复用","70","ManualReview","LowConfidence","置信度低于 80，仅供人工核对。","False","False"
"13246","149","PPT-097","Z:\bcbcbcbc\ca-ES\data\已命名电影\PPT-097+0+四星+持续输出.mp4","Preview","","","Z:\bcbcbcbc\ca-ES\LocalMediaManager\Previews\PPT-097\03.jpg","实体已登记到 MovieId 2523，禁止自动复用","70","ManualReview","LowConfidence","置信度低于 80，仅供人工核对。","False","False"
"13246","149","PPT-097","Z:\bcbcbcbc\ca-ES\data\已命名电影\PPT-097+0+四星+持续输出.mp4","Preview","","","Z:\bcbcbcbc\ca-ES\LocalMediaManager\Previews\PPT-097\04.jpg","实体已登记到 MovieId 2523，禁止自动复用","70","ManualReview","LowConfidence","置信度低于 80，仅供人工核对。","False","False"
"13246","149","PPT-097","Z:\bcbcbcbc\ca-ES\data\已命名电影\PPT-097+0+四星+持续输出.mp4","Preview","","","Z:\bcbcbcbc\ca-ES\LocalMediaManager\Previews\PPT-097\05.jpg","实体已登记到 MovieId 2523，禁止自动复用","70","ManualReview","LowConfidence","置信度低于 80，仅供人工核对。","False","False"
"13246","149","PPT-097","Z:\bcbcbcbc\ca-ES\data\已命名电影\PPT-097+0+四星+持续输出.mp4","Preview","","","Z:\bcbcbcbc\ca-ES\LocalMediaManager\Previews\PPT-097\06.jpg","实体已登记到 MovieId 2523，禁止自动复用","70","ManualReview","LowConfidence","置信度低于 80，仅供人工核对。","False","False"
"13246","149","PPT-097","Z:\bcbcbcbc\ca-ES\data\已命名电影\PPT-097+0+四星+持续输出.mp4","Preview","","","Z:\bcbcbcbc\ca-ES\LocalMediaManager\Previews\PPT-097\07.jpg","实体已登记到 MovieId 2523，禁止自动复用","70","ManualReview","LowConfidence","置信度低于 80，仅供人工核对。","False","False"
"13246","149","PPT-097","Z:\bcbcbcbc\ca-ES\data\已命名电影\PPT-097+0+四星+持续输出.mp4","Preview","","","Z:\bcbcbcbc\ca-ES\LocalMediaManager\Previews\PPT-097\08.jpg","实体已登记到 MovieId 2523，禁止自动复用","70","ManualReview","LowConfidence","置信度低于 80，仅供人工核对。","False","False"
"13246","149","PPT-097","Z:\bcbcbcbc\ca-ES\data\已命名电影\PPT-097+0+四星+持续输出.mp4","Preview","","","Z:\bcbcbcbc\ca-ES\LocalMediaManager\Previews\PPT-097\09.jpg","实体已登记到 MovieId 2523，禁止自动复用","70","ManualReview","LowConfidence","置信度低于 80，仅供人工核对。","False","False"
"13246","149","PPT-097","Z:\bcbcbcbc\ca-ES\data\已命名电影\PPT-097+0+四星+持续输出.mp4","Preview","","","Z:\bcbcbcbc\ca-ES\LocalMediaManager\Previews\PPT-097\10.jpg","实体已登记到 MovieId 2523，禁止自动复用","70","ManualReview","LowConfidence","置信度低于 80，仅供人工核对。","False","False"
"13246","149","PPT-097","Z:\bcbcbcbc\ca-ES\data\已命名电影\PPT-097+0+四星+持续输出.mp4","Preview","","","Z:\bcbcbcbc\ca-ES\LocalMediaManager\Previews\PPT-097\11.jpg","实体已登记到 MovieId 2523，禁止自动复用","70","ManualReview","LowConfidence","置信度低于 80，仅供人工核对。","False","False"
"13246","149","PPT-097","Z:\bcbcbcbc\ca-ES\data\已命名电影\PPT-097+0+四星+持续输出.mp4","Preview","","","Z:\bcbcbcbc\ca-ES\LocalMediaManager\Previews\PPT-097\12.jpg","实体已登记到 MovieId 2523，禁止自动复用","70","ManualReview","LowConfidence","置信度低于 80，仅供人工核对。","False","False"
"13246","149","PPT-097","Z:\bcbcbcbc\ca-ES\data\已命名电影\PPT-097+0+四星+持续输出.mp4","Preview","","","Z:\bcbcbcbc\ca-ES\LocalMediaManager\Previews\PPT-097\13.jpg","实体已登记到 MovieId 2523，禁止自动复用","70","ManualReview","LowConfidence","置信度低于 80，仅供人工核对。","False","False"
"13246","149","PPT-097","Z:\bcbcbcbc\ca-ES\data\已命名电影\PPT-097+0+四星+持续输出.mp4","Preview","","","Z:\bcbcbcbc\ca-ES\LocalMediaManager\Previews\PPT-097\14.jpg","实体已登记到 MovieId 2523，禁止自动复用","70","ManualReview","LowConfidence","置信度低于 80，仅供人工核对。","False","False"
"13246","149","PPT-097","Z:\bcbcbcbc\ca-ES\data\已命名电影\PPT-097+0+四星+持续输出.mp4","Preview","","","Z:\bcbcbcbc\ca-ES\LocalMediaManager\Previews\PPT-097\15.jpg","实体已登记到 MovieId 2523，禁止自动复用","70","ManualReview","LowConfidence","置信度低于 80，仅供人工核对。","False","False"
"13246","149","PPT-097","Z:\bcbcbcbc\ca-ES\data\已命名电影\PPT-097+0+四星+持续输出.mp4","Preview","","","Z:\bcbcbcbc\ca-ES\LocalMediaManager\Previews\PPT-097\16.jpg","实体已登记到 MovieId 2523，禁止自动复用","70","ManualReview","LowConfidence","置信度低于 80，仅供人工核对。","False","False"
"13246","149","PPT-097","Z:\bcbcbcbc\ca-ES\data\已命名电影\PPT-097+0+四星+持续输出.mp4","Preview","","","Z:\bcbcbcbc\ca-ES\LocalMediaManager\Previews\PPT-097\17.jpg","实体已登记到 MovieId 2523，禁止自动复用","70","ManualReview","LowConfidence","置信度低于 80，仅供人工核对。","False","False"
"13246","149","PPT-097","Z:\bcbcbcbc\ca-ES\data\已命名电影\PPT-097+0+四星+持续输出.mp4","Preview","","","Z:\bcbcbcbc\ca-ES\LocalMediaManager\Previews\PPT-097\18.jpg","实体已登记到 MovieId 2523，禁止自动复用","70","ManualReview","LowConfidence","置信度低于 80，仅供人工核对。","False","False"
"13246","149","PPT-097","Z:\bcbcbcbc\ca-ES\data\已命名电影\PPT-097+0+四星+持续输出.mp4","Preview","","","Z:\bcbcbcbc\ca-ES\LocalMediaManager\Previews\PPT-097\19.jpg","实体已登记到 MovieId 2523，禁止自动复用","70","ManualReview","LowConfidence","置信度低于 80，仅供人工核对。","False","False"
"13246","149","PPT-097","Z:\bcbcbcbc\ca-ES\data\已命名电影\PPT-097+0+四星+持续输出.mp4","Preview","","","Z:\bcbcbcbc\ca-ES\LocalMediaManager\Previews\PPT-097\20.jpg","实体已登记到 MovieId 2523，禁止自动复用","70","ManualReview","LowConfidence","置信度低于 80，仅供人工核对。","False","False"
"13246","149","PPT-097","Z:\bcbcbcbc\ca-ES\data\已命名电影\PPT-097+0+四星+持续输出.mp4","Preview","","","Z:\bcbcbcbc\ca-ES\LocalMediaManager\Previews\PPT-097\21.jpg","实体已登记到 MovieId 2523，禁止自动复用","70","ManualReview","LowConfidence","置信度低于 80，仅供人工核对。","False","False"
"13246","149","PPT-097","Z:\bcbcbcbc\ca-ES\data\已命名电影\PPT-097+0+四星+持续输出.mp4","Preview","","","Z:\bcbcbcbc\ca-ES\LocalMediaManager\Previews\PPT-097\22.jpg","实体已登记到 MovieId 2523，禁止自动复用","70","ManualReview","LowConfidence","置信度低于 80，仅供人工核对。","False","False"
"13246","149","PPT-097","Z:\bcbcbcbc\ca-ES\data\已命名电影\PPT-097+0+四星+持续输出.mp4","Preview","","","Z:\bcbcbcbc\ca-ES\LocalMediaManager\Previews\PPT-097\23.jpg","实体已登记到 MovieId 2523，禁止自动复用","70","ManualReview","LowConfidence","置信度低于 80，仅供人工核对。","False","False"
"13246","149","PPT-097","Z:\bcbcbcbc\ca-ES\data\已命名电影\PPT-097+0+四星+持续输出.mp4","Preview","","","Z:\bcbcbcbc\ca-ES\LocalMediaManager\Previews\PPT-097\24.jpg","实体已登记到 MovieId 2523，禁止自动复用","70","ManualReview","LowConfidence","置信度低于 80，仅供人工核对。","False","False"
"13246","149","PPT-097","Z:\bcbcbcbc\ca-ES\data\已命名电影\PPT-097+0+四星+持续输出.mp4","Preview","","","Z:\bcbcbcbc\ca-ES\LocalMediaManager\Previews\PPT-097\25.jpg","实体已登记到 MovieId 2523，禁止自动复用","70","ManualReview","LowConfidence","置信度低于 80，仅供人工核对。","False","False"
"13246","149","PPT-097","Z:\bcbcbcbc\ca-ES\data\已命名电影\PPT-097+0+四星+持续输出.mp4","Preview","","","Z:\bcbcbcbc\ca-ES\LocalMediaManager\Previews\PPT-097\26.jpg","实体已登记到 MovieId 2523，禁止自动复用","70","ManualReview","LowConfidence","置信度低于 80，仅供人工核对。","False","False"
"13246","149","PPT-097","Z:\bcbcbcbc\ca-ES\data\已命名电影\PPT-097+0+四星+持续输出.mp4","Preview","","","Z:\bcbcbcbc\ca-ES\LocalMediaManager\Previews\PPT-097\27.jpg","实体已登记到 MovieId 2523，禁止自动复用","70","ManualReview","LowConfidence","置信度低于 80，仅供人工核对。","False","False"
"13246","149","PPT-097","Z:\bcbcbcbc\ca-ES\data\已命名电影\PPT-097+0+四星+持续输出.mp4","Preview","","","Z:\bcbcbcbc\ca-ES\LocalMediaManager\Previews\PPT-097\28.jpg","实体已登记到 MovieId 2523，禁止自动复用","70","ManualReview","LowConfidence","置信度低于 80，仅供人工核对。","False","False"
"13246","151","OFJE-328","Z:\bcbcbcbc\ca-ES\data\已命名电影\OFJE-328+0+四星+高颜值-1.mp4","Preview","","","Z:\bcbcbcbc\ca-ES\LocalMediaManager\Previews\OFJE-328\01.jpg","实体已登记到 MovieId 2522，禁止自动复用","70","ManualReview","LowConfidence","置信度低于 80，仅供人工核对。","False","False"
"13246","151","OFJE-328","Z:\bcbcbcbc\ca-ES\data\已命名电影\OFJE-328+0+四星+高颜值-1.mp4","Preview","","","Z:\bcbcbcbc\ca-ES\LocalMediaManager\Previews\OFJE-328\02.jpg","实体已登记到 MovieId 2522，禁止自动复用","70","ManualReview","LowConfidence","置信度低于 80，仅供人工核对。","False","False"
"13246","151","OFJE-328","Z:\bcbcbcbc\ca-ES\data\已命名电影\OFJE-328+0+四星+高颜值-1.mp4","Preview","","","Z:\bcbcbcbc\ca-ES\LocalMediaManager\Previews\OFJE-328\03.jpg","实体已登记到 MovieId 2522，禁止自动复用","70","ManualReview","LowConfidence","置信度低于 80，仅供人工核对。","False","False"
"13246","151","OFJE-328","Z:\bcbcbcbc\ca-ES\data\已命名电影\OFJE-328+0+四星+高颜值-1.mp4","Preview","","","Z:\bcbcbcbc\ca-ES\LocalMediaManager\Previews\OFJE-328\04.jpg","实体已登记到 MovieId 2522，禁止自动复用","70","ManualReview","LowConfidence","置信度低于 80，仅供人工核对。","False","False"
"13246","151","OFJE-328","Z:\bcbcbcbc\ca-ES\data\已命名电影\OFJE-328+0+四星+高颜值-1.mp4","Preview","","","Z:\bcbcbcbc\ca-ES\LocalMediaManager\Previews\OFJE-328\05.jpg","实体已登记到 MovieId 2522，禁止自动复用","70","ManualReview","LowConfidence","置信度低于 80，仅供人工核对。","False","False"
"13246","151","OFJE-328","Z:\bcbcbcbc\ca-ES\data\已命名电影\OFJE-328+0+四星+高颜值-1.mp4","Preview","","","Z:\bcbcbcbc\ca-ES\LocalMediaManager\Previews\OFJE-328\06.jpg","实体已登记到 MovieId 2522，禁止自动复用","70","ManualReview","LowConfidence","置信度低于 80，仅供人工核对。","False","False"
"13246","151","OFJE-328","Z:\bcbcbcbc\ca-ES\data\已命名电影\OFJE-328+0+四星+高颜值-1.mp4","Preview","","","Z:\bcbcbcbc\ca-ES\LocalMediaManager\Previews\OFJE-328\07.jpg","实体已登记到 MovieId 2522，禁止自动复用","70","ManualReview","LowConfidence","置信度低于 80，仅供人工核对。","False","False"
"13246","151","OFJE-328","Z:\bcbcbcbc\ca-ES\data\已命名电影\OFJE-328+0+四星+高颜值-1.mp4","Preview","","","Z:\bcbcbcbc\ca-ES\LocalMediaManager\Previews\OFJE-328\08.jpg","实体已登记到 MovieId 2522，禁止自动复用","70","ManualReview","LowConfidence","置信度低于 80，仅供人工核对。","False","False"
"13246","151","OFJE-328","Z:\bcbcbcbc\ca-ES\data\已命名电影\OFJE-328+0+四星+高颜值-1.mp4","Preview","","","Z:\bcbcbcbc\ca-ES\LocalMediaManager\Previews\OFJE-328\09.jpg","实体已登记到 MovieId 2522，禁止自动复用","70","ManualReview","LowConfidence","置信度低于 80，仅供人工核对。","False","False"
"13246","151","OFJE-328","Z:\bcbcbcbc\ca-ES\data\已命名电影\OFJE-328+0+四星+高颜值-1.mp4","Preview","","","Z:\bcbcbcbc\ca-ES\LocalMediaManager\Previews\OFJE-328\10.jpg","实体已登记到 MovieId 2522，禁止自动复用","70","ManualReview","LowConfidence","置信度低于 80，仅供人工核对。","False","False"
"13246","151","OFJE-328","Z:\bcbcbcbc\ca-ES\data\已命名电影\OFJE-328+0+四星+高颜值-1.mp4","Preview","","","Z:\bcbcbcbc\ca-ES\LocalMediaManager\Previews\OFJE-328\11.jpg","实体已登记到 MovieId 2522，禁止自动复用","70","ManualReview","LowConfidence","置信度低于 80，仅供人工核对。","False","False"
"13246","151","OFJE-328","Z:\bcbcbcbc\ca-ES\data\已命名电影\OFJE-328+0+四星+高颜值-1.mp4","Preview","","","Z:\bcbcbcbc\ca-ES\LocalMediaManager\Previews\OFJE-328\12.jpg","实体已登记到 MovieId 2522，禁止自动复用","70","ManualReview","LowConfidence","置信度低于 80，仅供人工核对。","False","False"
"13246","151","OFJE-328","Z:\bcbcbcbc\ca-ES\data\已命名电影\OFJE-328+0+四星+高颜值-1.mp4","Preview","","","Z:\bcbcbcbc\ca-ES\LocalMediaManager\Previews\OFJE-328\13.jpg","实体已登记到 MovieId 2522，禁止自动复用","70","ManualReview","LowConfidence","置信度低于 80，仅供人工核对。","False","False"
"13246","151","OFJE-328","Z:\bcbcbcbc\ca-ES\data\已命名电影\OFJE-328+0+四星+高颜值-1.mp4","Preview","","","Z:\bcbcbcbc\ca-ES\LocalMediaManager\Previews\OFJE-328\14.jpg","实体已登记到 MovieId 2522，禁止自动复用","70","ManualReview","LowConfidence","置信度低于 80，仅供人工核对。","False","False"
"13246","151","OFJE-328","Z:\bcbcbcbc\ca-ES\data\已命名电影\OFJE-328+0+四星+高颜值-1.mp4","Preview","","","Z:\bcbcbcbc\ca-ES\LocalMediaManager\Previews\OFJE-328\15.jpg","实体已登记到 MovieId 2522，禁止自动复用","70","ManualReview","LowConfidence","置信度低于 80，仅供人工核对。","False","False"
"13246","151","OFJE-328","Z:\bcbcbcbc\ca-ES\data\已命名电影\OFJE-328+0+四星+高颜值-1.mp4","Preview","","","Z:\bcbcbcbc\ca-ES\LocalMediaManager\Previews\OFJE-328\16.jpg","实体已登记到 MovieId 2522，禁止自动复用","70","ManualReview","LowConfidence","置信度低于 80，仅供人工核对。","False","False"
"13246","151","OFJE-328","Z:\bcbcbcbc\ca-ES\data\已命名电影\OFJE-328+0+四星+高颜值-1.mp4","Preview","","","Z:\bcbcbcbc\ca-ES\LocalMediaManager\Previews\OFJE-328\17.jpg","实体已登记到 MovieId 2522，禁止自动复用","70","ManualReview","LowConfidence","置信度低于 80，仅供人工核对。","False","False"
"13246","151","OFJE-328","Z:\bcbcbcbc\ca-ES\data\已命名电影\OFJE-328+0+四星+高颜值-1.mp4","Preview","","","Z:\bcbcbcbc\ca-ES\LocalMediaManager\Previews\OFJE-328\18.jpg","实体已登记到 MovieId 2522，禁止自动复用","70","ManualReview","LowConfidence","置信度低于 80，仅供人工核对。","False","False"
"13246","151","OFJE-328","Z:\bcbcbcbc\ca-ES\data\已命名电影\OFJE-328+0+四星+高颜值-1.mp4","Preview","","","Z:\bcbcbcbc\ca-ES\LocalMediaManager\Previews\OFJE-328\19.jpg","实体已登记到 MovieId 2522，禁止自动复用","70","ManualReview","LowConfidence","置信度低于 80，仅供人工核对。","False","False"
"13246","151","OFJE-328","Z:\bcbcbcbc\ca-ES\data\已命名电影\OFJE-328+0+四星+高颜值-1.mp4","Preview","","","Z:\bcbcbcbc\ca-ES\LocalMediaManager\Previews\OFJE-328\20.jpg","实体已登记到 MovieId 2522，禁止自动复用","70","ManualReview","LowConfidence","置信度低于 80，仅供人工核对。","False","False"
"13246","154","PPT-109","Z:\bcbcbcbc\ca-ES\data\已命名电影\PPT-109+0+四星+高颜值.mp4","Preview","","","Z:\bcbcbcbc\ca-ES\LocalMediaManager\Previews\PPT-109\01.jpg","位于标准化番号同名资源目录","90","RegisterImage","Safe","唯一高置信度实体，可在确认后建立或修正关联。","True","False"
"13246","154","PPT-109","Z:\bcbcbcbc\ca-ES\data\已命名电影\PPT-109+0+四星+高颜值.mp4","Preview","","","Z:\bcbcbcbc\ca-ES\LocalMediaManager\Previews\PPT-109\02.jpg","位于标准化番号同名资源目录","90","RegisterImage","Safe","唯一高置信度实体，可在确认后建立或修正关联。","True","False"
"13246","154","PPT-109","Z:\bcbcbcbc\ca-ES\data\已命名电影\PPT-109+0+四星+高颜值.mp4","Preview","","","Z:\bcbcbcbc\ca-ES\LocalMediaManager\Previews\PPT-109\03.jpg","位于标准化番号同名资源目录","90","RegisterImage","Safe","唯一高置信度实体，可在确认后建立或修正关联。","True","False"
"13246","154","PPT-109","Z:\bcbcbcbc\ca-ES\data\已命名电影\PPT-109+0+四星+高颜值.mp4","Preview","","","Z:\bcbcbcbc\ca-ES\LocalMediaManager\Previews\PPT-109\04.jpg","位于标准化番号同名资源目录","90","RegisterImage","Safe","唯一高置信度实体，可在确认后建立或修正关联。","True","False"
"13246","154","PPT-109","Z:\bcbcbcbc\ca-ES\data\已命名电影\PPT-109+0+四星+高颜值.mp4","Preview","","","Z:\bcbcbcbc\ca-ES\LocalMediaManager\Previews\PPT-109\05.jpg","位于标准化番号同名资源目录","90","RegisterImage","Safe","唯一高置信度实体，可在确认后建立或修正关联。","True","False"
"13246","154","PPT-109","Z:\bcbcbcbc\ca-ES\data\已命名电影\PPT-109+0+四星+高颜值.mp4","Preview","","","Z:\bcbcbcbc\ca-ES\LocalMediaManager\Previews\PPT-109\06.jpg","位于标准化番号同名资源目录","90","RegisterImage","Safe","唯一高置信度实体，可在确认后建立或修正关联。","True","False"
"13246","154","PPT-109","Z:\bcbcbcbc\ca-ES\data\已命名电影\PPT-109+0+四星+高颜值.mp4","Preview","","","Z:\bcbcbcbc\ca-ES\LocalMediaManager\Previews\PPT-109\07.jpg","位于标准化番号同名资源目录","90","RegisterImage","Safe","唯一高置信度实体，可在确认后建立或修正关联。","True","False"
"13246","154","PPT-109","Z:\bcbcbcbc\ca-ES\data\已命名电影\PPT-109+0+四星+高颜值.mp4","Preview","","","Z:\bcbcbcbc\ca-ES\LocalMediaManager\Previews\PPT-109\08.jpg","位于标准化番号同名资源目录","90","RegisterImage","Safe","唯一高置信度实体，可在确认后建立或修正关联。","True","False"
"13246","154","PPT-109","Z:\bcbcbcbc\ca-ES\data\已命名电影\PPT-109+0+四星+高颜值.mp4","Preview","","","Z:\bcbcbcbc\ca-ES\LocalMediaManager\Previews\PPT-109\09.jpg","位于标准化番号同名资源目录","90","RegisterImage","Safe","唯一高置信度实体，可在确认后建立或修正关联。","True","False"
"13246","154","PPT-109","Z:\bcbcbcbc\ca-ES\data\已命名电影\PPT-109+0+四星+高颜值.mp4","Preview","","","Z:\bcbcbcbc\ca-ES\LocalMediaManager\Previews\PPT-109\10.jpg","位于标准化番号同名资源目录","90","RegisterImage","Safe","唯一高置信度实体，可在确认后建立或修正关联。","True","False"
"13246","408","ABW-146","Z:\bcbcbcbc\ca-ES\data\已命名电影\ABW-146+四星+持续输出.mp4","Preview","","","Z:\bcbcbcbc\ca-ES\LocalMediaManager\Previews\ABW-146\01.jpg","位于标准化番号同名资源目录","90","RegisterImage","Safe","唯一高置信度实体，可在确认后建立或修正关联。","True","False"
"13246","408","ABW-146","Z:\bcbcbcbc\ca-ES\data\已命名电影\ABW-146+四星+持续输出.mp4","Preview","","","Z:\bcbcbcbc\ca-ES\LocalMediaManager\Previews\ABW-146\02.jpg","位于标准化番号同名资源目录","90","RegisterImage","Safe","唯一高置信度实体，可在确认后建立或修正关联。","True","False"
"13246","408","ABW-146","Z:\bcbcbcbc\ca-ES\data\已命名电影\ABW-146+四星+持续输出.mp4","Preview","","","Z:\bcbcbcbc\ca-ES\LocalMediaManager\Previews\ABW-146\03.jpg","位于标准化番号同名资源目录","90","RegisterImage","Safe","唯一高置信度实体，可在确认后建立或修正关联。","True","False"
"13246","408","ABW-146","Z:\bcbcbcbc\ca-ES\data\已命名电影\ABW-146+四星+持续输出.mp4","Preview","","","Z:\bcbcbcbc\ca-ES\LocalMediaManager\Previews\ABW-146\04.jpg","位于标准化番号同名资源目录","90","RegisterImage","Safe","唯一高置信度实体，可在确认后建立或修正关联。","True","False"
"13246","408","ABW-146","Z:\bcbcbcbc\ca-ES\data\已命名电影\ABW-146+四星+持续输出.mp4","Preview","","","Z:\bcbcbcbc\ca-ES\LocalMediaManager\Previews\ABW-146\05.jpg","位于标准化番号同名资源目录","90","RegisterImage","Safe","唯一高置信度实体，可在确认后建立或修正关联。","True","False"
"13246","408","ABW-146","Z:\bcbcbcbc\ca-ES\data\已命名电影\ABW-146+四星+持续输出.mp4","Preview","","","Z:\bcbcbcbc\ca-ES\LocalMediaManager\Previews\ABW-146\06.jpg","位于标准化番号同名资源目录","90","RegisterImage","Safe","唯一高置信度实体，可在确认后建立或修正关联。","True","False"
"13246","408","ABW-146","Z:\bcbcbcbc\ca-ES\data\已命名电影\ABW-146+四星+持续输出.mp4","Preview","","","Z:\bcbcbcbc\ca-ES\LocalMediaManager\Previews\ABW-146\07.jpg","位于标准化番号同名资源目录","90","RegisterImage","Safe","唯一高置信度实体，可在确认后建立或修正关联。","True","False"
"13246","408","ABW-146","Z:\bcbcbcbc\ca-ES\data\已命名电影\ABW-146+四星+持续输出.mp4","Preview","","","Z:\bcbcbcbc\ca-ES\LocalMediaManager\Previews\ABW-146\08.jpg","位于标准化番号同名资源目录","90","RegisterImage","Safe","唯一高置信度实体，可在确认后建立或修正关联。","True","False"
"13246","408","ABW-146","Z:\bcbcbcbc\ca-ES\data\已命名电影\ABW-146+四星+持续输出.mp4","Preview","","","Z:\bcbcbcbc\ca-ES\LocalMediaManager\Previews\ABW-146\09.jpg","位于标准化番号同名资源目录","90","RegisterImage","Safe","唯一高置信度实体，可在确认后建立或修正关联。","True","False"
"13246","408","ABW-146","Z:\bcbcbcbc\ca-ES\data\已命名电影\ABW-146+四星+持续输出.mp4","Preview","","","Z:\bcbcbcbc\ca-ES\LocalMediaManager\Previews\ABW-146\10.jpg","位于标准化番号同名资源目录","90","RegisterImage","Safe","唯一高置信度实体，可在确认后建立或修正关联。","True","False"
"13246","408","ABW-146","Z:\bcbcbcbc\ca-ES\data\已命名电影\ABW-146+四星+持续输出.mp4","Preview","","","Z:\bcbcbcbc\ca-ES\LocalMediaManager\Previews\ABW-146\11.jpg","位于标准化番号同名资源目录","90","RegisterImage","Safe","唯一高置信度实体，可在确认后建立或修正关联。","True","False"
"13246","425","DNW-053","Z:\bcbcbcbc\ca-ES\data\已命名电影\DNW-053+四星-1.mp4","Preview","","","Z:\bcbcbcbc\ca-ES\LocalMediaManager\Previews\DNW-053\01.jpg","实体已登记到 MovieId 2504，禁止自动复用","70","ManualReview","LowConfidence","置信度低于 80，仅供人工核对。","False","False"
"13246","425","DNW-053","Z:\bcbcbcbc\ca-ES\data\已命名电影\DNW-053+四星-1.mp4","Preview","","","Z:\bcbcbcbc\ca-ES\LocalMediaManager\Previews\DNW-053\02.jpg","实体已登记到 MovieId 2504，禁止自动复用","70","ManualReview","LowConfidence","置信度低于 80，仅供人工核对。","False","False"
"13246","425","DNW-053","Z:\bcbcbcbc\ca-ES\data\已命名电影\DNW-053+四星-1.mp4","Preview","","","Z:\bcbcbcbc\ca-ES\LocalMediaManager\Previews\DNW-053\03.jpg","实体已登记到 MovieId 2504，禁止自动复用","70","ManualReview","LowConfidence","置信度低于 80，仅供人工核对。","False","False"
"13246","425","DNW-053","Z:\bcbcbcbc\ca-ES\data\已命名电影\DNW-053+四星-1.mp4","Preview","","","Z:\bcbcbcbc\ca-ES\LocalMediaManager\Previews\DNW-053\04.jpg","实体已登记到 MovieId 2504，禁止自动复用","70","ManualReview","LowConfidence","置信度低于 80，仅供人工核对。","False","False"
"13246","425","DNW-053","Z:\bcbcbcbc\ca-ES\data\已命名电影\DNW-053+四星-1.mp4","Preview","","","Z:\bcbcbcbc\ca-ES\LocalMediaManager\Previews\DNW-053\05.jpg","实体已登记到 MovieId 2504，禁止自动复用","70","ManualReview","LowConfidence","置信度低于 80，仅供人工核对。","False","False"
"13246","425","DNW-053","Z:\bcbcbcbc\ca-ES\data\已命名电影\DNW-053+四星-1.mp4","Preview","","","Z:\bcbcbcbc\ca-ES\LocalMediaManager\Previews\DNW-053\06.jpg","实体已登记到 MovieId 2504，禁止自动复用","70","ManualReview","LowConfidence","置信度低于 80，仅供人工核对。","False","False"
"13246","425","DNW-053","Z:\bcbcbcbc\ca-ES\data\已命名电影\DNW-053+四星-1.mp4","Preview","","","Z:\bcbcbcbc\ca-ES\LocalMediaManager\Previews\DNW-053\07.jpg","实体已登记到 MovieId 2504，禁止自动复用","70","ManualReview","LowConfidence","置信度低于 80，仅供人工核对。","False","False"
"13246","425","DNW-053","Z:\bcbcbcbc\ca-ES\data\已命名电影\DNW-053+四星-1.mp4","Preview","","","Z:\bcbcbcbc\ca-ES\LocalMediaManager\Previews\DNW-053\08.jpg","实体已登记到 MovieId 2504，禁止自动复用","70","ManualReview","LowConfidence","置信度低于 80，仅供人工核对。","False","False"
"13246","425","DNW-053","Z:\bcbcbcbc\ca-ES\data\已命名电影\DNW-053+四星-1.mp4","Preview","","","Z:\bcbcbcbc\ca-ES\LocalMediaManager\Previews\DNW-053\09.jpg","实体已登记到 MovieId 2504，禁止自动复用","70","ManualReview","LowConfidence","置信度低于 80，仅供人工核对。","False","False"
"13246","425","DNW-053","Z:\bcbcbcbc\ca-ES\data\已命名电影\DNW-053+四星-1.mp4","Preview","","","Z:\bcbcbcbc\ca-ES\LocalMediaManager\Previews\DNW-053\10.jpg","实体已登记到 MovieId 2504，禁止自动复用","70","ManualReview","LowConfidence","置信度低于 80，仅供人工核对。","False","False"
"13246","425","DNW-053","Z:\bcbcbcbc\ca-ES\data\已命名电影\DNW-053+四星-1.mp4","Preview","","","Z:\bcbcbcbc\ca-ES\LocalMediaManager\Previews\DNW-053\11.jpg","实体已登记到 MovieId 2504，禁止自动复用","70","ManualReview","LowConfidence","置信度低于 80，仅供人工核对。","False","False"
"13246","425","DNW-053","Z:\bcbcbcbc\ca-ES\data\已命名电影\DNW-053+四星-1.mp4","Preview","","","Z:\bcbcbcbc\ca-ES\LocalMediaManager\Previews\DNW-053\12.jpg","实体已登记到 MovieId 2504，禁止自动复用","70","ManualReview","LowConfidence","置信度低于 80，仅供人工核对。","False","False"
"13246","471","IPX-910","Z:\bcbcbcbc\ca-ES\data\已命名电影\IPX-910-四星+强制.mp4","Preview","","","Z:\bcbcbcbc\ca-ES\LocalMediaManager\Previews\IPX-910\01.jpg","实体已登记到 MovieId 2515，禁止自动复用","70","ManualReview","LowConfidence","置信度低于 80，仅供人工核对。","False","False"
"13246","471","IPX-910","Z:\bcbcbcbc\ca-ES\data\已命名电影\IPX-910-四星+强制.mp4","Preview","","","Z:\bcbcbcbc\ca-ES\LocalMediaManager\Previews\IPX-910\02.jpg","实体已登记到 MovieId 2515，禁止自动复用","70","ManualReview","LowConfidence","置信度低于 80，仅供人工核对。","False","False"
"13246","471","IPX-910","Z:\bcbcbcbc\ca-ES\data\已命名电影\IPX-910-四星+强制.mp4","Preview","","","Z:\bcbcbcbc\ca-ES\LocalMediaManager\Previews\IPX-910\03.jpg","实体已登记到 MovieId 2515，禁止自动复用","70","ManualReview","LowConfidence","置信度低于 80，仅供人工核对。","False","False"
"13246","471","IPX-910","Z:\bcbcbcbc\ca-ES\data\已命名电影\IPX-910-四星+强制.mp4","Preview","","","Z:\bcbcbcbc\ca-ES\LocalMediaManager\Previews\IPX-910\04.jpg","实体已登记到 MovieId 2515，禁止自动复用","70","ManualReview","LowConfidence","置信度低于 80，仅供人工核对。","False","False"
"13246","471","IPX-910","Z:\bcbcbcbc\ca-ES\data\已命名电影\IPX-910-四星+强制.mp4","Preview","","","Z:\bcbcbcbc\ca-ES\LocalMediaManager\Previews\IPX-910\05.jpg","实体已登记到 MovieId 2515，禁止自动复用","70","ManualReview","LowConfidence","置信度低于 80，仅供人工核对。","False","False"
"13246","471","IPX-910","Z:\bcbcbcbc\ca-ES\data\已命名电影\IPX-910-四星+强制.mp4","Preview","","","Z:\bcbcbcbc\ca-ES\LocalMediaManager\Previews\IPX-910\06.jpg","实体已登记到 MovieId 2515，禁止自动复用","70","ManualReview","LowConfidence","置信度低于 80，仅供人工核对。","False","False"
"13246","471","IPX-910","Z:\bcbcbcbc\ca-ES\data\已命名电影\IPX-910-四星+强制.mp4","Preview","","","Z:\bcbcbcbc\ca-ES\LocalMediaManager\Previews\IPX-910\07.jpg","实体已登记到 MovieId 2515，禁止自动复用","70","ManualReview","LowConfidence","置信度低于 80，仅供人工核对。","False","False"
"13246","471","IPX-910","Z:\bcbcbcbc\ca-ES\data\已命名电影\IPX-910-四星+强制.mp4","Preview","","","Z:\bcbcbcbc\ca-ES\LocalMediaManager\Previews\IPX-910\08.jpg","实体已登记到 MovieId 2515，禁止自动复用","70","ManualReview","LowConfidence","置信度低于 80，仅供人工核对。","False","False"
"13246","471","IPX-910","Z:\bcbcbcbc\ca-ES\data\已命名电影\IPX-910-四星+强制.mp4","Preview","","","Z:\bcbcbcbc\ca-ES\LocalMediaManager\Previews\IPX-910\09.jpg","实体已登记到 MovieId 2515，禁止自动复用","70","ManualReview","LowConfidence","置信度低于 80，仅供人工核对。","False","False"
"13246","471","IPX-910","Z:\bcbcbcbc\ca-ES\data\已命名电影\IPX-910-四星+强制.mp4","Preview","","","Z:\bcbcbcbc\ca-ES\LocalMediaManager\Previews\IPX-910\10.jpg","实体已登记到 MovieId 2515，禁止自动复用","70","ManualReview","LowConfidence","置信度低于 80，仅供人工核对。","False","False"
"13246","471","IPX-910","Z:\bcbcbcbc\ca-ES\data\已命名电影\IPX-910-四星+强制.mp4","Preview","","","Z:\bcbcbcbc\ca-ES\LocalMediaManager\Previews\IPX-910\11.jpg","实体已登记到 MovieId 2515，禁止自动复用","70","ManualReview","LowConfidence","置信度低于 80，仅供人工核对。","False","False"
"13246","471","IPX-910","Z:\bcbcbcbc\ca-ES\data\已命名电影\IPX-910-四星+强制.mp4","Preview","","","Z:\bcbcbcbc\ca-ES\LocalMediaManager\Previews\IPX-910\12.jpg","实体已登记到 MovieId 2515，禁止自动复用","70","ManualReview","LowConfidence","置信度低于 80，仅供人工核对。","False","False"
"13246","471","IPX-910","Z:\bcbcbcbc\ca-ES\data\已命名电影\IPX-910-四星+强制.mp4","Preview","","","Z:\bcbcbcbc\ca-ES\LocalMediaManager\Previews\IPX-910\13.jpg","实体已登记到 MovieId 2515，禁止自动复用","70","ManualReview","LowConfidence","置信度低于 80，仅供人工核对。","False","False"
"13246","471","IPX-910","Z:\bcbcbcbc\ca-ES\data\已命名电影\IPX-910-四星+强制.mp4","Preview","","","Z:\bcbcbcbc\ca-ES\LocalMediaManager\Previews\IPX-910\14.jpg","实体已登记到 MovieId 2515，禁止自动复用","70","ManualReview","LowConfidence","置信度低于 80，仅供人工核对。","False","False"
"13246","471","IPX-910","Z:\bcbcbcbc\ca-ES\data\已命名电影\IPX-910-四星+强制.mp4","Preview","","","Z:\bcbcbcbc\ca-ES\LocalMediaManager\Previews\IPX-910\15.jpg","实体已登记到 MovieId 2515，禁止自动复用","70","ManualReview","LowConfidence","置信度低于 80，仅供人工核对。","False","False"
"13246","471","IPX-910","Z:\bcbcbcbc\ca-ES\data\已命名电影\IPX-910-四星+强制.mp4","Preview","","","Z:\bcbcbcbc\ca-ES\LocalMediaManager\Previews\IPX-910\16.jpg","实体已登记到 MovieId 2515，禁止自动复用","70","ManualReview","LowConfidence","置信度低于 80，仅供人工核对。","False","False"
"13246","471","IPX-910","Z:\bcbcbcbc\ca-ES\data\已命名电影\IPX-910-四星+强制.mp4","Preview","","","Z:\bcbcbcbc\ca-ES\LocalMediaManager\Previews\IPX-910\17.jpg","实体已登记到 MovieId 2515，禁止自动复用","70","ManualReview","LowConfidence","置信度低于 80，仅供人工核对。","False","False"
"13246","471","IPX-910","Z:\bcbcbcbc\ca-ES\data\已命名电影\IPX-910-四星+强制.mp4","Preview","","","Z:\bcbcbcbc\ca-ES\LocalMediaManager\Previews\IPX-910\18.jpg","实体已登记到 MovieId 2515，禁止自动复用","70","ManualReview","LowConfidence","置信度低于 80，仅供人工核对。","False","False"
"13246","471","IPX-910","Z:\bcbcbcbc\ca-ES\data\已命名电影\IPX-910-四星+强制.mp4","Preview","","","Z:\bcbcbcbc\ca-ES\LocalMediaManager\Previews\IPX-910\19.jpg","实体已登记到 MovieId 2515，禁止自动复用","70","ManualReview","LowConfidence","置信度低于 80，仅供人工核对。","False","False"
"13246","471","IPX-910","Z:\bcbcbcbc\ca-ES\data\已命名电影\IPX-910-四星+强制.mp4","Preview","","","Z:\bcbcbcbc\ca-ES\LocalMediaManager\Previews\IPX-910\20.jpg","实体已登记到 MovieId 2515，禁止自动复用","70","ManualReview","LowConfidence","置信度低于 80，仅供人工核对。","False","False"
"13246","471","IPX-910","Z:\bcbcbcbc\ca-ES\data\已命名电影\IPX-910-四星+强制.mp4","Preview","","","Z:\bcbcbcbc\ca-ES\LocalMediaManager\Previews\IPX-910\21.jpg","实体已登记到 MovieId 2515，禁止自动复用","70","ManualReview","LowConfidence","置信度低于 80，仅供人工核对。","False","False"
"13246","471","IPX-910","Z:\bcbcbcbc\ca-ES\data\已命名电影\IPX-910-四星+强制.mp4","Preview","","","Z:\bcbcbcbc\ca-ES\LocalMediaManager\Previews\IPX-910\22.jpg","实体已登记到 MovieId 2515，禁止自动复用","70","ManualReview","LowConfidence","置信度低于 80，仅供人工核对。","False","False"
"13246","471","IPX-910","Z:\bcbcbcbc\ca-ES\data\已命名电影\IPX-910-四星+强制.mp4","Preview","","","Z:\bcbcbcbc\ca-ES\LocalMediaManager\Previews\IPX-910\23.jpg","实体已登记到 MovieId 2515，禁止自动复用","70","ManualReview","LowConfidence","置信度低于 80，仅供人工核对。","False","False"
"13246","471","IPX-910","Z:\bcbcbcbc\ca-ES\data\已命名电影\IPX-910-四星+强制.mp4","Preview","","","Z:\bcbcbcbc\ca-ES\LocalMediaManager\Previews\IPX-910\24.jpg","实体已登记到 MovieId 2515，禁止自动复用","70","ManualReview","LowConfidence","置信度低于 80，仅供人工核对。","False","False"
"13246","497","ABW-360","Z:\bcbcbcbc\ca-ES\data\已命名电影\ABW-360+五星+爆操+高颜值.mp4","Preview","","","Z:\bcbcbcbc\ca-ES\LocalMediaManager\Previews\ABW-360\01.jpg","实体已登记到 MovieId 4242，禁止自动复用","70","ManualReview","LowConfidence","置信度低于 80，仅供人工核对。","False","False"
"13246","497","ABW-360","Z:\bcbcbcbc\ca-ES\data\已命名电影\ABW-360+五星+爆操+高颜值.mp4","Preview","","","Z:\bcbcbcbc\ca-ES\LocalMediaManager\Previews\ABW-360\02.jpg","实体已登记到 MovieId 4242，禁止自动复用","70","ManualReview","LowConfidence","置信度低于 80，仅供人工核对。","False","False"
"13246","497","ABW-360","Z:\bcbcbcbc\ca-ES\data\已命名电影\ABW-360+五星+爆操+高颜值.mp4","Preview","","","Z:\bcbcbcbc\ca-ES\LocalMediaManager\Previews\ABW-360\03.jpg","实体已登记到 MovieId 4242，禁止自动复用","70","ManualReview","LowConfidence","置信度低于 80，仅供人工核对。","False","False"
"13246","497","ABW-360","Z:\bcbcbcbc\ca-ES\data\已命名电影\ABW-360+五星+爆操+高颜值.mp4","Preview","","","Z:\bcbcbcbc\ca-ES\LocalMediaManager\Previews\ABW-360\04.jpg","实体已登记到 MovieId 4242，禁止自动复用","70","ManualReview","LowConfidence","置信度低于 80，仅供人工核对。","False","False"
"13246","497","ABW-360","Z:\bcbcbcbc\ca-ES\data\已命名电影\ABW-360+五星+爆操+高颜值.mp4","Preview","","","Z:\bcbcbcbc\ca-ES\LocalMediaManager\Previews\ABW-360\05.jpg","实体已登记到 MovieId 4242，禁止自动复用","70","ManualReview","LowConfidence","置信度低于 80，仅供人工核对。","False","False"
"13246","497","ABW-360","Z:\bcbcbcbc\ca-ES\data\已命名电影\ABW-360+五星+爆操+高颜值.mp4","Preview","","","Z:\bcbcbcbc\ca-ES\LocalMediaManager\Previews\ABW-360\06.jpg","实体已登记到 MovieId 4242，禁止自动复用","70","ManualReview","LowConfidence","置信度低于 80，仅供人工核对。","False","False"
"13246","497","ABW-360","Z:\bcbcbcbc\ca-ES\data\已命名电影\ABW-360+五星+爆操+高颜值.mp4","Preview","","","Z:\bcbcbcbc\ca-ES\LocalMediaManager\Previews\ABW-360\07.jpg","实体已登记到 MovieId 4242，禁止自动复用","70","ManualReview","LowConfidence","置信度低于 80，仅供人工核对。","False","False"
"13246","497","ABW-360","Z:\bcbcbcbc\ca-ES\data\已命名电影\ABW-360+五星+爆操+高颜值.mp4","Preview","","","Z:\bcbcbcbc\ca-ES\LocalMediaManager\Previews\ABW-360\08.jpg","实体已登记到 MovieId 4242，禁止自动复用","70","ManualReview","LowConfidence","置信度低于 80，仅供人工核对。","False","False"
"13246","497","ABW-360","Z:\bcbcbcbc\ca-ES\data\已命名电影\ABW-360+五星+爆操+高颜值.mp4","Preview","","","Z:\bcbcbcbc\ca-ES\LocalMediaManager\Previews\ABW-360\09.jpg","实体已登记到 MovieId 4242，禁止自动复用","70","ManualReview","LowConfidence","置信度低于 80，仅供人工核对。","False","False"
"13246","497","ABW-360","Z:\bcbcbcbc\ca-ES\data\已命名电影\ABW-360+五星+爆操+高颜值.mp4","Preview","","","Z:\bcbcbcbc\ca-ES\LocalMediaManager\Previews\ABW-360\10.jpg","实体已登记到 MovieId 4242，禁止自动复用","70","ManualReview","LowConfidence","置信度低于 80，仅供人工核对。","False","False"
"13246","497","ABW-360","Z:\bcbcbcbc\ca-ES\data\已命名电影\ABW-360+五星+爆操+高颜值.mp4","Preview","","","Z:\bcbcbcbc\ca-ES\LocalMediaManager\Previews\ABW-360\11.jpg","实体已登记到 MovieId 4242，禁止自动复用","70","ManualReview","LowConfidence","置信度低于 80，仅供人工核对。","False","False"
"13246","497","ABW-360","Z:\bcbcbcbc\ca-ES\data\已命名电影\ABW-360+五星+爆操+高颜值.mp4","Preview","","","Z:\bcbcbcbc\ca-ES\LocalMediaManager\Previews\ABW-360\12.jpg","实体已登记到 MovieId 4242，禁止自动复用","70","ManualReview","LowConfidence","置信度低于 80，仅供人工核对。","False","False"
"13246","497","ABW-360","Z:\bcbcbcbc\ca-ES\data\已命名电影\ABW-360+五星+爆操+高颜值.mp4","Preview","","","Z:\bcbcbcbc\ca-ES\LocalMediaManager\Previews\ABW-360\13.jpg","实体已登记到 MovieId 4242，禁止自动复用","70","ManualReview","LowConfidence","置信度低于 80，仅供人工核对。","False","False"
"13246","497","ABW-360","Z:\bcbcbcbc\ca-ES\data\已命名电影\ABW-360+五星+爆操+高颜值.mp4","Preview","","","Z:\bcbcbcbc\ca-ES\LocalMediaManager\Previews\ABW-360\14.jpg","实体已登记到 MovieId 4242，禁止自动复用","70","ManualReview","LowConfidence","置信度低于 80，仅供人工核对。","False","False"
"13246","497","ABW-360","Z:\bcbcbcbc\ca-ES\data\已命名电影\ABW-360+五星+爆操+高颜值.mp4","Preview","","","Z:\bcbcbcbc\ca-ES\LocalMediaManager\Previews\ABW-360\15.jpg","实体已登记到 MovieId 4242，禁止自动复用","70","ManualReview","LowConfidence","置信度低于 80，仅供人工核对。","False","False"
"13246","497","ABW-360","Z:\bcbcbcbc\ca-ES\data\已命名电影\ABW-360+五星+爆操+高颜值.mp4","Preview","","","Z:\bcbcbcbc\ca-ES\LocalMediaManager\Previews\ABW-360\16.jpg","实体已登记到 MovieId 4242，禁止自动复用","70","ManualReview","LowConfidence","置信度低于 80，仅供人工核对。","False","False"
"13246","497","ABW-360","Z:\bcbcbcbc\ca-ES\data\已命名电影\ABW-360+五星+爆操+高颜值.mp4","Preview","","","Z:\bcbcbcbc\ca-ES\LocalMediaManager\Previews\ABW-360\17.jpg","实体已登记到 MovieId 4242，禁止自动复用","70","ManualReview","LowConfidence","置信度低于 80，仅供人工核对。","False","False"
"13246","497","ABW-360","Z:\bcbcbcbc\ca-ES\data\已命名电影\ABW-360+五星+爆操+高颜值.mp4","Preview","","","Z:\bcbcbcbc\ca-ES\LocalMediaManager\Previews\ABW-360\18.jpg","实体已登记到 MovieId 4242，禁止自动复用","70","ManualReview","LowConfidence","置信度低于 80，仅供人工核对。","False","False"
"13246","497","ABW-360","Z:\bcbcbcbc\ca-ES\data\已命名电影\ABW-360+五星+爆操+高颜值.mp4","Preview","","","Z:\bcbcbcbc\ca-ES\LocalMediaManager\Previews\ABW-360\19.jpg","实体已登记到 MovieId 4242，禁止自动复用","70","ManualReview","LowConfidence","置信度低于 80，仅供人工核对。","False","False"
"13246","497","ABW-360","Z:\bcbcbcbc\ca-ES\data\已命名电影\ABW-360+五星+爆操+高颜值.mp4","Preview","","","Z:\bcbcbcbc\ca-ES\LocalMediaManager\Previews\ABW-360\20.jpg","实体已登记到 MovieId 4242，禁止自动复用","70","ManualReview","LowConfidence","置信度低于 80，仅供人工核对。","False","False"
"13246","662","MIDE-733","Z:\bcbcbcbc\ca-ES\data\已命名电影\MIDE-733+BCBCBC+五星+持续输出+高颜值+藍芽みずき.mp4","Preview","","","Z:\bcbcbcbc\ca-ES\LocalMediaManager\Previews\MIDE-733\01.jpg","实体已登记到 MovieId 2520，禁止自动复用","70","ManualReview","LowConfidence","置信度低于 80，仅供人工核对。","False","False"
"13246","662","MIDE-733","Z:\bcbcbcbc\ca-ES\data\已命名电影\MIDE-733+BCBCBC+五星+持续输出+高颜值+藍芽みずき.mp4","Preview","","","Z:\bcbcbcbc\ca-ES\LocalMediaManager\Previews\MIDE-733\02.jpg","实体已登记到 MovieId 2520，禁止自动复用","70","ManualReview","LowConfidence","置信度低于 80，仅供人工核对。","False","False"
"13246","662","MIDE-733","Z:\bcbcbcbc\ca-ES\data\已命名电影\MIDE-733+BCBCBC+五星+持续输出+高颜值+藍芽みずき.mp4","Preview","","","Z:\bcbcbcbc\ca-ES\LocalMediaManager\Previews\MIDE-733\03.jpg","实体已登记到 MovieId 2520，禁止自动复用","70","ManualReview","LowConfidence","置信度低于 80，仅供人工核对。","False","False"
"13246","662","MIDE-733","Z:\bcbcbcbc\ca-ES\data\已命名电影\MIDE-733+BCBCBC+五星+持续输出+高颜值+藍芽みずき.mp4","Preview","","","Z:\bcbcbcbc\ca-ES\LocalMediaManager\Previews\MIDE-733\04.jpg","实体已登记到 MovieId 2520，禁止自动复用","70","ManualReview","LowConfidence","置信度低于 80，仅供人工核对。","False","False"
"13246","662","MIDE-733","Z:\bcbcbcbc\ca-ES\data\已命名电影\MIDE-733+BCBCBC+五星+持续输出+高颜值+藍芽みずき.mp4","Preview","","","Z:\bcbcbcbc\ca-ES\LocalMediaManager\Previews\MIDE-733\05.jpg","实体已登记到 MovieId 2520，禁止自动复用","70","ManualReview","LowConfidence","置信度低于 80，仅供人工核对。","False","False"
"13246","662","MIDE-733","Z:\bcbcbcbc\ca-ES\data\已命名电影\MIDE-733+BCBCBC+五星+持续输出+高颜值+藍芽みずき.mp4","Preview","","","Z:\bcbcbcbc\ca-ES\LocalMediaManager\Previews\MIDE-733\06.jpg","实体已登记到 MovieId 2520，禁止自动复用","70","ManualReview","LowConfidence","置信度低于 80，仅供人工核对。","False","False"
"13246","662","MIDE-733","Z:\bcbcbcbc\ca-ES\data\已命名电影\MIDE-733+BCBCBC+五星+持续输出+高颜值+藍芽みずき.mp4","Preview","","","Z:\bcbcbcbc\ca-ES\LocalMediaManager\Previews\MIDE-733\07.jpg","实体已登记到 MovieId 2520，禁止自动复用","70","ManualReview","LowConfidence","置信度低于 80，仅供人工核对。","False","False"
"13246","662","MIDE-733","Z:\bcbcbcbc\ca-ES\data\已命名电影\MIDE-733+BCBCBC+五星+持续输出+高颜值+藍芽みずき.mp4","Preview","","","Z:\bcbcbcbc\ca-ES\LocalMediaManager\Previews\MIDE-733\08.jpg","实体已登记到 MovieId 2520，禁止自动复用","70","ManualReview","LowConfidence","置信度低于 80，仅供人工核对。","False","False"
"13246","662","MIDE-733","Z:\bcbcbcbc\ca-ES\data\已命名电影\MIDE-733+BCBCBC+五星+持续输出+高颜值+藍芽みずき.mp4","Preview","","","Z:\bcbcbcbc\ca-ES\LocalMediaManager\Previews\MIDE-733\09.jpg","实体已登记到 MovieId 2520，禁止自动复用","70","ManualReview","LowConfidence","置信度低于 80，仅供人工核对。","False","False"
"13246","662","MIDE-733","Z:\bcbcbcbc\ca-ES\data\已命名电影\MIDE-733+BCBCBC+五星+持续输出+高颜值+藍芽みずき.mp4","Preview","","","Z:\bcbcbcbc\ca-ES\LocalMediaManager\Previews\MIDE-733\10.jpg","实体已登记到 MovieId 2520，禁止自动复用","70","ManualReview","LowConfidence","置信度低于 80，仅供人工核对。","False","False"
"13246","662","MIDE-733","Z:\bcbcbcbc\ca-ES\data\已命名电影\MIDE-733+BCBCBC+五星+持续输出+高颜值+藍芽みずき.mp4","Preview","","","Z:\bcbcbcbc\ca-ES\LocalMediaManager\Previews\MIDE-733\11.jpg","实体已登记到 MovieId 2520，禁止自动复用","70","ManualReview","LowConfidence","置信度低于 80，仅供人工核对。","False","False"
"13246","662","MIDE-733","Z:\bcbcbcbc\ca-ES\data\已命名电影\MIDE-733+BCBCBC+五星+持续输出+高颜值+藍芽みずき.mp4","Preview","","","Z:\bcbcbcbc\ca-ES\LocalMediaManager\Previews\MIDE-733\12.jpg","实体已登记到 MovieId 2520，禁止自动复用","70","ManualReview","LowConfidence","置信度低于 80，仅供人工核对。","False","False"
"13246","662","MIDE-733","Z:\bcbcbcbc\ca-ES\data\已命名电影\MIDE-733+BCBCBC+五星+持续输出+高颜值+藍芽みずき.mp4","Preview","","","Z:\bcbcbcbc\ca-ES\LocalMediaManager\Previews\MIDE-733\13.jpg","实体已登记到 MovieId 2520，禁止自动复用","70","ManualReview","LowConfidence","置信度低于 80，仅供人工核对。","False","False"
"13246","662","MIDE-733","Z:\bcbcbcbc\ca-ES\data\已命名电影\MIDE-733+BCBCBC+五星+持续输出+高颜值+藍芽みずき.mp4","Preview","","","Z:\bcbcbcbc\ca-ES\LocalMediaManager\Previews\MIDE-733\14.jpg","实体已登记到 MovieId 2520，禁止自动复用","70","ManualReview","LowConfidence","置信度低于 80，仅供人工核对。","False","False"
"13246","662","MIDE-733","Z:\bcbcbcbc\ca-ES\data\已命名电影\MIDE-733+BCBCBC+五星+持续输出+高颜值+藍芽みずき.mp4","Preview","","","Z:\bcbcbcbc\ca-ES\LocalMediaManager\Previews\MIDE-733\15.jpg","实体已登记到 MovieId 2520，禁止自动复用","70","ManualReview","LowConfidence","置信度低于 80，仅供人工核对。","False","False"
"13246","662","MIDE-733","Z:\bcbcbcbc\ca-ES\data\已命名电影\MIDE-733+BCBCBC+五星+持续输出+高颜值+藍芽みずき.mp4","Preview","","","Z:\bcbcbcbc\ca-ES\LocalMediaManager\Previews\MIDE-733\16.jpg","实体已登记到 MovieId 2520，禁止自动复用","70","ManualReview","LowConfidence","置信度低于 80，仅供人工核对。","False","False"
"13246","662","MIDE-733","Z:\bcbcbcbc\ca-ES\data\已命名电影\MIDE-733+BCBCBC+五星+持续输出+高颜值+藍芽みずき.mp4","Preview","","","Z:\bcbcbcbc\ca-ES\LocalMediaManager\Previews\MIDE-733\17.jpg","实体已登记到 MovieId 2520，禁止自动复用","70","ManualReview","LowConfidence","置信度低于 80，仅供人工核对。","False","False"
"13246","662","MIDE-733","Z:\bcbcbcbc\ca-ES\data\已命名电影\MIDE-733+BCBCBC+五星+持续输出+高颜值+藍芽みずき.mp4","Preview","","","Z:\bcbcbcbc\ca-ES\LocalMediaManager\Previews\MIDE-733\18.jpg","实体已登记到 MovieId 2520，禁止自动复用","70","ManualReview","LowConfidence","置信度低于 80，仅供人工核对。","False","False"
"13246","662","MIDE-733","Z:\bcbcbcbc\ca-ES\data\已命名电影\MIDE-733+BCBCBC+五星+持续输出+高颜值+藍芽みずき.mp4","Preview","","","Z:\bcbcbcbc\ca-ES\LocalMediaManager\Previews\MIDE-733\19.jpg","实体已登记到 MovieId 2520，禁止自动复用","70","ManualReview","LowConfidence","置信度低于 80，仅供人工核对。","False","False"
"13246","662","MIDE-733","Z:\bcbcbcbc\ca-ES\data\已命名电影\MIDE-733+BCBCBC+五星+持续输出+高颜值+藍芽みずき.mp4","Preview","","","Z:\bcbcbcbc\ca-ES\LocalMediaManager\Previews\MIDE-733\20.jpg","实体已登记到 MovieId 2520，禁止自动复用","70","ManualReview","LowConfidence","置信度低于 80，仅供人工核对。","False","False"
"13246","1254","SSIS-969","Z:\bcbcbcbc\ca-ES\data\已命名电影\SSIS-969+四星.mp4","Preview","","","Z:\bcbcbcbc\ca-ES\LocalMediaManager\Previews\SSIS-969\01.jpg","实体已登记到 MovieId 2536，禁止自动复用","70","ManualReview","LowConfidence","置信度低于 80，仅供人工核对。","False","False"
"13246","1254","SSIS-969","Z:\bcbcbcbc\ca-ES\data\已命名电影\SSIS-969+四星.mp4","Preview","","","Z:\bcbcbcbc\ca-ES\LocalMediaManager\Previews\SSIS-969\02.jpg","实体已登记到 MovieId 2536，禁止自动复用","70","ManualReview","LowConfidence","置信度低于 80，仅供人工核对。","False","False"
"13246","1254","SSIS-969","Z:\bcbcbcbc\ca-ES\data\已命名电影\SSIS-969+四星.mp4","Preview","","","Z:\bcbcbcbc\ca-ES\LocalMediaManager\Previews\SSIS-969\03.jpg","实体已登记到 MovieId 2536，禁止自动复用","70","ManualReview","LowConfidence","置信度低于 80，仅供人工核对。","False","False"
"13246","1254","SSIS-969","Z:\bcbcbcbc\ca-ES\data\已命名电影\SSIS-969+四星.mp4","Preview","","","Z:\bcbcbcbc\ca-ES\LocalMediaManager\Previews\SSIS-969\04.jpg","实体已登记到 MovieId 2536，禁止自动复用","70","ManualReview","LowConfidence","置信度低于 80，仅供人工核对。","False","False"
"13246","1254","SSIS-969","Z:\bcbcbcbc\ca-ES\data\已命名电影\SSIS-969+四星.mp4","Preview","","","Z:\bcbcbcbc\ca-ES\LocalMediaManager\Previews\SSIS-969\05.jpg","实体已登记到 MovieId 2536，禁止自动复用","70","ManualReview","LowConfidence","置信度低于 80，仅供人工核对。","False","False"
"13246","1254","SSIS-969","Z:\bcbcbcbc\ca-ES\data\已命名电影\SSIS-969+四星.mp4","Preview","","","Z:\bcbcbcbc\ca-ES\LocalMediaManager\Previews\SSIS-969\06.jpg","实体已登记到 MovieId 2536，禁止自动复用","70","ManualReview","LowConfidence","置信度低于 80，仅供人工核对。","False","False"
"13246","1254","SSIS-969","Z:\bcbcbcbc\ca-ES\data\已命名电影\SSIS-969+四星.mp4","Preview","","","Z:\bcbcbcbc\ca-ES\LocalMediaManager\Previews\SSIS-969\07.jpg","实体已登记到 MovieId 2536，禁止自动复用","70","ManualReview","LowConfidence","置信度低于 80，仅供人工核对。","False","False"
"13246","1254","SSIS-969","Z:\bcbcbcbc\ca-ES\data\已命名电影\SSIS-969+四星.mp4","Preview","","","Z:\bcbcbcbc\ca-ES\LocalMediaManager\Previews\SSIS-969\08.jpg","实体已登记到 MovieId 2536，禁止自动复用","70","ManualReview","LowConfidence","置信度低于 80，仅供人工核对。","False","False"
"13246","1254","SSIS-969","Z:\bcbcbcbc\ca-ES\data\已命名电影\SSIS-969+四星.mp4","Preview","","","Z:\bcbcbcbc\ca-ES\LocalMediaManager\Previews\SSIS-969\09.jpg","实体已登记到 MovieId 2536，禁止自动复用","70","ManualReview","LowConfidence","置信度低于 80，仅供人工核对。","False","False"
"13246","1254","SSIS-969","Z:\bcbcbcbc\ca-ES\data\已命名电影\SSIS-969+四星.mp4","Preview","","","Z:\bcbcbcbc\ca-ES\LocalMediaManager\Previews\SSIS-969\10.jpg","实体已登记到 MovieId 2536，禁止自动复用","70","ManualReview","LowConfidence","置信度低于 80，仅供人工核对。","False","False"
"13246","1254","SSIS-969","Z:\bcbcbcbc\ca-ES\data\已命名电影\SSIS-969+四星.mp4","Preview","","","Z:\bcbcbcbc\ca-ES\LocalMediaManager\Previews\SSIS-969\11.jpg","实体已登记到 MovieId 2536，禁止自动复用","70","ManualReview","LowConfidence","置信度低于 80，仅供人工核对。","False","False"
"13246","1254","SSIS-969","Z:\bcbcbcbc\ca-ES\data\已命名电影\SSIS-969+四星.mp4","Preview","","","Z:\bcbcbcbc\ca-ES\LocalMediaManager\Previews\SSIS-969\12.jpg","实体已登记到 MovieId 2536，禁止自动复用","70","ManualReview","LowConfidence","置信度低于 80，仅供人工核对。","False","False"
"13246","1254","SSIS-969","Z:\bcbcbcbc\ca-ES\data\已命名电影\SSIS-969+四星.mp4","Preview","","","Z:\bcbcbcbc\ca-ES\LocalMediaManager\Previews\SSIS-969\13.jpg","实体已登记到 MovieId 2536，禁止自动复用","70","ManualReview","LowConfidence","置信度低于 80，仅供人工核对。","False","False"
"13246","1254","SSIS-969","Z:\bcbcbcbc\ca-ES\data\已命名电影\SSIS-969+四星.mp4","Preview","","","Z:\bcbcbcbc\ca-ES\LocalMediaManager\Previews\SSIS-969\14.jpg","实体已登记到 MovieId 2536，禁止自动复用","70","ManualReview","LowConfidence","置信度低于 80，仅供人工核对。","False","False"
"13246","1254","SSIS-969","Z:\bcbcbcbc\ca-ES\data\已命名电影\SSIS-969+四星.mp4","Preview","","","Z:\bcbcbcbc\ca-ES\LocalMediaManager\Previews\SSIS-969\15.jpg","实体已登记到 MovieId 2536，禁止自动复用","70","ManualReview","LowConfidence","置信度低于 80，仅供人工核对。","False","False"
"13246","1254","SSIS-969","Z:\bcbcbcbc\ca-ES\data\已命名电影\SSIS-969+四星.mp4","Preview","","","Z:\bcbcbcbc\ca-ES\LocalMediaManager\Previews\SSIS-969\16.jpg","实体已登记到 MovieId 2536，禁止自动复用","70","ManualReview","LowConfidence","置信度低于 80，仅供人工核对。","False","False"
"13246","1254","SSIS-969","Z:\bcbcbcbc\ca-ES\data\已命名电影\SSIS-969+四星.mp4","Preview","","","Z:\bcbcbcbc\ca-ES\LocalMediaManager\Previews\SSIS-969\17.jpg","实体已登记到 MovieId 2536，禁止自动复用","70","ManualReview","LowConfidence","置信度低于 80，仅供人工核对。","False","False"
"13246","1254","SSIS-969","Z:\bcbcbcbc\ca-ES\data\已命名电影\SSIS-969+四星.mp4","Preview","","","Z:\bcbcbcbc\ca-ES\LocalMediaManager\Previews\SSIS-969\18.jpg","实体已登记到 MovieId 2536，禁止自动复用","70","ManualReview","LowConfidence","置信度低于 80，仅供人工核对。","False","False"
"13246","1254","SSIS-969","Z:\bcbcbcbc\ca-ES\data\已命名电影\SSIS-969+四星.mp4","Preview","","","Z:\bcbcbcbc\ca-ES\LocalMediaManager\Previews\SSIS-969\19.jpg","实体已登记到 MovieId 2536，禁止自动复用","70","ManualReview","LowConfidence","置信度低于 80，仅供人工核对。","False","False"
"13246","1254","SSIS-969","Z:\bcbcbcbc\ca-ES\data\已命名电影\SSIS-969+四星.mp4","Preview","","","Z:\bcbcbcbc\ca-ES\LocalMediaManager\Previews\SSIS-969\20.jpg","实体已登记到 MovieId 2536，禁止自动复用","70","ManualReview","LowConfidence","置信度低于 80，仅供人工核对。","False","False"
"13246","1380","SSIS-992","Z:\bcbcbcbc\ca-ES\data\已命名电影\SSIS-992+五星+高颜值.mp4","Preview","","","Z:\bcbcbcbc\ca-ES\LocalMediaManager\Previews\SSIS-992\01.jpg","实体已登记到 MovieId 2537，禁止自动复用","70","ManualReview","LowConfidence","置信度低于 80，仅供人工核对。","False","False"
"13246","1380","SSIS-992","Z:\bcbcbcbc\ca-ES\data\已命名电影\SSIS-992+五星+高颜值.mp4","Preview","","","Z:\bcbcbcbc\ca-ES\LocalMediaManager\Previews\SSIS-992\02.jpg","实体已登记到 MovieId 2537，禁止自动复用","70","ManualReview","LowConfidence","置信度低于 80，仅供人工核对。","False","False"
"13246","1380","SSIS-992","Z:\bcbcbcbc\ca-ES\data\已命名电影\SSIS-992+五星+高颜值.mp4","Preview","","","Z:\bcbcbcbc\ca-ES\LocalMediaManager\Previews\SSIS-992\03.jpg","实体已登记到 MovieId 2537，禁止自动复用","70","ManualReview","LowConfidence","置信度低于 80，仅供人工核对。","False","False"
"13246","1380","SSIS-992","Z:\bcbcbcbc\ca-ES\data\已命名电影\SSIS-992+五星+高颜值.mp4","Preview","","","Z:\bcbcbcbc\ca-ES\LocalMediaManager\Previews\SSIS-992\04.jpg","实体已登记到 MovieId 2537，禁止自动复用","70","ManualReview","LowConfidence","置信度低于 80，仅供人工核对。","False","False"
"13246","1380","SSIS-992","Z:\bcbcbcbc\ca-ES\data\已命名电影\SSIS-992+五星+高颜值.mp4","Preview","","","Z:\bcbcbcbc\ca-ES\LocalMediaManager\Previews\SSIS-992\05.jpg","实体已登记到 MovieId 2537，禁止自动复用","70","ManualReview","LowConfidence","置信度低于 80，仅供人工核对。","False","False"
"13246","1380","SSIS-992","Z:\bcbcbcbc\ca-ES\data\已命名电影\SSIS-992+五星+高颜值.mp4","Preview","","","Z:\bcbcbcbc\ca-ES\LocalMediaManager\Previews\SSIS-992\06.jpg","实体已登记到 MovieId 2537，禁止自动复用","70","ManualReview","LowConfidence","置信度低于 80，仅供人工核对。","False","False"
"13246","1380","SSIS-992","Z:\bcbcbcbc\ca-ES\data\已命名电影\SSIS-992+五星+高颜值.mp4","Preview","","","Z:\bcbcbcbc\ca-ES\LocalMediaManager\Previews\SSIS-992\07.jpg","实体已登记到 MovieId 2537，禁止自动复用","70","ManualReview","LowConfidence","置信度低于 80，仅供人工核对。","False","False"
"13246","1380","SSIS-992","Z:\bcbcbcbc\ca-ES\data\已命名电影\SSIS-992+五星+高颜值.mp4","Preview","","","Z:\bcbcbcbc\ca-ES\LocalMediaManager\Previews\SSIS-992\08.jpg","实体已登记到 MovieId 2537，禁止自动复用","70","ManualReview","LowConfidence","置信度低于 80，仅供人工核对。","False","False"
"13246","1380","SSIS-992","Z:\bcbcbcbc\ca-ES\data\已命名电影\SSIS-992+五星+高颜值.mp4","Preview","","","Z:\bcbcbcbc\ca-ES\LocalMediaManager\Previews\SSIS-992\09.jpg","实体已登记到 MovieId 2537，禁止自动复用","70","ManualReview","LowConfidence","置信度低于 80，仅供人工核对。","False","False"
"13246","1380","SSIS-992","Z:\bcbcbcbc\ca-ES\data\已命名电影\SSIS-992+五星+高颜值.mp4","Preview","","","Z:\bcbcbcbc\ca-ES\LocalMediaManager\Previews\SSIS-992\10.jpg","实体已登记到 MovieId 2537，禁止自动复用","70","ManualReview","LowConfidence","置信度低于 80，仅供人工核对。","False","False"
"13246","1380","SSIS-992","Z:\bcbcbcbc\ca-ES\data\已命名电影\SSIS-992+五星+高颜值.mp4","Preview","","","Z:\bcbcbcbc\ca-ES\LocalMediaManager\Previews\SSIS-992\11.jpg","实体已登记到 MovieId 2537，禁止自动复用","70","ManualReview","LowConfidence","置信度低于 80，仅供人工核对。","False","False"
"13246","1380","SSIS-992","Z:\bcbcbcbc\ca-ES\data\已命名电影\SSIS-992+五星+高颜值.mp4","Preview","","","Z:\bcbcbcbc\ca-ES\LocalMediaManager\Previews\SSIS-992\12.jpg","实体已登记到 MovieId 2537，禁止自动复用","70","ManualReview","LowConfidence","置信度低于 80，仅供人工核对。","False","False"
"13246","1380","SSIS-992","Z:\bcbcbcbc\ca-ES\data\已命名电影\SSIS-992+五星+高颜值.mp4","Preview","","","Z:\bcbcbcbc\ca-ES\LocalMediaManager\Previews\SSIS-992\13.jpg","实体已登记到 MovieId 2537，禁止自动复用","70","ManualReview","LowConfidence","置信度低于 80，仅供人工核对。","False","False"
"13246","1380","SSIS-992","Z:\bcbcbcbc\ca-ES\data\已命名电影\SSIS-992+五星+高颜值.mp4","Preview","","","Z:\bcbcbcbc\ca-ES\LocalMediaManager\Previews\SSIS-992\14.jpg","实体已登记到 MovieId 2537，禁止自动复用","70","ManualReview","LowConfidence","置信度低于 80，仅供人工核对。","False","False"
"13246","1380","SSIS-992","Z:\bcbcbcbc\ca-ES\data\已命名电影\SSIS-992+五星+高颜值.mp4","Preview","","","Z:\bcbcbcbc\ca-ES\LocalMediaManager\Previews\SSIS-992\15.jpg","实体已登记到 MovieId 2537，禁止自动复用","70","ManualReview","LowConfidence","置信度低于 80，仅供人工核对。","False","False"
"13246","1380","SSIS-992","Z:\bcbcbcbc\ca-ES\data\已命名电影\SSIS-992+五星+高颜值.mp4","Preview","","","Z:\bcbcbcbc\ca-ES\LocalMediaManager\Previews\SSIS-992\16.jpg","实体已登记到 MovieId 2537，禁止自动复用","70","ManualReview","LowConfidence","置信度低于 80，仅供人工核对。","False","False"
"13246","1380","SSIS-992","Z:\bcbcbcbc\ca-ES\data\已命名电影\SSIS-992+五星+高颜值.mp4","Preview","","","Z:\bcbcbcbc\ca-ES\LocalMediaManager\Previews\SSIS-992\17.jpg","实体已登记到 MovieId 2537，禁止自动复用","70","ManualReview","LowConfidence","置信度低于 80，仅供人工核对。","False","False"
"13246","1380","SSIS-992","Z:\bcbcbcbc\ca-ES\data\已命名电影\SSIS-992+五星+高颜值.mp4","Preview","","","Z:\bcbcbcbc\ca-ES\LocalMediaManager\Previews\SSIS-992\18.jpg","实体已登记到 MovieId 2537，禁止自动复用","70","ManualReview","LowConfidence","置信度低于 80，仅供人工核对。","False","False"
"13246","1380","SSIS-992","Z:\bcbcbcbc\ca-ES\data\已命名电影\SSIS-992+五星+高颜值.mp4","Preview","","","Z:\bcbcbcbc\ca-ES\LocalMediaManager\Previews\SSIS-992\19.jpg","实体已登记到 MovieId 2537，禁止自动复用","70","ManualReview","LowConfidence","置信度低于 80，仅供人工核对。","False","False"
"13246","1380","SSIS-992","Z:\bcbcbcbc\ca-ES\data\已命名电影\SSIS-992+五星+高颜值.mp4","Preview","","","Z:\bcbcbcbc\ca-ES\LocalMediaManager\Previews\SSIS-992\20.jpg","实体已登记到 MovieId 2537，禁止自动复用","70","ManualReview","LowConfidence","置信度低于 80，仅供人工核对。","False","False"
"13246","1389","SONE-043","Z:\bcbcbcbc\ca-ES\data\已命名电影\SONE-043+五星+娇小可爱清纯+高颜值.mp4","Preview","","","Z:\bcbcbcbc\ca-ES\LocalMediaManager\Previews\SONE-043\01.jpg","实体已登记到 MovieId 2526，禁止自动复用","70","ManualReview","LowConfidence","置信度低于 80，仅供人工核对。","False","False"
"13246","1389","SONE-043","Z:\bcbcbcbc\ca-ES\data\已命名电影\SONE-043+五星+娇小可爱清纯+高颜值.mp4","Preview","","","Z:\bcbcbcbc\ca-ES\LocalMediaManager\Previews\SONE-043\02.jpg","实体已登记到 MovieId 2526，禁止自动复用","70","ManualReview","LowConfidence","置信度低于 80，仅供人工核对。","False","False"
"13246","1389","SONE-043","Z:\bcbcbcbc\ca-ES\data\已命名电影\SONE-043+五星+娇小可爱清纯+高颜值.mp4","Preview","","","Z:\bcbcbcbc\ca-ES\LocalMediaManager\Previews\SONE-043\03.jpg","实体已登记到 MovieId 2526，禁止自动复用","70","ManualReview","LowConfidence","置信度低于 80，仅供人工核对。","False","False"
"13246","1389","SONE-043","Z:\bcbcbcbc\ca-ES\data\已命名电影\SONE-043+五星+娇小可爱清纯+高颜值.mp4","Preview","","","Z:\bcbcbcbc\ca-ES\LocalMediaManager\Previews\SONE-043\04.jpg","实体已登记到 MovieId 2526，禁止自动复用","70","ManualReview","LowConfidence","置信度低于 80，仅供人工核对。","False","False"
"13246","1389","SONE-043","Z:\bcbcbcbc\ca-ES\data\已命名电影\SONE-043+五星+娇小可爱清纯+高颜值.mp4","Preview","","","Z:\bcbcbcbc\ca-ES\LocalMediaManager\Previews\SONE-043\05.jpg","实体已登记到 MovieId 2526，禁止自动复用","70","ManualReview","LowConfidence","置信度低于 80，仅供人工核对。","False","False"
"13246","1389","SONE-043","Z:\bcbcbcbc\ca-ES\data\已命名电影\SONE-043+五星+娇小可爱清纯+高颜值.mp4","Preview","","","Z:\bcbcbcbc\ca-ES\LocalMediaManager\Previews\SONE-043\06.jpg","实体已登记到 MovieId 2526，禁止自动复用","70","ManualReview","LowConfidence","置信度低于 80，仅供人工核对。","False","False"
"13246","1389","SONE-043","Z:\bcbcbcbc\ca-ES\data\已命名电影\SONE-043+五星+娇小可爱清纯+高颜值.mp4","Preview","","","Z:\bcbcbcbc\ca-ES\LocalMediaManager\Previews\SONE-043\07.jpg","实体已登记到 MovieId 2526，禁止自动复用","70","ManualReview","LowConfidence","置信度低于 80，仅供人工核对。","False","False"
"13246","1389","SONE-043","Z:\bcbcbcbc\ca-ES\data\已命名电影\SONE-043+五星+娇小可爱清纯+高颜值.mp4","Preview","","","Z:\bcbcbcbc\ca-ES\LocalMediaManager\Previews\SONE-043\08.jpg","实体已登记到 MovieId 2526，禁止自动复用","70","ManualReview","LowConfidence","置信度低于 80，仅供人工核对。","False","False"
"13246","1389","SONE-043","Z:\bcbcbcbc\ca-ES\data\已命名电影\SONE-043+五星+娇小可爱清纯+高颜值.mp4","Preview","","","Z:\bcbcbcbc\ca-ES\LocalMediaManager\Previews\SONE-043\09.jpg","实体已登记到 MovieId 2526，禁止自动复用","70","ManualReview","LowConfidence","置信度低于 80，仅供人工核对。","False","False"
"13246","1389","SONE-043","Z:\bcbcbcbc\ca-ES\data\已命名电影\SONE-043+五星+娇小可爱清纯+高颜值.mp4","Preview","","","Z:\bcbcbcbc\ca-ES\LocalMediaManager\Previews\SONE-043\10.jpg","实体已登记到 MovieId 2526，禁止自动复用","70","ManualReview","LowConfidence","置信度低于 80，仅供人工核对。","False","False"
"13246","1389","SONE-043","Z:\bcbcbcbc\ca-ES\data\已命名电影\SONE-043+五星+娇小可爱清纯+高颜值.mp4","Preview","","","Z:\bcbcbcbc\ca-ES\LocalMediaManager\Previews\SONE-043\11.jpg","实体已登记到 MovieId 2526，禁止自动复用","70","ManualReview","LowConfidence","置信度低于 80，仅供人工核对。","False","False"
"13246","1389","SONE-043","Z:\bcbcbcbc\ca-ES\data\已命名电影\SONE-043+五星+娇小可爱清纯+高颜值.mp4","Preview","","","Z:\bcbcbcbc\ca-ES\LocalMediaManager\Previews\SONE-043\12.jpg","实体已登记到 MovieId 2526，禁止自动复用","70","ManualReview","LowConfidence","置信度低于 80，仅供人工核对。","False","False"
"13246","1389","SONE-043","Z:\bcbcbcbc\ca-ES\data\已命名电影\SONE-043+五星+娇小可爱清纯+高颜值.mp4","Preview","","","Z:\bcbcbcbc\ca-ES\LocalMediaManager\Previews\SONE-043\13.jpg","实体已登记到 MovieId 2526，禁止自动复用","70","ManualReview","LowConfidence","置信度低于 80，仅供人工核对。","False","False"
"13246","1389","SONE-043","Z:\bcbcbcbc\ca-ES\data\已命名电影\SONE-043+五星+娇小可爱清纯+高颜值.mp4","Preview","","","Z:\bcbcbcbc\ca-ES\LocalMediaManager\Previews\SONE-043\14.jpg","实体已登记到 MovieId 2526，禁止自动复用","70","ManualReview","LowConfidence","置信度低于 80，仅供人工核对。","False","False"
"13246","1389","SONE-043","Z:\bcbcbcbc\ca-ES\data\已命名电影\SONE-043+五星+娇小可爱清纯+高颜值.mp4","Preview","","","Z:\bcbcbcbc\ca-ES\LocalMediaManager\Previews\SONE-043\15.jpg","实体已登记到 MovieId 2526，禁止自动复用","70","ManualReview","LowConfidence","置信度低于 80，仅供人工核对。","False","False"
"13246","1389","SONE-043","Z:\bcbcbcbc\ca-ES\data\已命名电影\SONE-043+五星+娇小可爱清纯+高颜值.mp4","Preview","","","Z:\bcbcbcbc\ca-ES\LocalMediaManager\Previews\SONE-043\16.jpg","实体已登记到 MovieId 2526，禁止自动复用","70","ManualReview","LowConfidence","置信度低于 80，仅供人工核对。","False","False"
"13246","1389","SONE-043","Z:\bcbcbcbc\ca-ES\data\已命名电影\SONE-043+五星+娇小可爱清纯+高颜值.mp4","Preview","","","Z:\bcbcbcbc\ca-ES\LocalMediaManager\Previews\SONE-043\17.jpg","实体已登记到 MovieId 2526，禁止自动复用","70","ManualReview","LowConfidence","置信度低于 80，仅供人工核对。","False","False"
"13246","1389","SONE-043","Z:\bcbcbcbc\ca-ES\data\已命名电影\SONE-043+五星+娇小可爱清纯+高颜值.mp4","Preview","","","Z:\bcbcbcbc\ca-ES\LocalMediaManager\Previews\SONE-043\18.jpg","实体已登记到 MovieId 2526，禁止自动复用","70","ManualReview","LowConfidence","置信度低于 80，仅供人工核对。","False","False"
"13246","1389","SONE-043","Z:\bcbcbcbc\ca-ES\data\已命名电影\SONE-043+五星+娇小可爱清纯+高颜值.mp4","Preview","","","Z:\bcbcbcbc\ca-ES\LocalMediaManager\Previews\SONE-043\19.jpg","实体已登记到 MovieId 2526，禁止自动复用","70","ManualReview","LowConfidence","置信度低于 80，仅供人工核对。","False","False"
"13246","1389","SONE-043","Z:\bcbcbcbc\ca-ES\data\已命名电影\SONE-043+五星+娇小可爱清纯+高颜值.mp4","Preview","","","Z:\bcbcbcbc\ca-ES\LocalMediaManager\Previews\SONE-043\20.jpg","实体已登记到 MovieId 2526，禁止自动复用","70","ManualReview","LowConfidence","置信度低于 80，仅供人工核对。","False","False"
"13246","1389","SONE-043","Z:\bcbcbcbc\ca-ES\data\已命名电影\SONE-043+五星+娇小可爱清纯+高颜值.mp4","Preview","","","Z:\bcbcbcbc\ca-ES\LocalMediaManager\Previews\SONE-043\21.jpg","实体已登记到 MovieId 2526，禁止自动复用","70","ManualReview","LowConfidence","置信度低于 80，仅供人工核对。","False","False"
"13246","1389","SONE-043","Z:\bcbcbcbc\ca-ES\data\已命名电影\SONE-043+五星+娇小可爱清纯+高颜值.mp4","Preview","","","Z:\bcbcbcbc\ca-ES\LocalMediaManager\Previews\SONE-043\22.jpg","实体已登记到 MovieId 2526，禁止自动复用","70","ManualReview","LowConfidence","置信度低于 80，仅供人工核对。","False","False"
"13246","1389","SONE-043","Z:\bcbcbcbc\ca-ES\data\已命名电影\SONE-043+五星+娇小可爱清纯+高颜值.mp4","Preview","","","Z:\bcbcbcbc\ca-ES\LocalMediaManager\Previews\SONE-043\23.jpg","实体已登记到 MovieId 2526，禁止自动复用","70","ManualReview","LowConfidence","置信度低于 80，仅供人工核对。","False","False"
"13246","1389","SONE-043","Z:\bcbcbcbc\ca-ES\data\已命名电影\SONE-043+五星+娇小可爱清纯+高颜值.mp4","Preview","","","Z:\bcbcbcbc\ca-ES\LocalMediaManager\Previews\SONE-043\24.jpg","实体已登记到 MovieId 2526，禁止自动复用","70","ManualReview","LowConfidence","置信度低于 80，仅供人工核对。","False","False"
"13246","1392","SSIS-629","Z:\bcbcbcbc\ca-ES\data\已命名电影\SSIS-629+五星+按摩+高颜值.mp4","Preview","","","Z:\bcbcbcbc\ca-ES\LocalMediaManager\Previews\SSIS-629\01.jpg","实体已登记到 MovieId 2532，禁止自动复用","70","ManualReview","LowConfidence","置信度低于 80，仅供人工核对。","False","False"
"13246","1392","SSIS-629","Z:\bcbcbcbc\ca-ES\data\已命名电影\SSIS-629+五星+按摩+高颜值.mp4","Preview","","","Z:\bcbcbcbc\ca-ES\LocalMediaManager\Previews\SSIS-629\02.jpg","实体已登记到 MovieId 2532，禁止自动复用","70","ManualReview","LowConfidence","置信度低于 80，仅供人工核对。","False","False"
"13246","1392","SSIS-629","Z:\bcbcbcbc\ca-ES\data\已命名电影\SSIS-629+五星+按摩+高颜值.mp4","Preview","","","Z:\bcbcbcbc\ca-ES\LocalMediaManager\Previews\SSIS-629\03.jpg","实体已登记到 MovieId 2532，禁止自动复用","70","ManualReview","LowConfidence","置信度低于 80，仅供人工核对。","False","False"
"13246","1392","SSIS-629","Z:\bcbcbcbc\ca-ES\data\已命名电影\SSIS-629+五星+按摩+高颜值.mp4","Preview","","","Z:\bcbcbcbc\ca-ES\LocalMediaManager\Previews\SSIS-629\04.jpg","实体已登记到 MovieId 2532，禁止自动复用","70","ManualReview","LowConfidence","置信度低于 80，仅供人工核对。","False","False"
"13246","1392","SSIS-629","Z:\bcbcbcbc\ca-ES\data\已命名电影\SSIS-629+五星+按摩+高颜值.mp4","Preview","","","Z:\bcbcbcbc\ca-ES\LocalMediaManager\Previews\SSIS-629\05.jpg","实体已登记到 MovieId 2532，禁止自动复用","70","ManualReview","LowConfidence","置信度低于 80，仅供人工核对。","False","False"
"13246","1392","SSIS-629","Z:\bcbcbcbc\ca-ES\data\已命名电影\SSIS-629+五星+按摩+高颜值.mp4","Preview","","","Z:\bcbcbcbc\ca-ES\LocalMediaManager\Previews\SSIS-629\06.jpg","实体已登记到 MovieId 2532，禁止自动复用","70","ManualReview","LowConfidence","置信度低于 80，仅供人工核对。","False","False"
"13246","1392","SSIS-629","Z:\bcbcbcbc\ca-ES\data\已命名电影\SSIS-629+五星+按摩+高颜值.mp4","Preview","","","Z:\bcbcbcbc\ca-ES\LocalMediaManager\Previews\SSIS-629\07.jpg","实体已登记到 MovieId 2532，禁止自动复用","70","ManualReview","LowConfidence","置信度低于 80，仅供人工核对。","False","False"
"13246","1392","SSIS-629","Z:\bcbcbcbc\ca-ES\data\已命名电影\SSIS-629+五星+按摩+高颜值.mp4","Preview","","","Z:\bcbcbcbc\ca-ES\LocalMediaManager\Previews\SSIS-629\08.jpg","实体已登记到 MovieId 2532，禁止自动复用","70","ManualReview","LowConfidence","置信度低于 80，仅供人工核对。","False","False"
"13246","1392","SSIS-629","Z:\bcbcbcbc\ca-ES\data\已命名电影\SSIS-629+五星+按摩+高颜值.mp4","Preview","","","Z:\bcbcbcbc\ca-ES\LocalMediaManager\Previews\SSIS-629\09.jpg","实体已登记到 MovieId 2532，禁止自动复用","70","ManualReview","LowConfidence","置信度低于 80，仅供人工核对。","False","False"
"13246","1392","SSIS-629","Z:\bcbcbcbc\ca-ES\data\已命名电影\SSIS-629+五星+按摩+高颜值.mp4","Preview","","","Z:\bcbcbcbc\ca-ES\LocalMediaManager\Previews\SSIS-629\10.jpg","实体已登记到 MovieId 2532，禁止自动复用","70","ManualReview","LowConfidence","置信度低于 80，仅供人工核对。","False","False"
"13246","1392","SSIS-629","Z:\bcbcbcbc\ca-ES\data\已命名电影\SSIS-629+五星+按摩+高颜值.mp4","Preview","","","Z:\bcbcbcbc\ca-ES\LocalMediaManager\Previews\SSIS-629\11.jpg","实体已登记到 MovieId 2532，禁止自动复用","70","ManualReview","LowConfidence","置信度低于 80，仅供人工核对。","False","False"
"13246","1392","SSIS-629","Z:\bcbcbcbc\ca-ES\data\已命名电影\SSIS-629+五星+按摩+高颜值.mp4","Preview","","","Z:\bcbcbcbc\ca-ES\LocalMediaManager\Previews\SSIS-629\12.jpg","实体已登记到 MovieId 2532，禁止自动复用","70","ManualReview","LowConfidence","置信度低于 80，仅供人工核对。","False","False"
"13246","1392","SSIS-629","Z:\bcbcbcbc\ca-ES\data\已命名电影\SSIS-629+五星+按摩+高颜值.mp4","Preview","","","Z:\bcbcbcbc\ca-ES\LocalMediaManager\Previews\SSIS-629\13.jpg","实体已登记到 MovieId 2532，禁止自动复用","70","ManualReview","LowConfidence","置信度低于 80，仅供人工核对。","False","False"
"13246","1392","SSIS-629","Z:\bcbcbcbc\ca-ES\data\已命名电影\SSIS-629+五星+按摩+高颜值.mp4","Preview","","","Z:\bcbcbcbc\ca-ES\LocalMediaManager\Previews\SSIS-629\14.jpg","实体已登记到 MovieId 2532，禁止自动复用","70","ManualReview","LowConfidence","置信度低于 80，仅供人工核对。","False","False"
"13246","1392","SSIS-629","Z:\bcbcbcbc\ca-ES\data\已命名电影\SSIS-629+五星+按摩+高颜值.mp4","Preview","","","Z:\bcbcbcbc\ca-ES\LocalMediaManager\Previews\SSIS-629\15.jpg","实体已登记到 MovieId 2532，禁止自动复用","70","ManualReview","LowConfidence","置信度低于 80，仅供人工核对。","False","False"
"13246","1392","SSIS-629","Z:\bcbcbcbc\ca-ES\data\已命名电影\SSIS-629+五星+按摩+高颜值.mp4","Preview","","","Z:\bcbcbcbc\ca-ES\LocalMediaManager\Previews\SSIS-629\16.jpg","实体已登记到 MovieId 2532，禁止自动复用","70","ManualReview","LowConfidence","置信度低于 80，仅供人工核对。","False","False"
"13246","1392","SSIS-629","Z:\bcbcbcbc\ca-ES\data\已命名电影\SSIS-629+五星+按摩+高颜值.mp4","Preview","","","Z:\bcbcbcbc\ca-ES\LocalMediaManager\Previews\SSIS-629\17.jpg","实体已登记到 MovieId 2532，禁止自动复用","70","ManualReview","LowConfidence","置信度低于 80，仅供人工核对。","False","False"
"13246","1392","SSIS-629","Z:\bcbcbcbc\ca-ES\data\已命名电影\SSIS-629+五星+按摩+高颜值.mp4","Preview","","","Z:\bcbcbcbc\ca-ES\LocalMediaManager\Previews\SSIS-629\18.jpg","实体已登记到 MovieId 2532，禁止自动复用","70","ManualReview","LowConfidence","置信度低于 80，仅供人工核对。","False","False"
"13246","1392","SSIS-629","Z:\bcbcbcbc\ca-ES\data\已命名电影\SSIS-629+五星+按摩+高颜值.mp4","Preview","","","Z:\bcbcbcbc\ca-ES\LocalMediaManager\Previews\SSIS-629\19.jpg","实体已登记到 MovieId 2532，禁止自动复用","70","ManualReview","LowConfidence","置信度低于 80，仅供人工核对。","False","False"
"13246","1392","SSIS-629","Z:\bcbcbcbc\ca-ES\data\已命名电影\SSIS-629+五星+按摩+高颜值.mp4","Preview","","","Z:\bcbcbcbc\ca-ES\LocalMediaManager\Previews\SSIS-629\20.jpg","实体已登记到 MovieId 2532，禁止自动复用","70","ManualReview","LowConfidence","置信度低于 80，仅供人工核对。","False","False"
"13246","1393","SSIS-845","Z:\bcbcbcbc\ca-ES\data\已命名电影\SSIS-845+五星+高颜值.mp4","Preview","","","Z:\bcbcbcbc\ca-ES\LocalMediaManager\Previews\SSIS-845\01.jpg","实体已登记到 MovieId 2847，禁止自动复用","70","ManualReview","LowConfidence","置信度低于 80，仅供人工核对。","False","False"
"13246","1393","SSIS-845","Z:\bcbcbcbc\ca-ES\data\已命名电影\SSIS-845+五星+高颜值.mp4","Preview","","","Z:\bcbcbcbc\ca-ES\LocalMediaManager\Previews\SSIS-845\02.jpg","实体已登记到 MovieId 2847，禁止自动复用","70","ManualReview","LowConfidence","置信度低于 80，仅供人工核对。","False","False"
"13246","1393","SSIS-845","Z:\bcbcbcbc\ca-ES\data\已命名电影\SSIS-845+五星+高颜值.mp4","Preview","","","Z:\bcbcbcbc\ca-ES\LocalMediaManager\Previews\SSIS-845\03.jpg","实体已登记到 MovieId 2847，禁止自动复用","70","ManualReview","LowConfidence","置信度低于 80，仅供人工核对。","False","False"
"13246","1393","SSIS-845","Z:\bcbcbcbc\ca-ES\data\已命名电影\SSIS-845+五星+高颜值.mp4","Preview","","","Z:\bcbcbcbc\ca-ES\LocalMediaManager\Previews\SSIS-845\04.jpg","实体已登记到 MovieId 2847，禁止自动复用","70","ManualReview","LowConfidence","置信度低于 80，仅供人工核对。","False","False"
"13246","1393","SSIS-845","Z:\bcbcbcbc\ca-ES\data\已命名电影\SSIS-845+五星+高颜值.mp4","Preview","","","Z:\bcbcbcbc\ca-ES\LocalMediaManager\Previews\SSIS-845\05.jpg","实体已登记到 MovieId 2847，禁止自动复用","70","ManualReview","LowConfidence","置信度低于 80，仅供人工核对。","False","False"
"13246","1393","SSIS-845","Z:\bcbcbcbc\ca-ES\data\已命名电影\SSIS-845+五星+高颜值.mp4","Preview","","","Z:\bcbcbcbc\ca-ES\LocalMediaManager\Previews\SSIS-845\06.jpg","实体已登记到 MovieId 2847，禁止自动复用","70","ManualReview","LowConfidence","置信度低于 80，仅供人工核对。","False","False"
"13246","1393","SSIS-845","Z:\bcbcbcbc\ca-ES\data\已命名电影\SSIS-845+五星+高颜值.mp4","Preview","","","Z:\bcbcbcbc\ca-ES\LocalMediaManager\Previews\SSIS-845\07.jpg","实体已登记到 MovieId 2847，禁止自动复用","70","ManualReview","LowConfidence","置信度低于 80，仅供人工核对。","False","False"
"13246","1393","SSIS-845","Z:\bcbcbcbc\ca-ES\data\已命名电影\SSIS-845+五星+高颜值.mp4","Preview","","","Z:\bcbcbcbc\ca-ES\LocalMediaManager\Previews\SSIS-845\08.jpg","实体已登记到 MovieId 2847，禁止自动复用","70","ManualReview","LowConfidence","置信度低于 80，仅供人工核对。","False","False"
"13246","1393","SSIS-845","Z:\bcbcbcbc\ca-ES\data\已命名电影\SSIS-845+五星+高颜值.mp4","Preview","","","Z:\bcbcbcbc\ca-ES\LocalMediaManager\Previews\SSIS-845\09.jpg","实体已登记到 MovieId 2847，禁止自动复用","70","ManualReview","LowConfidence","置信度低于 80，仅供人工核对。","False","False"
"13246","1393","SSIS-845","Z:\bcbcbcbc\ca-ES\data\已命名电影\SSIS-845+五星+高颜值.mp4","Preview","","","Z:\bcbcbcbc\ca-ES\LocalMediaManager\Previews\SSIS-845\10.jpg","实体已登记到 MovieId 2847，禁止自动复用","70","ManualReview","LowConfidence","置信度低于 80，仅供人工核对。","False","False"
"13246","1393","SSIS-845","Z:\bcbcbcbc\ca-ES\data\已命名电影\SSIS-845+五星+高颜值.mp4","Preview","","","Z:\bcbcbcbc\ca-ES\LocalMediaManager\Previews\SSIS-845\11.jpg","实体已登记到 MovieId 2847，禁止自动复用","70","ManualReview","LowConfidence","置信度低于 80，仅供人工核对。","False","False"
"13246","1393","SSIS-845","Z:\bcbcbcbc\ca-ES\data\已命名电影\SSIS-845+五星+高颜值.mp4","Preview","","","Z:\bcbcbcbc\ca-ES\LocalMediaManager\Previews\SSIS-845\12.jpg","实体已登记到 MovieId 2847，禁止自动复用","70","ManualReview","LowConfidence","置信度低于 80，仅供人工核对。","False","False"
"13246","1393","SSIS-845","Z:\bcbcbcbc\ca-ES\data\已命名电影\SSIS-845+五星+高颜值.mp4","Preview","","","Z:\bcbcbcbc\ca-ES\LocalMediaManager\Previews\SSIS-845\13.jpg","实体已登记到 MovieId 2847，禁止自动复用","70","ManualReview","LowConfidence","置信度低于 80，仅供人工核对。","False","False"
"13246","1393","SSIS-845","Z:\bcbcbcbc\ca-ES\data\已命名电影\SSIS-845+五星+高颜值.mp4","Preview","","","Z:\bcbcbcbc\ca-ES\LocalMediaManager\Previews\SSIS-845\14.jpg","实体已登记到 MovieId 2847，禁止自动复用","70","ManualReview","LowConfidence","置信度低于 80，仅供人工核对。","False","False"
"13246","1393","SSIS-845","Z:\bcbcbcbc\ca-ES\data\已命名电影\SSIS-845+五星+高颜值.mp4","Preview","","","Z:\bcbcbcbc\ca-ES\LocalMediaManager\Previews\SSIS-845\15.jpg","实体已登记到 MovieId 2847，禁止自动复用","70","ManualReview","LowConfidence","置信度低于 80，仅供人工核对。","False","False"
"13246","1393","SSIS-845","Z:\bcbcbcbc\ca-ES\data\已命名电影\SSIS-845+五星+高颜值.mp4","Preview","","","Z:\bcbcbcbc\ca-ES\LocalMediaManager\Previews\SSIS-845\16.jpg","实体已登记到 MovieId 2847，禁止自动复用","70","ManualReview","LowConfidence","置信度低于 80，仅供人工核对。","False","False"
"13246","1393","SSIS-845","Z:\bcbcbcbc\ca-ES\data\已命名电影\SSIS-845+五星+高颜值.mp4","Preview","","","Z:\bcbcbcbc\ca-ES\LocalMediaManager\Previews\SSIS-845\17.jpg","实体已登记到 MovieId 2847，禁止自动复用","70","ManualReview","LowConfidence","置信度低于 80，仅供人工核对。","False","False"
"13246","1393","SSIS-845","Z:\bcbcbcbc\ca-ES\data\已命名电影\SSIS-845+五星+高颜值.mp4","Preview","","","Z:\bcbcbcbc\ca-ES\LocalMediaManager\Previews\SSIS-845\18.jpg","实体已登记到 MovieId 2847，禁止自动复用","70","ManualReview","LowConfidence","置信度低于 80，仅供人工核对。","False","False"
"13246","1393","SSIS-845","Z:\bcbcbcbc\ca-ES\data\已命名电影\SSIS-845+五星+高颜值.mp4","Preview","","","Z:\bcbcbcbc\ca-ES\LocalMediaManager\Previews\SSIS-845\19.jpg","实体已登记到 MovieId 2847，禁止自动复用","70","ManualReview","LowConfidence","置信度低于 80，仅供人工核对。","False","False"
"13246","1393","SSIS-845","Z:\bcbcbcbc\ca-ES\data\已命名电影\SSIS-845+五星+高颜值.mp4","Preview","","","Z:\bcbcbcbc\ca-ES\LocalMediaManager\Previews\SSIS-845\20.jpg","实体已登记到 MovieId 2847，禁止自动复用","70","ManualReview","LowConfidence","置信度低于 80，仅供人工核对。","False","False"
"13246","1395","SSIS-905","Z:\bcbcbcbc\ca-ES\data\已命名电影\SSIS-905+四星+清原みゆう.mkv","Preview","","","Z:\bcbcbcbc\ca-ES\LocalMediaManager\Previews\SSIS-905\01.jpg","实体已登记到 MovieId 2534，禁止自动复用","70","ManualReview","LowConfidence","置信度低于 80，仅供人工核对。","False","False"
"13246","1395","SSIS-905","Z:\bcbcbcbc\ca-ES\data\已命名电影\SSIS-905+四星+清原みゆう.mkv","Preview","","","Z:\bcbcbcbc\ca-ES\LocalMediaManager\Previews\SSIS-905\02.jpg","实体已登记到 MovieId 2534，禁止自动复用","70","ManualReview","LowConfidence","置信度低于 80，仅供人工核对。","False","False"
"13246","1395","SSIS-905","Z:\bcbcbcbc\ca-ES\data\已命名电影\SSIS-905+四星+清原みゆう.mkv","Preview","","","Z:\bcbcbcbc\ca-ES\LocalMediaManager\Previews\SSIS-905\03.jpg","实体已登记到 MovieId 2534，禁止自动复用","70","ManualReview","LowConfidence","置信度低于 80，仅供人工核对。","False","False"
"13246","1395","SSIS-905","Z:\bcbcbcbc\ca-ES\data\已命名电影\SSIS-905+四星+清原みゆう.mkv","Preview","","","Z:\bcbcbcbc\ca-ES\LocalMediaManager\Previews\SSIS-905\04.jpg","实体已登记到 MovieId 2534，禁止自动复用","70","ManualReview","LowConfidence","置信度低于 80，仅供人工核对。","False","False"
"13246","1395","SSIS-905","Z:\bcbcbcbc\ca-ES\data\已命名电影\SSIS-905+四星+清原みゆう.mkv","Preview","","","Z:\bcbcbcbc\ca-ES\LocalMediaManager\Previews\SSIS-905\05.jpg","实体已登记到 MovieId 2534，禁止自动复用","70","ManualReview","LowConfidence","置信度低于 80，仅供人工核对。","False","False"
"13246","1395","SSIS-905","Z:\bcbcbcbc\ca-ES\data\已命名电影\SSIS-905+四星+清原みゆう.mkv","Preview","","","Z:\bcbcbcbc\ca-ES\LocalMediaManager\Previews\SSIS-905\06.jpg","实体已登记到 MovieId 2534，禁止自动复用","70","ManualReview","LowConfidence","置信度低于 80，仅供人工核对。","False","False"
"13246","1395","SSIS-905","Z:\bcbcbcbc\ca-ES\data\已命名电影\SSIS-905+四星+清原みゆう.mkv","Preview","","","Z:\bcbcbcbc\ca-ES\LocalMediaManager\Previews\SSIS-905\07.jpg","实体已登记到 MovieId 2534，禁止自动复用","70","ManualReview","LowConfidence","置信度低于 80，仅供人工核对。","False","False"
"13246","1395","SSIS-905","Z:\bcbcbcbc\ca-ES\data\已命名电影\SSIS-905+四星+清原みゆう.mkv","Preview","","","Z:\bcbcbcbc\ca-ES\LocalMediaManager\Previews\SSIS-905\08.jpg","实体已登记到 MovieId 2534，禁止自动复用","70","ManualReview","LowConfidence","置信度低于 80，仅供人工核对。","False","False"
"13246","1395","SSIS-905","Z:\bcbcbcbc\ca-ES\data\已命名电影\SSIS-905+四星+清原みゆう.mkv","Preview","","","Z:\bcbcbcbc\ca-ES\LocalMediaManager\Previews\SSIS-905\09.jpg","实体已登记到 MovieId 2534，禁止自动复用","70","ManualReview","LowConfidence","置信度低于 80，仅供人工核对。","False","False"
"13246","1395","SSIS-905","Z:\bcbcbcbc\ca-ES\data\已命名电影\SSIS-905+四星+清原みゆう.mkv","Preview","","","Z:\bcbcbcbc\ca-ES\LocalMediaManager\Previews\SSIS-905\10.jpg","实体已登记到 MovieId 2534，禁止自动复用","70","ManualReview","LowConfidence","置信度低于 80，仅供人工核对。","False","False"
"13246","1395","SSIS-905","Z:\bcbcbcbc\ca-ES\data\已命名电影\SSIS-905+四星+清原みゆう.mkv","Preview","","","Z:\bcbcbcbc\ca-ES\LocalMediaManager\Previews\SSIS-905\11.jpg","实体已登记到 MovieId 2534，禁止自动复用","70","ManualReview","LowConfidence","置信度低于 80，仅供人工核对。","False","False"
"13246","1395","SSIS-905","Z:\bcbcbcbc\ca-ES\data\已命名电影\SSIS-905+四星+清原みゆう.mkv","Preview","","","Z:\bcbcbcbc\ca-ES\LocalMediaManager\Previews\SSIS-905\12.jpg","实体已登记到 MovieId 2534，禁止自动复用","70","ManualReview","LowConfidence","置信度低于 80，仅供人工核对。","False","False"
"13246","1395","SSIS-905","Z:\bcbcbcbc\ca-ES\data\已命名电影\SSIS-905+四星+清原みゆう.mkv","Preview","","","Z:\bcbcbcbc\ca-ES\LocalMediaManager\Previews\SSIS-905\13.jpg","实体已登记到 MovieId 2534，禁止自动复用","70","ManualReview","LowConfidence","置信度低于 80，仅供人工核对。","False","False"
"13246","1395","SSIS-905","Z:\bcbcbcbc\ca-ES\data\已命名电影\SSIS-905+四星+清原みゆう.mkv","Preview","","","Z:\bcbcbcbc\ca-ES\LocalMediaManager\Previews\SSIS-905\14.jpg","实体已登记到 MovieId 2534，禁止自动复用","70","ManualReview","LowConfidence","置信度低于 80，仅供人工核对。","False","False"
"13246","1395","SSIS-905","Z:\bcbcbcbc\ca-ES\data\已命名电影\SSIS-905+四星+清原みゆう.mkv","Preview","","","Z:\bcbcbcbc\ca-ES\LocalMediaManager\Previews\SSIS-905\15.jpg","实体已登记到 MovieId 2534，禁止自动复用","70","ManualReview","LowConfidence","置信度低于 80，仅供人工核对。","False","False"
"13246","1395","SSIS-905","Z:\bcbcbcbc\ca-ES\data\已命名电影\SSIS-905+四星+清原みゆう.mkv","Preview","","","Z:\bcbcbcbc\ca-ES\LocalMediaManager\Previews\SSIS-905\16.jpg","实体已登记到 MovieId 2534，禁止自动复用","70","ManualReview","LowConfidence","置信度低于 80，仅供人工核对。","False","False"
"13246","1395","SSIS-905","Z:\bcbcbcbc\ca-ES\data\已命名电影\SSIS-905+四星+清原みゆう.mkv","Preview","","","Z:\bcbcbcbc\ca-ES\LocalMediaManager\Previews\SSIS-905\17.jpg","实体已登记到 MovieId 2534，禁止自动复用","70","ManualReview","LowConfidence","置信度低于 80，仅供人工核对。","False","False"
"13246","1395","SSIS-905","Z:\bcbcbcbc\ca-ES\data\已命名电影\SSIS-905+四星+清原みゆう.mkv","Preview","","","Z:\bcbcbcbc\ca-ES\LocalMediaManager\Previews\SSIS-905\18.jpg","实体已登记到 MovieId 2534，禁止自动复用","70","ManualReview","LowConfidence","置信度低于 80，仅供人工核对。","False","False"
"13246","1395","SSIS-905","Z:\bcbcbcbc\ca-ES\data\已命名电影\SSIS-905+四星+清原みゆう.mkv","Preview","","","Z:\bcbcbcbc\ca-ES\LocalMediaManager\Previews\SSIS-905\19.jpg","实体已登记到 MovieId 2534，禁止自动复用","70","ManualReview","LowConfidence","置信度低于 80，仅供人工核对。","False","False"
"13246","1395","SSIS-905","Z:\bcbcbcbc\ca-ES\data\已命名电影\SSIS-905+四星+清原みゆう.mkv","Preview","","","Z:\bcbcbcbc\ca-ES\LocalMediaManager\Previews\SSIS-905\20.jpg","实体已登记到 MovieId 2534，禁止自动复用","70","ManualReview","LowConfidence","置信度低于 80，仅供人工核对。","False","False"
"13246","1428","SONE-112","Z:\bcbcbcbc\ca-ES\data\已命名电影\SONE-112+五星+好身材大长腿+爆操+高颜值.mp4","Preview","","","Z:\bcbcbcbc\ca-ES\LocalMediaManager\Previews\SONE-112\01.jpg","实体已登记到 MovieId 2528，禁止自动复用","70","ManualReview","LowConfidence","置信度低于 80，仅供人工核对。","False","False"
"13246","1428","SONE-112","Z:\bcbcbcbc\ca-ES\data\已命名电影\SONE-112+五星+好身材大长腿+爆操+高颜值.mp4","Preview","","","Z:\bcbcbcbc\ca-ES\LocalMediaManager\Previews\SONE-112\02.jpg","实体已登记到 MovieId 2528，禁止自动复用","70","ManualReview","LowConfidence","置信度低于 80，仅供人工核对。","False","False"
"13246","1428","SONE-112","Z:\bcbcbcbc\ca-ES\data\已命名电影\SONE-112+五星+好身材大长腿+爆操+高颜值.mp4","Preview","","","Z:\bcbcbcbc\ca-ES\LocalMediaManager\Previews\SONE-112\03.jpg","实体已登记到 MovieId 2528，禁止自动复用","70","ManualReview","LowConfidence","置信度低于 80，仅供人工核对。","False","False"
"13246","1428","SONE-112","Z:\bcbcbcbc\ca-ES\data\已命名电影\SONE-112+五星+好身材大长腿+爆操+高颜值.mp4","Preview","","","Z:\bcbcbcbc\ca-ES\LocalMediaManager\Previews\SONE-112\04.jpg","实体已登记到 MovieId 2528，禁止自动复用","70","ManualReview","LowConfidence","置信度低于 80，仅供人工核对。","False","False"
"13246","1428","SONE-112","Z:\bcbcbcbc\ca-ES\data\已命名电影\SONE-112+五星+好身材大长腿+爆操+高颜值.mp4","Preview","","","Z:\bcbcbcbc\ca-ES\LocalMediaManager\Previews\SONE-112\05.jpg","实体已登记到 MovieId 2528，禁止自动复用","70","ManualReview","LowConfidence","置信度低于 80，仅供人工核对。","False","False"
"13246","1428","SONE-112","Z:\bcbcbcbc\ca-ES\data\已命名电影\SONE-112+五星+好身材大长腿+爆操+高颜值.mp4","Preview","","","Z:\bcbcbcbc\ca-ES\LocalMediaManager\Previews\SONE-112\06.jpg","实体已登记到 MovieId 2528，禁止自动复用","70","ManualReview","LowConfidence","置信度低于 80，仅供人工核对。","False","False"
"13246","1428","SONE-112","Z:\bcbcbcbc\ca-ES\data\已命名电影\SONE-112+五星+好身材大长腿+爆操+高颜值.mp4","Preview","","","Z:\bcbcbcbc\ca-ES\LocalMediaManager\Previews\SONE-112\07.jpg","实体已登记到 MovieId 2528，禁止自动复用","70","ManualReview","LowConfidence","置信度低于 80，仅供人工核对。","False","False"
"13246","1428","SONE-112","Z:\bcbcbcbc\ca-ES\data\已命名电影\SONE-112+五星+好身材大长腿+爆操+高颜值.mp4","Preview","","","Z:\bcbcbcbc\ca-ES\LocalMediaManager\Previews\SONE-112\08.jpg","实体已登记到 MovieId 2528，禁止自动复用","70","ManualReview","LowConfidence","置信度低于 80，仅供人工核对。","False","False"
"13246","1428","SONE-112","Z:\bcbcbcbc\ca-ES\data\已命名电影\SONE-112+五星+好身材大长腿+爆操+高颜值.mp4","Preview","","","Z:\bcbcbcbc\ca-ES\LocalMediaManager\Previews\SONE-112\09.jpg","实体已登记到 MovieId 2528，禁止自动复用","70","ManualReview","LowConfidence","置信度低于 80，仅供人工核对。","False","False"
"13246","1428","SONE-112","Z:\bcbcbcbc\ca-ES\data\已命名电影\SONE-112+五星+好身材大长腿+爆操+高颜值.mp4","Preview","","","Z:\bcbcbcbc\ca-ES\LocalMediaManager\Previews\SONE-112\10.jpg","实体已登记到 MovieId 2528，禁止自动复用","70","ManualReview","LowConfidence","置信度低于 80，仅供人工核对。","False","False"
"13246","1428","SONE-112","Z:\bcbcbcbc\ca-ES\data\已命名电影\SONE-112+五星+好身材大长腿+爆操+高颜值.mp4","Preview","","","Z:\bcbcbcbc\ca-ES\LocalMediaManager\Previews\SONE-112\11.jpg","实体已登记到 MovieId 2528，禁止自动复用","70","ManualReview","LowConfidence","置信度低于 80，仅供人工核对。","False","False"
"13246","1428","SONE-112","Z:\bcbcbcbc\ca-ES\data\已命名电影\SONE-112+五星+好身材大长腿+爆操+高颜值.mp4","Preview","","","Z:\bcbcbcbc\ca-ES\LocalMediaManager\Previews\SONE-112\12.jpg","实体已登记到 MovieId 2528，禁止自动复用","70","ManualReview","LowConfidence","置信度低于 80，仅供人工核对。","False","False"
"13246","1428","SONE-112","Z:\bcbcbcbc\ca-ES\data\已命名电影\SONE-112+五星+好身材大长腿+爆操+高颜值.mp4","Preview","","","Z:\bcbcbcbc\ca-ES\LocalMediaManager\Previews\SONE-112\13.jpg","实体已登记到 MovieId 2528，禁止自动复用","70","ManualReview","LowConfidence","置信度低于 80，仅供人工核对。","False","False"
"13246","1428","SONE-112","Z:\bcbcbcbc\ca-ES\data\已命名电影\SONE-112+五星+好身材大长腿+爆操+高颜值.mp4","Preview","","","Z:\bcbcbcbc\ca-ES\LocalMediaManager\Previews\SONE-112\14.jpg","实体已登记到 MovieId 2528，禁止自动复用","70","ManualReview","LowConfidence","置信度低于 80，仅供人工核对。","False","False"
"13246","1428","SONE-112","Z:\bcbcbcbc\ca-ES\data\已命名电影\SONE-112+五星+好身材大长腿+爆操+高颜值.mp4","Preview","","","Z:\bcbcbcbc\ca-ES\LocalMediaManager\Previews\SONE-112\15.jpg","实体已登记到 MovieId 2528，禁止自动复用","70","ManualReview","LowConfidence","置信度低于 80，仅供人工核对。","False","False"
"13246","1428","SONE-112","Z:\bcbcbcbc\ca-ES\data\已命名电影\SONE-112+五星+好身材大长腿+爆操+高颜值.mp4","Preview","","","Z:\bcbcbcbc\ca-ES\LocalMediaManager\Previews\SONE-112\16.jpg","实体已登记到 MovieId 2528，禁止自动复用","70","ManualReview","LowConfidence","置信度低于 80，仅供人工核对。","False","False"
"13246","1428","SONE-112","Z:\bcbcbcbc\ca-ES\data\已命名电影\SONE-112+五星+好身材大长腿+爆操+高颜值.mp4","Preview","","","Z:\bcbcbcbc\ca-ES\LocalMediaManager\Previews\SONE-112\17.jpg","实体已登记到 MovieId 2528，禁止自动复用","70","ManualReview","LowConfidence","置信度低于 80，仅供人工核对。","False","False"
"13246","1428","SONE-112","Z:\bcbcbcbc\ca-ES\data\已命名电影\SONE-112+五星+好身材大长腿+爆操+高颜值.mp4","Preview","","","Z:\bcbcbcbc\ca-ES\LocalMediaManager\Previews\SONE-112\18.jpg","实体已登记到 MovieId 2528，禁止自动复用","70","ManualReview","LowConfidence","置信度低于 80，仅供人工核对。","False","False"
"13246","1428","SONE-112","Z:\bcbcbcbc\ca-ES\data\已命名电影\SONE-112+五星+好身材大长腿+爆操+高颜值.mp4","Preview","","","Z:\bcbcbcbc\ca-ES\LocalMediaManager\Previews\SONE-112\19.jpg","实体已登记到 MovieId 2528，禁止自动复用","70","ManualReview","LowConfidence","置信度低于 80，仅供人工核对。","False","False"
"13246","1428","SONE-112","Z:\bcbcbcbc\ca-ES\data\已命名电影\SONE-112+五星+好身材大长腿+爆操+高颜值.mp4","Preview","","","Z:\bcbcbcbc\ca-ES\LocalMediaManager\Previews\SONE-112\20.jpg","实体已登记到 MovieId 2528，禁止自动复用","70","ManualReview","LowConfidence","置信度低于 80，仅供人工核对。","False","False"
"13246","1431","SONE-086","Z:\bcbcbcbc\ca-ES\data\已命名电影\SONE-086+四星+娇小可爱清纯+高颜值+小坂七香.mp4","Preview","","","Z:\bcbcbcbc\ca-ES\LocalMediaManager\Previews\SONE-086\01.jpg","实体已登记到 MovieId 2527，禁止自动复用","70","ManualReview","LowConfidence","置信度低于 80，仅供人工核对。","False","False"
"13246","1431","SONE-086","Z:\bcbcbcbc\ca-ES\data\已命名电影\SONE-086+四星+娇小可爱清纯+高颜值+小坂七香.mp4","Preview","","","Z:\bcbcbcbc\ca-ES\LocalMediaManager\Previews\SONE-086\02.jpg","实体已登记到 MovieId 2527，禁止自动复用","70","ManualReview","LowConfidence","置信度低于 80，仅供人工核对。","False","False"
"13246","1431","SONE-086","Z:\bcbcbcbc\ca-ES\data\已命名电影\SONE-086+四星+娇小可爱清纯+高颜值+小坂七香.mp4","Preview","","","Z:\bcbcbcbc\ca-ES\LocalMediaManager\Previews\SONE-086\03.jpg","实体已登记到 MovieId 2527，禁止自动复用","70","ManualReview","LowConfidence","置信度低于 80，仅供人工核对。","False","False"
"13246","1431","SONE-086","Z:\bcbcbcbc\ca-ES\data\已命名电影\SONE-086+四星+娇小可爱清纯+高颜值+小坂七香.mp4","Preview","","","Z:\bcbcbcbc\ca-ES\LocalMediaManager\Previews\SONE-086\04.jpg","实体已登记到 MovieId 2527，禁止自动复用","70","ManualReview","LowConfidence","置信度低于 80，仅供人工核对。","False","False"
"13246","1431","SONE-086","Z:\bcbcbcbc\ca-ES\data\已命名电影\SONE-086+四星+娇小可爱清纯+高颜值+小坂七香.mp4","Preview","","","Z:\bcbcbcbc\ca-ES\LocalMediaManager\Previews\SONE-086\05.jpg","实体已登记到 MovieId 2527，禁止自动复用","70","ManualReview","LowConfidence","置信度低于 80，仅供人工核对。","False","False"
"13246","1431","SONE-086","Z:\bcbcbcbc\ca-ES\data\已命名电影\SONE-086+四星+娇小可爱清纯+高颜值+小坂七香.mp4","Preview","","","Z:\bcbcbcbc\ca-ES\LocalMediaManager\Previews\SONE-086\06.jpg","实体已登记到 MovieId 2527，禁止自动复用","70","ManualReview","LowConfidence","置信度低于 80，仅供人工核对。","False","False"
"13246","1431","SONE-086","Z:\bcbcbcbc\ca-ES\data\已命名电影\SONE-086+四星+娇小可爱清纯+高颜值+小坂七香.mp4","Preview","","","Z:\bcbcbcbc\ca-ES\LocalMediaManager\Previews\SONE-086\07.jpg","实体已登记到 MovieId 2527，禁止自动复用","70","ManualReview","LowConfidence","置信度低于 80，仅供人工核对。","False","False"
"13246","1431","SONE-086","Z:\bcbcbcbc\ca-ES\data\已命名电影\SONE-086+四星+娇小可爱清纯+高颜值+小坂七香.mp4","Preview","","","Z:\bcbcbcbc\ca-ES\LocalMediaManager\Previews\SONE-086\08.jpg","实体已登记到 MovieId 2527，禁止自动复用","70","ManualReview","LowConfidence","置信度低于 80，仅供人工核对。","False","False"
"13246","1431","SONE-086","Z:\bcbcbcbc\ca-ES\data\已命名电影\SONE-086+四星+娇小可爱清纯+高颜值+小坂七香.mp4","Preview","","","Z:\bcbcbcbc\ca-ES\LocalMediaManager\Previews\SONE-086\09.jpg","实体已登记到 MovieId 2527，禁止自动复用","70","ManualReview","LowConfidence","置信度低于 80，仅供人工核对。","False","False"
"13246","1431","SONE-086","Z:\bcbcbcbc\ca-ES\data\已命名电影\SONE-086+四星+娇小可爱清纯+高颜值+小坂七香.mp4","Preview","","","Z:\bcbcbcbc\ca-ES\LocalMediaManager\Previews\SONE-086\10.jpg","实体已登记到 MovieId 2527，禁止自动复用","70","ManualReview","LowConfidence","置信度低于 80，仅供人工核对。","False","False"
"13246","1431","SONE-086","Z:\bcbcbcbc\ca-ES\data\已命名电影\SONE-086+四星+娇小可爱清纯+高颜值+小坂七香.mp4","Preview","","","Z:\bcbcbcbc\ca-ES\LocalMediaManager\Previews\SONE-086\11.jpg","实体已登记到 MovieId 2527，禁止自动复用","70","ManualReview","LowConfidence","置信度低于 80，仅供人工核对。","False","False"
"13246","1431","SONE-086","Z:\bcbcbcbc\ca-ES\data\已命名电影\SONE-086+四星+娇小可爱清纯+高颜值+小坂七香.mp4","Preview","","","Z:\bcbcbcbc\ca-ES\LocalMediaManager\Previews\SONE-086\12.jpg","实体已登记到 MovieId 2527，禁止自动复用","70","ManualReview","LowConfidence","置信度低于 80，仅供人工核对。","False","False"
"13246","1431","SONE-086","Z:\bcbcbcbc\ca-ES\data\已命名电影\SONE-086+四星+娇小可爱清纯+高颜值+小坂七香.mp4","Preview","","","Z:\bcbcbcbc\ca-ES\LocalMediaManager\Previews\SONE-086\13.jpg","实体已登记到 MovieId 2527，禁止自动复用","70","ManualReview","LowConfidence","置信度低于 80，仅供人工核对。","False","False"
"13246","1431","SONE-086","Z:\bcbcbcbc\ca-ES\data\已命名电影\SONE-086+四星+娇小可爱清纯+高颜值+小坂七香.mp4","Preview","","","Z:\bcbcbcbc\ca-ES\LocalMediaManager\Previews\SONE-086\14.jpg","实体已登记到 MovieId 2527，禁止自动复用","70","ManualReview","LowConfidence","置信度低于 80，仅供人工核对。","False","False"
"13246","1431","SONE-086","Z:\bcbcbcbc\ca-ES\data\已命名电影\SONE-086+四星+娇小可爱清纯+高颜值+小坂七香.mp4","Preview","","","Z:\bcbcbcbc\ca-ES\LocalMediaManager\Previews\SONE-086\15.jpg","实体已登记到 MovieId 2527，禁止自动复用","70","ManualReview","LowConfidence","置信度低于 80，仅供人工核对。","False","False"
"13246","1431","SONE-086","Z:\bcbcbcbc\ca-ES\data\已命名电影\SONE-086+四星+娇小可爱清纯+高颜值+小坂七香.mp4","Preview","","","Z:\bcbcbcbc\ca-ES\LocalMediaManager\Previews\SONE-086\16.jpg","实体已登记到 MovieId 2527，禁止自动复用","70","ManualReview","LowConfidence","置信度低于 80，仅供人工核对。","False","False"
"13246","1431","SONE-086","Z:\bcbcbcbc\ca-ES\data\已命名电影\SONE-086+四星+娇小可爱清纯+高颜值+小坂七香.mp4","Preview","","","Z:\bcbcbcbc\ca-ES\LocalMediaManager\Previews\SONE-086\17.jpg","实体已登记到 MovieId 2527，禁止自动复用","70","ManualReview","LowConfidence","置信度低于 80，仅供人工核对。","False","False"
"13246","1431","SONE-086","Z:\bcbcbcbc\ca-ES\data\已命名电影\SONE-086+四星+娇小可爱清纯+高颜值+小坂七香.mp4","Preview","","","Z:\bcbcbcbc\ca-ES\LocalMediaManager\Previews\SONE-086\18.jpg","实体已登记到 MovieId 2527，禁止自动复用","70","ManualReview","LowConfidence","置信度低于 80，仅供人工核对。","False","False"
"13246","1431","SONE-086","Z:\bcbcbcbc\ca-ES\data\已命名电影\SONE-086+四星+娇小可爱清纯+高颜值+小坂七香.mp4","Preview","","","Z:\bcbcbcbc\ca-ES\LocalMediaManager\Previews\SONE-086\19.jpg","实体已登记到 MovieId 2527，禁止自动复用","70","ManualReview","LowConfidence","置信度低于 80，仅供人工核对。","False","False"
"13246","1431","SONE-086","Z:\bcbcbcbc\ca-ES\data\已命名电影\SONE-086+四星+娇小可爱清纯+高颜值+小坂七香.mp4","Preview","","","Z:\bcbcbcbc\ca-ES\LocalMediaManager\Previews\SONE-086\20.jpg","实体已登记到 MovieId 2527，禁止自动复用","70","ManualReview","LowConfidence","置信度低于 80，仅供人工核对。","False","False"
"13246","1431","SONE-086","Z:\bcbcbcbc\ca-ES\data\已命名电影\SONE-086+四星+娇小可爱清纯+高颜值+小坂七香.mp4","Preview","","","Z:\bcbcbcbc\ca-ES\LocalMediaManager\Previews\SONE-086\21.jpg","实体已登记到 MovieId 2527，禁止自动复用","70","ManualReview","LowConfidence","置信度低于 80，仅供人工核对。","False","False"
"13246","1431","SONE-086","Z:\bcbcbcbc\ca-ES\data\已命名电影\SONE-086+四星+娇小可爱清纯+高颜值+小坂七香.mp4","Preview","","","Z:\bcbcbcbc\ca-ES\LocalMediaManager\Previews\SONE-086\22.jpg","实体已登记到 MovieId 2527，禁止自动复用","70","ManualReview","LowConfidence","置信度低于 80，仅供人工核对。","False","False"
"13246","1431","SONE-086","Z:\bcbcbcbc\ca-ES\data\已命名电影\SONE-086+四星+娇小可爱清纯+高颜值+小坂七香.mp4","Preview","","","Z:\bcbcbcbc\ca-ES\LocalMediaManager\Previews\SONE-086\23.jpg","实体已登记到 MovieId 2527，禁止自动复用","70","ManualReview","LowConfidence","置信度低于 80，仅供人工核对。","False","False"
"13246","1431","SONE-086","Z:\bcbcbcbc\ca-ES\data\已命名电影\SONE-086+四星+娇小可爱清纯+高颜值+小坂七香.mp4","Preview","","","Z:\bcbcbcbc\ca-ES\LocalMediaManager\Previews\SONE-086\24.jpg","实体已登记到 MovieId 2527，禁止自动复用","70","ManualReview","LowConfidence","置信度低于 80，仅供人工核对。","False","False"
"13246","1438","IPX-998","Z:\bcbcbcbc\ca-ES\data\已命名电影\IPX-998+四星+高颜值.mkv","Preview","","","Z:\bcbcbcbc\ca-ES\LocalMediaManager\Previews\IPX-998\01.jpg","实体已登记到 MovieId 2516，禁止自动复用","70","ManualReview","LowConfidence","置信度低于 80，仅供人工核对。","False","False"
"13246","1438","IPX-998","Z:\bcbcbcbc\ca-ES\data\已命名电影\IPX-998+四星+高颜值.mkv","Preview","","","Z:\bcbcbcbc\ca-ES\LocalMediaManager\Previews\IPX-998\02.jpg","实体已登记到 MovieId 2516，禁止自动复用","70","ManualReview","LowConfidence","置信度低于 80，仅供人工核对。","False","False"
"13246","1438","IPX-998","Z:\bcbcbcbc\ca-ES\data\已命名电影\IPX-998+四星+高颜值.mkv","Preview","","","Z:\bcbcbcbc\ca-ES\LocalMediaManager\Previews\IPX-998\03.jpg","实体已登记到 MovieId 2516，禁止自动复用","70","ManualReview","LowConfidence","置信度低于 80，仅供人工核对。","False","False"
"13246","1438","IPX-998","Z:\bcbcbcbc\ca-ES\data\已命名电影\IPX-998+四星+高颜值.mkv","Preview","","","Z:\bcbcbcbc\ca-ES\LocalMediaManager\Previews\IPX-998\04.jpg","实体已登记到 MovieId 2516，禁止自动复用","70","ManualReview","LowConfidence","置信度低于 80，仅供人工核对。","False","False"
"13246","1438","IPX-998","Z:\bcbcbcbc\ca-ES\data\已命名电影\IPX-998+四星+高颜值.mkv","Preview","","","Z:\bcbcbcbc\ca-ES\LocalMediaManager\Previews\IPX-998\05.jpg","实体已登记到 MovieId 2516，禁止自动复用","70","ManualReview","LowConfidence","置信度低于 80，仅供人工核对。","False","False"
"13246","1438","IPX-998","Z:\bcbcbcbc\ca-ES\data\已命名电影\IPX-998+四星+高颜值.mkv","Preview","","","Z:\bcbcbcbc\ca-ES\LocalMediaManager\Previews\IPX-998\06.jpg","实体已登记到 MovieId 2516，禁止自动复用","70","ManualReview","LowConfidence","置信度低于 80，仅供人工核对。","False","False"
"13246","1438","IPX-998","Z:\bcbcbcbc\ca-ES\data\已命名电影\IPX-998+四星+高颜值.mkv","Preview","","","Z:\bcbcbcbc\ca-ES\LocalMediaManager\Previews\IPX-998\07.jpg","实体已登记到 MovieId 2516，禁止自动复用","70","ManualReview","LowConfidence","置信度低于 80，仅供人工核对。","False","False"
"13246","1438","IPX-998","Z:\bcbcbcbc\ca-ES\data\已命名电影\IPX-998+四星+高颜值.mkv","Preview","","","Z:\bcbcbcbc\ca-ES\LocalMediaManager\Previews\IPX-998\08.jpg","实体已登记到 MovieId 2516，禁止自动复用","70","ManualReview","LowConfidence","置信度低于 80，仅供人工核对。","False","False"
"13246","1438","IPX-998","Z:\bcbcbcbc\ca-ES\data\已命名电影\IPX-998+四星+高颜值.mkv","Preview","","","Z:\bcbcbcbc\ca-ES\LocalMediaManager\Previews\IPX-998\09.jpg","实体已登记到 MovieId 2516，禁止自动复用","70","ManualReview","LowConfidence","置信度低于 80，仅供人工核对。","False","False"
"13246","1438","IPX-998","Z:\bcbcbcbc\ca-ES\data\已命名电影\IPX-998+四星+高颜值.mkv","Preview","","","Z:\bcbcbcbc\ca-ES\LocalMediaManager\Previews\IPX-998\10.jpg","实体已登记到 MovieId 2516，禁止自动复用","70","ManualReview","LowConfidence","置信度低于 80，仅供人工核对。","False","False"
"13246","1438","IPX-998","Z:\bcbcbcbc\ca-ES\data\已命名电影\IPX-998+四星+高颜值.mkv","Preview","","","Z:\bcbcbcbc\ca-ES\LocalMediaManager\Previews\IPX-998\11.jpg","实体已登记到 MovieId 2516，禁止自动复用","70","ManualReview","LowConfidence","置信度低于 80，仅供人工核对。","False","False"
"13246","1438","IPX-998","Z:\bcbcbcbc\ca-ES\data\已命名电影\IPX-998+四星+高颜值.mkv","Preview","","","Z:\bcbcbcbc\ca-ES\LocalMediaManager\Previews\IPX-998\12.jpg","实体已登记到 MovieId 2516，禁止自动复用","70","ManualReview","LowConfidence","置信度低于 80，仅供人工核对。","False","False"
"13246","1438","IPX-998","Z:\bcbcbcbc\ca-ES\data\已命名电影\IPX-998+四星+高颜值.mkv","Preview","","","Z:\bcbcbcbc\ca-ES\LocalMediaManager\Previews\IPX-998\13.jpg","实体已登记到 MovieId 2516，禁止自动复用","70","ManualReview","LowConfidence","置信度低于 80，仅供人工核对。","False","False"
"13246","1438","IPX-998","Z:\bcbcbcbc\ca-ES\data\已命名电影\IPX-998+四星+高颜值.mkv","Preview","","","Z:\bcbcbcbc\ca-ES\LocalMediaManager\Previews\IPX-998\14.jpg","实体已登记到 MovieId 2516，禁止自动复用","70","ManualReview","LowConfidence","置信度低于 80，仅供人工核对。","False","False"
"13246","1438","IPX-998","Z:\bcbcbcbc\ca-ES\data\已命名电影\IPX-998+四星+高颜值.mkv","Preview","","","Z:\bcbcbcbc\ca-ES\LocalMediaManager\Previews\IPX-998\15.jpg","实体已登记到 MovieId 2516，禁止自动复用","70","ManualReview","LowConfidence","置信度低于 80，仅供人工核对。","False","False"
"13246","1438","IPX-998","Z:\bcbcbcbc\ca-ES\data\已命名电影\IPX-998+四星+高颜值.mkv","Preview","","","Z:\bcbcbcbc\ca-ES\LocalMediaManager\Previews\IPX-998\16.jpg","实体已登记到 MovieId 2516，禁止自动复用","70","ManualReview","LowConfidence","置信度低于 80，仅供人工核对。","False","False"
"13246","1438","IPX-998","Z:\bcbcbcbc\ca-ES\data\已命名电影\IPX-998+四星+高颜值.mkv","Preview","","","Z:\bcbcbcbc\ca-ES\LocalMediaManager\Previews\IPX-998\17.jpg","实体已登记到 MovieId 2516，禁止自动复用","70","ManualReview","LowConfidence","置信度低于 80，仅供人工核对。","False","False"
"13246","1438","IPX-998","Z:\bcbcbcbc\ca-ES\data\已命名电影\IPX-998+四星+高颜值.mkv","Preview","","","Z:\bcbcbcbc\ca-ES\LocalMediaManager\Previews\IPX-998\18.jpg","实体已登记到 MovieId 2516，禁止自动复用","70","ManualReview","LowConfidence","置信度低于 80，仅供人工核对。","False","False"
"13246","1438","IPX-998","Z:\bcbcbcbc\ca-ES\data\已命名电影\IPX-998+四星+高颜值.mkv","Preview","","","Z:\bcbcbcbc\ca-ES\LocalMediaManager\Previews\IPX-998\19.jpg","实体已登记到 MovieId 2516，禁止自动复用","70","ManualReview","LowConfidence","置信度低于 80，仅供人工核对。","False","False"
"13246","1438","IPX-998","Z:\bcbcbcbc\ca-ES\data\已命名电影\IPX-998+四星+高颜值.mkv","Preview","","","Z:\bcbcbcbc\ca-ES\LocalMediaManager\Previews\IPX-998\20.jpg","实体已登记到 MovieId 2516，禁止自动复用","70","ManualReview","LowConfidence","置信度低于 80，仅供人工核对。","False","False"
"13246","1438","IPX-998","Z:\bcbcbcbc\ca-ES\data\已命名电影\IPX-998+四星+高颜值.mkv","Preview","","","Z:\bcbcbcbc\ca-ES\LocalMediaManager\Previews\IPX-998\21.jpg","实体已登记到 MovieId 2516，禁止自动复用","70","ManualReview","LowConfidence","置信度低于 80，仅供人工核对。","False","False"
"13246","1438","IPX-998","Z:\bcbcbcbc\ca-ES\data\已命名电影\IPX-998+四星+高颜值.mkv","Preview","","","Z:\bcbcbcbc\ca-ES\LocalMediaManager\Previews\IPX-998\22.jpg","实体已登记到 MovieId 2516，禁止自动复用","70","ManualReview","LowConfidence","置信度低于 80，仅供人工核对。","False","False"
"13246","1438","IPX-998","Z:\bcbcbcbc\ca-ES\data\已命名电影\IPX-998+四星+高颜值.mkv","Preview","","","Z:\bcbcbcbc\ca-ES\LocalMediaManager\Previews\IPX-998\23.jpg","实体已登记到 MovieId 2516，禁止自动复用","70","ManualReview","LowConfidence","置信度低于 80，仅供人工核对。","False","False"
"13246","1438","IPX-998","Z:\bcbcbcbc\ca-ES\data\已命名电影\IPX-998+四星+高颜值.mkv","Preview","","","Z:\bcbcbcbc\ca-ES\LocalMediaManager\Previews\IPX-998\24.jpg","实体已登记到 MovieId 2516，禁止自动复用","70","ManualReview","LowConfidence","置信度低于 80，仅供人工核对。","False","False"
"13246","1449","MIDV-245","Z:\bcbcbcbc\ca-ES\data\已命名电影\MIDV-245+制服+四星.mp4","Preview","","","Z:\bcbcbcbc\ca-ES\LocalMediaManager\Previews\MIDV-245\01.jpg","实体已登记到 MovieId 2521，禁止自动复用","70","ManualReview","LowConfidence","置信度低于 80，仅供人工核对。","False","False"
"13246","1449","MIDV-245","Z:\bcbcbcbc\ca-ES\data\已命名电影\MIDV-245+制服+四星.mp4","Preview","","","Z:\bcbcbcbc\ca-ES\LocalMediaManager\Previews\MIDV-245\02.jpg","实体已登记到 MovieId 2521，禁止自动复用","70","ManualReview","LowConfidence","置信度低于 80，仅供人工核对。","False","False"
"13246","1449","MIDV-245","Z:\bcbcbcbc\ca-ES\data\已命名电影\MIDV-245+制服+四星.mp4","Preview","","","Z:\bcbcbcbc\ca-ES\LocalMediaManager\Previews\MIDV-245\03.jpg","实体已登记到 MovieId 2521，禁止自动复用","70","ManualReview","LowConfidence","置信度低于 80，仅供人工核对。","False","False"
"13246","1449","MIDV-245","Z:\bcbcbcbc\ca-ES\data\已命名电影\MIDV-245+制服+四星.mp4","Preview","","","Z:\bcbcbcbc\ca-ES\LocalMediaManager\Previews\MIDV-245\04.jpg","实体已登记到 MovieId 2521，禁止自动复用","70","ManualReview","LowConfidence","置信度低于 80，仅供人工核对。","False","False"
"13246","1449","MIDV-245","Z:\bcbcbcbc\ca-ES\data\已命名电影\MIDV-245+制服+四星.mp4","Preview","","","Z:\bcbcbcbc\ca-ES\LocalMediaManager\Previews\MIDV-245\05.jpg","实体已登记到 MovieId 2521，禁止自动复用","70","ManualReview","LowConfidence","置信度低于 80，仅供人工核对。","False","False"
"13246","1449","MIDV-245","Z:\bcbcbcbc\ca-ES\data\已命名电影\MIDV-245+制服+四星.mp4","Preview","","","Z:\bcbcbcbc\ca-ES\LocalMediaManager\Previews\MIDV-245\06.jpg","实体已登记到 MovieId 2521，禁止自动复用","70","ManualReview","LowConfidence","置信度低于 80，仅供人工核对。","False","False"
"13246","1449","MIDV-245","Z:\bcbcbcbc\ca-ES\data\已命名电影\MIDV-245+制服+四星.mp4","Preview","","","Z:\bcbcbcbc\ca-ES\LocalMediaManager\Previews\MIDV-245\07.jpg","实体已登记到 MovieId 2521，禁止自动复用","70","ManualReview","LowConfidence","置信度低于 80，仅供人工核对。","False","False"
"13246","1449","MIDV-245","Z:\bcbcbcbc\ca-ES\data\已命名电影\MIDV-245+制服+四星.mp4","Preview","","","Z:\bcbcbcbc\ca-ES\LocalMediaManager\Previews\MIDV-245\08.jpg","实体已登记到 MovieId 2521，禁止自动复用","70","ManualReview","LowConfidence","置信度低于 80，仅供人工核对。","False","False"
"13246","1449","MIDV-245","Z:\bcbcbcbc\ca-ES\data\已命名电影\MIDV-245+制服+四星.mp4","Preview","","","Z:\bcbcbcbc\ca-ES\LocalMediaManager\Previews\MIDV-245\09.jpg","实体已登记到 MovieId 2521，禁止自动复用","70","ManualReview","LowConfidence","置信度低于 80，仅供人工核对。","False","False"
"13246","1449","MIDV-245","Z:\bcbcbcbc\ca-ES\data\已命名电影\MIDV-245+制服+四星.mp4","Preview","","","Z:\bcbcbcbc\ca-ES\LocalMediaManager\Previews\MIDV-245\10.jpg","实体已登记到 MovieId 2521，禁止自动复用","70","ManualReview","LowConfidence","置信度低于 80，仅供人工核对。","False","False"
"13246","1449","MIDV-245","Z:\bcbcbcbc\ca-ES\data\已命名电影\MIDV-245+制服+四星.mp4","Preview","","","Z:\bcbcbcbc\ca-ES\LocalMediaManager\Previews\MIDV-245\11.jpg","实体已登记到 MovieId 2521，禁止自动复用","70","ManualReview","LowConfidence","置信度低于 80，仅供人工核对。","False","False"
"13246","1449","MIDV-245","Z:\bcbcbcbc\ca-ES\data\已命名电影\MIDV-245+制服+四星.mp4","Preview","","","Z:\bcbcbcbc\ca-ES\LocalMediaManager\Previews\MIDV-245\12.jpg","实体已登记到 MovieId 2521，禁止自动复用","70","ManualReview","LowConfidence","置信度低于 80，仅供人工核对。","False","False"
"13246","1449","MIDV-245","Z:\bcbcbcbc\ca-ES\data\已命名电影\MIDV-245+制服+四星.mp4","Preview","","","Z:\bcbcbcbc\ca-ES\LocalMediaManager\Previews\MIDV-245\13.jpg","实体已登记到 MovieId 2521，禁止自动复用","70","ManualReview","LowConfidence","置信度低于 80，仅供人工核对。","False","False"
"13246","1449","MIDV-245","Z:\bcbcbcbc\ca-ES\data\已命名电影\MIDV-245+制服+四星.mp4","Preview","","","Z:\bcbcbcbc\ca-ES\LocalMediaManager\Previews\MIDV-245\14.jpg","实体已登记到 MovieId 2521，禁止自动复用","70","ManualReview","LowConfidence","置信度低于 80，仅供人工核对。","False","False"
"13246","1449","MIDV-245","Z:\bcbcbcbc\ca-ES\data\已命名电影\MIDV-245+制服+四星.mp4","Preview","","","Z:\bcbcbcbc\ca-ES\LocalMediaManager\Previews\MIDV-245\15.jpg","实体已登记到 MovieId 2521，禁止自动复用","70","ManualReview","LowConfidence","置信度低于 80，仅供人工核对。","False","False"
"13246","1449","MIDV-245","Z:\bcbcbcbc\ca-ES\data\已命名电影\MIDV-245+制服+四星.mp4","Preview","","","Z:\bcbcbcbc\ca-ES\LocalMediaManager\Previews\MIDV-245\16.jpg","实体已登记到 MovieId 2521，禁止自动复用","70","ManualReview","LowConfidence","置信度低于 80，仅供人工核对。","False","False"
"13246","1449","MIDV-245","Z:\bcbcbcbc\ca-ES\data\已命名电影\MIDV-245+制服+四星.mp4","Preview","","","Z:\bcbcbcbc\ca-ES\LocalMediaManager\Previews\MIDV-245\17.jpg","实体已登记到 MovieId 2521，禁止自动复用","70","ManualReview","LowConfidence","置信度低于 80，仅供人工核对。","False","False"
"13246","1449","MIDV-245","Z:\bcbcbcbc\ca-ES\data\已命名电影\MIDV-245+制服+四星.mp4","Preview","","","Z:\bcbcbcbc\ca-ES\LocalMediaManager\Previews\MIDV-245\18.jpg","实体已登记到 MovieId 2521，禁止自动复用","70","ManualReview","LowConfidence","置信度低于 80，仅供人工核对。","False","False"
"13246","1449","MIDV-245","Z:\bcbcbcbc\ca-ES\data\已命名电影\MIDV-245+制服+四星.mp4","Preview","","","Z:\bcbcbcbc\ca-ES\LocalMediaManager\Previews\MIDV-245\19.jpg","实体已登记到 MovieId 2521，禁止自动复用","70","ManualReview","LowConfidence","置信度低于 80，仅供人工核对。","False","False"
"13246","1449","MIDV-245","Z:\bcbcbcbc\ca-ES\data\已命名电影\MIDV-245+制服+四星.mp4","Preview","","","Z:\bcbcbcbc\ca-ES\LocalMediaManager\Previews\MIDV-245\20.jpg","实体已登记到 MovieId 2521，禁止自动复用","70","ManualReview","LowConfidence","置信度低于 80，仅供人工核对。","False","False"
"13246","1456","IPZZ-276","Z:\bcbcbcbc\ca-ES\data\已命名电影\IPZZ-276+五星+高颜值+佐々木さき.mp4","Preview","","","Z:\bcbcbcbc\ca-ES\LocalMediaManager\Previews\IPZZ-276\01.jpg","实体已登记到 MovieId 2517，禁止自动复用","70","ManualReview","LowConfidence","置信度低于 80，仅供人工核对。","False","False"
"13246","1456","IPZZ-276","Z:\bcbcbcbc\ca-ES\data\已命名电影\IPZZ-276+五星+高颜值+佐々木さき.mp4","Preview","","","Z:\bcbcbcbc\ca-ES\LocalMediaManager\Previews\IPZZ-276\02.jpg","实体已登记到 MovieId 2517，禁止自动复用","70","ManualReview","LowConfidence","置信度低于 80，仅供人工核对。","False","False"
"13246","1456","IPZZ-276","Z:\bcbcbcbc\ca-ES\data\已命名电影\IPZZ-276+五星+高颜值+佐々木さき.mp4","Preview","","","Z:\bcbcbcbc\ca-ES\LocalMediaManager\Previews\IPZZ-276\03.jpg","实体已登记到 MovieId 2517，禁止自动复用","70","ManualReview","LowConfidence","置信度低于 80，仅供人工核对。","False","False"
"13246","1456","IPZZ-276","Z:\bcbcbcbc\ca-ES\data\已命名电影\IPZZ-276+五星+高颜值+佐々木さき.mp4","Preview","","","Z:\bcbcbcbc\ca-ES\LocalMediaManager\Previews\IPZZ-276\04.jpg","实体已登记到 MovieId 2517，禁止自动复用","70","ManualReview","LowConfidence","置信度低于 80，仅供人工核对。","False","False"
"13246","1456","IPZZ-276","Z:\bcbcbcbc\ca-ES\data\已命名电影\IPZZ-276+五星+高颜值+佐々木さき.mp4","Preview","","","Z:\bcbcbcbc\ca-ES\LocalMediaManager\Previews\IPZZ-276\05.jpg","实体已登记到 MovieId 2517，禁止自动复用","70","ManualReview","LowConfidence","置信度低于 80，仅供人工核对。","False","False"
"13246","1456","IPZZ-276","Z:\bcbcbcbc\ca-ES\data\已命名电影\IPZZ-276+五星+高颜值+佐々木さき.mp4","Preview","","","Z:\bcbcbcbc\ca-ES\LocalMediaManager\Previews\IPZZ-276\06.jpg","实体已登记到 MovieId 2517，禁止自动复用","70","ManualReview","LowConfidence","置信度低于 80，仅供人工核对。","False","False"
"13246","1456","IPZZ-276","Z:\bcbcbcbc\ca-ES\data\已命名电影\IPZZ-276+五星+高颜值+佐々木さき.mp4","Preview","","","Z:\bcbcbcbc\ca-ES\LocalMediaManager\Previews\IPZZ-276\07.jpg","实体已登记到 MovieId 2517，禁止自动复用","70","ManualReview","LowConfidence","置信度低于 80，仅供人工核对。","False","False"
"13246","1456","IPZZ-276","Z:\bcbcbcbc\ca-ES\data\已命名电影\IPZZ-276+五星+高颜值+佐々木さき.mp4","Preview","","","Z:\bcbcbcbc\ca-ES\LocalMediaManager\Previews\IPZZ-276\08.jpg","实体已登记到 MovieId 2517，禁止自动复用","70","ManualReview","LowConfidence","置信度低于 80，仅供人工核对。","False","False"
"13246","1456","IPZZ-276","Z:\bcbcbcbc\ca-ES\data\已命名电影\IPZZ-276+五星+高颜值+佐々木さき.mp4","Preview","","","Z:\bcbcbcbc\ca-ES\LocalMediaManager\Previews\IPZZ-276\09.jpg","实体已登记到 MovieId 2517，禁止自动复用","70","ManualReview","LowConfidence","置信度低于 80，仅供人工核对。","False","False"
"13246","1456","IPZZ-276","Z:\bcbcbcbc\ca-ES\data\已命名电影\IPZZ-276+五星+高颜值+佐々木さき.mp4","Preview","","","Z:\bcbcbcbc\ca-ES\LocalMediaManager\Previews\IPZZ-276\10.jpg","实体已登记到 MovieId 2517，禁止自动复用","70","ManualReview","LowConfidence","置信度低于 80，仅供人工核对。","False","False"
"13246","1456","IPZZ-276","Z:\bcbcbcbc\ca-ES\data\已命名电影\IPZZ-276+五星+高颜值+佐々木さき.mp4","Preview","","","Z:\bcbcbcbc\ca-ES\LocalMediaManager\Previews\IPZZ-276\11.jpg","实体已登记到 MovieId 2517，禁止自动复用","70","ManualReview","LowConfidence","置信度低于 80，仅供人工核对。","False","False"
"13246","1456","IPZZ-276","Z:\bcbcbcbc\ca-ES\data\已命名电影\IPZZ-276+五星+高颜值+佐々木さき.mp4","Preview","","","Z:\bcbcbcbc\ca-ES\LocalMediaManager\Previews\IPZZ-276\12.jpg","实体已登记到 MovieId 2517，禁止自动复用","70","ManualReview","LowConfidence","置信度低于 80，仅供人工核对。","False","False"
"13246","1456","IPZZ-276","Z:\bcbcbcbc\ca-ES\data\已命名电影\IPZZ-276+五星+高颜值+佐々木さき.mp4","Preview","","","Z:\bcbcbcbc\ca-ES\LocalMediaManager\Previews\IPZZ-276\13.jpg","实体已登记到 MovieId 2517，禁止自动复用","70","ManualReview","LowConfidence","置信度低于 80，仅供人工核对。","False","False"
"13246","1456","IPZZ-276","Z:\bcbcbcbc\ca-ES\data\已命名电影\IPZZ-276+五星+高颜值+佐々木さき.mp4","Preview","","","Z:\bcbcbcbc\ca-ES\LocalMediaManager\Previews\IPZZ-276\14.jpg","实体已登记到 MovieId 2517，禁止自动复用","70","ManualReview","LowConfidence","置信度低于 80，仅供人工核对。","False","False"
"13246","1456","IPZZ-276","Z:\bcbcbcbc\ca-ES\data\已命名电影\IPZZ-276+五星+高颜值+佐々木さき.mp4","Preview","","","Z:\bcbcbcbc\ca-ES\LocalMediaManager\Previews\IPZZ-276\15.jpg","实体已登记到 MovieId 2517，禁止自动复用","70","ManualReview","LowConfidence","置信度低于 80，仅供人工核对。","False","False"
"13246","1456","IPZZ-276","Z:\bcbcbcbc\ca-ES\data\已命名电影\IPZZ-276+五星+高颜值+佐々木さき.mp4","Preview","","","Z:\bcbcbcbc\ca-ES\LocalMediaManager\Previews\IPZZ-276\16.jpg","实体已登记到 MovieId 2517，禁止自动复用","70","ManualReview","LowConfidence","置信度低于 80，仅供人工核对。","False","False"
"13246","1456","IPZZ-276","Z:\bcbcbcbc\ca-ES\data\已命名电影\IPZZ-276+五星+高颜值+佐々木さき.mp4","Preview","","","Z:\bcbcbcbc\ca-ES\LocalMediaManager\Previews\IPZZ-276\17.jpg","实体已登记到 MovieId 2517，禁止自动复用","70","ManualReview","LowConfidence","置信度低于 80，仅供人工核对。","False","False"
"13246","1456","IPZZ-276","Z:\bcbcbcbc\ca-ES\data\已命名电影\IPZZ-276+五星+高颜值+佐々木さき.mp4","Preview","","","Z:\bcbcbcbc\ca-ES\LocalMediaManager\Previews\IPZZ-276\18.jpg","实体已登记到 MovieId 2517，禁止自动复用","70","ManualReview","LowConfidence","置信度低于 80，仅供人工核对。","False","False"
"13246","1456","IPZZ-276","Z:\bcbcbcbc\ca-ES\data\已命名电影\IPZZ-276+五星+高颜值+佐々木さき.mp4","Preview","","","Z:\bcbcbcbc\ca-ES\LocalMediaManager\Previews\IPZZ-276\19.jpg","实体已登记到 MovieId 2517，禁止自动复用","70","ManualReview","LowConfidence","置信度低于 80，仅供人工核对。","False","False"
"13246","1456","IPZZ-276","Z:\bcbcbcbc\ca-ES\data\已命名电影\IPZZ-276+五星+高颜值+佐々木さき.mp4","Preview","","","Z:\bcbcbcbc\ca-ES\LocalMediaManager\Previews\IPZZ-276\20.jpg","实体已登记到 MovieId 2517，禁止自动复用","70","ManualReview","LowConfidence","置信度低于 80，仅供人工核对。","False","False"
"13246","1456","IPZZ-276","Z:\bcbcbcbc\ca-ES\data\已命名电影\IPZZ-276+五星+高颜值+佐々木さき.mp4","Preview","","","Z:\bcbcbcbc\ca-ES\LocalMediaManager\Previews\IPZZ-276\21.jpg","实体已登记到 MovieId 2517，禁止自动复用","70","ManualReview","LowConfidence","置信度低于 80，仅供人工核对。","False","False"
"13246","1456","IPZZ-276","Z:\bcbcbcbc\ca-ES\data\已命名电影\IPZZ-276+五星+高颜值+佐々木さき.mp4","Preview","","","Z:\bcbcbcbc\ca-ES\LocalMediaManager\Previews\IPZZ-276\22.jpg","实体已登记到 MovieId 2517，禁止自动复用","70","ManualReview","LowConfidence","置信度低于 80，仅供人工核对。","False","False"
"13246","1456","IPZZ-276","Z:\bcbcbcbc\ca-ES\data\已命名电影\IPZZ-276+五星+高颜值+佐々木さき.mp4","Preview","","","Z:\bcbcbcbc\ca-ES\LocalMediaManager\Previews\IPZZ-276\23.jpg","实体已登记到 MovieId 2517，禁止自动复用","70","ManualReview","LowConfidence","置信度低于 80，仅供人工核对。","False","False"
"13246","1456","IPZZ-276","Z:\bcbcbcbc\ca-ES\data\已命名电影\IPZZ-276+五星+高颜值+佐々木さき.mp4","Preview","","","Z:\bcbcbcbc\ca-ES\LocalMediaManager\Previews\IPZZ-276\24.jpg","实体已登记到 MovieId 2517，禁止自动复用","70","ManualReview","LowConfidence","置信度低于 80，仅供人工核对。","False","False"
"13246","1461","SSIS-810","Z:\bcbcbcbc\ca-ES\data\已命名电影\SSIS-810+四星.mp4","Preview","","","Z:\bcbcbcbc\ca-ES\LocalMediaManager\Previews\SSIS-810\01.jpg","实体已登记到 MovieId 2533，禁止自动复用","70","ManualReview","LowConfidence","置信度低于 80，仅供人工核对。","False","False"
"13246","1461","SSIS-810","Z:\bcbcbcbc\ca-ES\data\已命名电影\SSIS-810+四星.mp4","Preview","","","Z:\bcbcbcbc\ca-ES\LocalMediaManager\Previews\SSIS-810\02.jpg","实体已登记到 MovieId 2533，禁止自动复用","70","ManualReview","LowConfidence","置信度低于 80，仅供人工核对。","False","False"
"13246","1461","SSIS-810","Z:\bcbcbcbc\ca-ES\data\已命名电影\SSIS-810+四星.mp4","Preview","","","Z:\bcbcbcbc\ca-ES\LocalMediaManager\Previews\SSIS-810\03.jpg","实体已登记到 MovieId 2533，禁止自动复用","70","ManualReview","LowConfidence","置信度低于 80，仅供人工核对。","False","False"
"13246","1461","SSIS-810","Z:\bcbcbcbc\ca-ES\data\已命名电影\SSIS-810+四星.mp4","Preview","","","Z:\bcbcbcbc\ca-ES\LocalMediaManager\Previews\SSIS-810\04.jpg","实体已登记到 MovieId 2533，禁止自动复用","70","ManualReview","LowConfidence","置信度低于 80，仅供人工核对。","False","False"
"13246","1461","SSIS-810","Z:\bcbcbcbc\ca-ES\data\已命名电影\SSIS-810+四星.mp4","Preview","","","Z:\bcbcbcbc\ca-ES\LocalMediaManager\Previews\SSIS-810\05.jpg","实体已登记到 MovieId 2533，禁止自动复用","70","ManualReview","LowConfidence","置信度低于 80，仅供人工核对。","False","False"
"13246","1461","SSIS-810","Z:\bcbcbcbc\ca-ES\data\已命名电影\SSIS-810+四星.mp4","Preview","","","Z:\bcbcbcbc\ca-ES\LocalMediaManager\Previews\SSIS-810\06.jpg","实体已登记到 MovieId 2533，禁止自动复用","70","ManualReview","LowConfidence","置信度低于 80，仅供人工核对。","False","False"
"13246","1461","SSIS-810","Z:\bcbcbcbc\ca-ES\data\已命名电影\SSIS-810+四星.mp4","Preview","","","Z:\bcbcbcbc\ca-ES\LocalMediaManager\Previews\SSIS-810\07.jpg","实体已登记到 MovieId 2533，禁止自动复用","70","ManualReview","LowConfidence","置信度低于 80，仅供人工核对。","False","False"
"13246","1461","SSIS-810","Z:\bcbcbcbc\ca-ES\data\已命名电影\SSIS-810+四星.mp4","Preview","","","Z:\bcbcbcbc\ca-ES\LocalMediaManager\Previews\SSIS-810\08.jpg","实体已登记到 MovieId 2533，禁止自动复用","70","ManualReview","LowConfidence","置信度低于 80，仅供人工核对。","False","False"
"13246","1461","SSIS-810","Z:\bcbcbcbc\ca-ES\data\已命名电影\SSIS-810+四星.mp4","Preview","","","Z:\bcbcbcbc\ca-ES\LocalMediaManager\Previews\SSIS-810\09.jpg","实体已登记到 MovieId 2533，禁止自动复用","70","ManualReview","LowConfidence","置信度低于 80，仅供人工核对。","False","False"
"13246","1461","SSIS-810","Z:\bcbcbcbc\ca-ES\data\已命名电影\SSIS-810+四星.mp4","Preview","","","Z:\bcbcbcbc\ca-ES\LocalMediaManager\Previews\SSIS-810\10.jpg","实体已登记到 MovieId 2533，禁止自动复用","70","ManualReview","LowConfidence","置信度低于 80，仅供人工核对。","False","False"
"13246","1461","SSIS-810","Z:\bcbcbcbc\ca-ES\data\已命名电影\SSIS-810+四星.mp4","Preview","","","Z:\bcbcbcbc\ca-ES\LocalMediaManager\Previews\SSIS-810\11.jpg","实体已登记到 MovieId 2533，禁止自动复用","70","ManualReview","LowConfidence","置信度低于 80，仅供人工核对。","False","False"
"13246","1461","SSIS-810","Z:\bcbcbcbc\ca-ES\data\已命名电影\SSIS-810+四星.mp4","Preview","","","Z:\bcbcbcbc\ca-ES\LocalMediaManager\Previews\SSIS-810\12.jpg","实体已登记到 MovieId 2533，禁止自动复用","70","ManualReview","LowConfidence","置信度低于 80，仅供人工核对。","False","False"
"13246","1461","SSIS-810","Z:\bcbcbcbc\ca-ES\data\已命名电影\SSIS-810+四星.mp4","Preview","","","Z:\bcbcbcbc\ca-ES\LocalMediaManager\Previews\SSIS-810\13.jpg","实体已登记到 MovieId 2533，禁止自动复用","70","ManualReview","LowConfidence","置信度低于 80，仅供人工核对。","False","False"
"13246","1461","SSIS-810","Z:\bcbcbcbc\ca-ES\data\已命名电影\SSIS-810+四星.mp4","Preview","","","Z:\bcbcbcbc\ca-ES\LocalMediaManager\Previews\SSIS-810\14.jpg","实体已登记到 MovieId 2533，禁止自动复用","70","ManualReview","LowConfidence","置信度低于 80，仅供人工核对。","False","False"
"13246","1461","SSIS-810","Z:\bcbcbcbc\ca-ES\data\已命名电影\SSIS-810+四星.mp4","Preview","","","Z:\bcbcbcbc\ca-ES\LocalMediaManager\Previews\SSIS-810\15.jpg","实体已登记到 MovieId 2533，禁止自动复用","70","ManualReview","LowConfidence","置信度低于 80，仅供人工核对。","False","False"
"13246","1461","SSIS-810","Z:\bcbcbcbc\ca-ES\data\已命名电影\SSIS-810+四星.mp4","Preview","","","Z:\bcbcbcbc\ca-ES\LocalMediaManager\Previews\SSIS-810\16.jpg","实体已登记到 MovieId 2533，禁止自动复用","70","ManualReview","LowConfidence","置信度低于 80，仅供人工核对。","False","False"
"13246","1461","SSIS-810","Z:\bcbcbcbc\ca-ES\data\已命名电影\SSIS-810+四星.mp4","Preview","","","Z:\bcbcbcbc\ca-ES\LocalMediaManager\Previews\SSIS-810\17.jpg","实体已登记到 MovieId 2533，禁止自动复用","70","ManualReview","LowConfidence","置信度低于 80，仅供人工核对。","False","False"
"13246","1461","SSIS-810","Z:\bcbcbcbc\ca-ES\data\已命名电影\SSIS-810+四星.mp4","Preview","","","Z:\bcbcbcbc\ca-ES\LocalMediaManager\Previews\SSIS-810\18.jpg","实体已登记到 MovieId 2533，禁止自动复用","70","ManualReview","LowConfidence","置信度低于 80，仅供人工核对。","False","False"
"13246","1461","SSIS-810","Z:\bcbcbcbc\ca-ES\data\已命名电影\SSIS-810+四星.mp4","Preview","","","Z:\bcbcbcbc\ca-ES\LocalMediaManager\Previews\SSIS-810\19.jpg","实体已登记到 MovieId 2533，禁止自动复用","70","ManualReview","LowConfidence","置信度低于 80，仅供人工核对。","False","False"
"13246","1461","SSIS-810","Z:\bcbcbcbc\ca-ES\data\已命名电影\SSIS-810+四星.mp4","Preview","","","Z:\bcbcbcbc\ca-ES\LocalMediaManager\Previews\SSIS-810\20.jpg","实体已登记到 MovieId 2533，禁止自动复用","70","ManualReview","LowConfidence","置信度低于 80，仅供人工核对。","False","False"
"13246","1462","IPZZ-301","Z:\bcbcbcbc\ca-ES\data\已命名电影\IPZZ-301+五星+娇小可爱清纯+强制+持续输出.mp4","Preview","","","Z:\bcbcbcbc\ca-ES\LocalMediaManager\Previews\IPZZ-301\01.jpg","实体已登记到 MovieId 2518，禁止自动复用","70","ManualReview","LowConfidence","置信度低于 80，仅供人工核对。","False","False"
"13246","1462","IPZZ-301","Z:\bcbcbcbc\ca-ES\data\已命名电影\IPZZ-301+五星+娇小可爱清纯+强制+持续输出.mp4","Preview","","","Z:\bcbcbcbc\ca-ES\LocalMediaManager\Previews\IPZZ-301\02.jpg","实体已登记到 MovieId 2518，禁止自动复用","70","ManualReview","LowConfidence","置信度低于 80，仅供人工核对。","False","False"
"13246","1462","IPZZ-301","Z:\bcbcbcbc\ca-ES\data\已命名电影\IPZZ-301+五星+娇小可爱清纯+强制+持续输出.mp4","Preview","","","Z:\bcbcbcbc\ca-ES\LocalMediaManager\Previews\IPZZ-301\03.jpg","实体已登记到 MovieId 2518，禁止自动复用","70","ManualReview","LowConfidence","置信度低于 80，仅供人工核对。","False","False"
"13246","1462","IPZZ-301","Z:\bcbcbcbc\ca-ES\data\已命名电影\IPZZ-301+五星+娇小可爱清纯+强制+持续输出.mp4","Preview","","","Z:\bcbcbcbc\ca-ES\LocalMediaManager\Previews\IPZZ-301\04.jpg","实体已登记到 MovieId 2518，禁止自动复用","70","ManualReview","LowConfidence","置信度低于 80，仅供人工核对。","False","False"
"13246","1462","IPZZ-301","Z:\bcbcbcbc\ca-ES\data\已命名电影\IPZZ-301+五星+娇小可爱清纯+强制+持续输出.mp4","Preview","","","Z:\bcbcbcbc\ca-ES\LocalMediaManager\Previews\IPZZ-301\05.jpg","实体已登记到 MovieId 2518，禁止自动复用","70","ManualReview","LowConfidence","置信度低于 80，仅供人工核对。","False","False"
"13246","1462","IPZZ-301","Z:\bcbcbcbc\ca-ES\data\已命名电影\IPZZ-301+五星+娇小可爱清纯+强制+持续输出.mp4","Preview","","","Z:\bcbcbcbc\ca-ES\LocalMediaManager\Previews\IPZZ-301\06.jpg","实体已登记到 MovieId 2518，禁止自动复用","70","ManualReview","LowConfidence","置信度低于 80，仅供人工核对。","False","False"
"13246","1462","IPZZ-301","Z:\bcbcbcbc\ca-ES\data\已命名电影\IPZZ-301+五星+娇小可爱清纯+强制+持续输出.mp4","Preview","","","Z:\bcbcbcbc\ca-ES\LocalMediaManager\Previews\IPZZ-301\07.jpg","实体已登记到 MovieId 2518，禁止自动复用","70","ManualReview","LowConfidence","置信度低于 80，仅供人工核对。","False","False"
"13246","1462","IPZZ-301","Z:\bcbcbcbc\ca-ES\data\已命名电影\IPZZ-301+五星+娇小可爱清纯+强制+持续输出.mp4","Preview","","","Z:\bcbcbcbc\ca-ES\LocalMediaManager\Previews\IPZZ-301\08.jpg","实体已登记到 MovieId 2518，禁止自动复用","70","ManualReview","LowConfidence","置信度低于 80，仅供人工核对。","False","False"
"13246","1462","IPZZ-301","Z:\bcbcbcbc\ca-ES\data\已命名电影\IPZZ-301+五星+娇小可爱清纯+强制+持续输出.mp4","Preview","","","Z:\bcbcbcbc\ca-ES\LocalMediaManager\Previews\IPZZ-301\09.jpg","实体已登记到 MovieId 2518，禁止自动复用","70","ManualReview","LowConfidence","置信度低于 80，仅供人工核对。","False","False"
"13246","1462","IPZZ-301","Z:\bcbcbcbc\ca-ES\data\已命名电影\IPZZ-301+五星+娇小可爱清纯+强制+持续输出.mp4","Preview","","","Z:\bcbcbcbc\ca-ES\LocalMediaManager\Previews\IPZZ-301\10.jpg","实体已登记到 MovieId 2518，禁止自动复用","70","ManualReview","LowConfidence","置信度低于 80，仅供人工核对。","False","False"
"13246","1462","IPZZ-301","Z:\bcbcbcbc\ca-ES\data\已命名电影\IPZZ-301+五星+娇小可爱清纯+强制+持续输出.mp4","Preview","","","Z:\bcbcbcbc\ca-ES\LocalMediaManager\Previews\IPZZ-301\11.jpg","实体已登记到 MovieId 2518，禁止自动复用","70","ManualReview","LowConfidence","置信度低于 80，仅供人工核对。","False","False"
"13246","1462","IPZZ-301","Z:\bcbcbcbc\ca-ES\data\已命名电影\IPZZ-301+五星+娇小可爱清纯+强制+持续输出.mp4","Preview","","","Z:\bcbcbcbc\ca-ES\LocalMediaManager\Previews\IPZZ-301\12.jpg","实体已登记到 MovieId 2518，禁止自动复用","70","ManualReview","LowConfidence","置信度低于 80，仅供人工核对。","False","False"
"13246","1462","IPZZ-301","Z:\bcbcbcbc\ca-ES\data\已命名电影\IPZZ-301+五星+娇小可爱清纯+强制+持续输出.mp4","Preview","","","Z:\bcbcbcbc\ca-ES\LocalMediaManager\Previews\IPZZ-301\13.jpg","实体已登记到 MovieId 2518，禁止自动复用","70","ManualReview","LowConfidence","置信度低于 80，仅供人工核对。","False","False"
"13246","1462","IPZZ-301","Z:\bcbcbcbc\ca-ES\data\已命名电影\IPZZ-301+五星+娇小可爱清纯+强制+持续输出.mp4","Preview","","","Z:\bcbcbcbc\ca-ES\LocalMediaManager\Previews\IPZZ-301\14.jpg","实体已登记到 MovieId 2518，禁止自动复用","70","ManualReview","LowConfidence","置信度低于 80，仅供人工核对。","False","False"
"13246","1462","IPZZ-301","Z:\bcbcbcbc\ca-ES\data\已命名电影\IPZZ-301+五星+娇小可爱清纯+强制+持续输出.mp4","Preview","","","Z:\bcbcbcbc\ca-ES\LocalMediaManager\Previews\IPZZ-301\15.jpg","实体已登记到 MovieId 2518，禁止自动复用","70","ManualReview","LowConfidence","置信度低于 80，仅供人工核对。","False","False"
"13246","1462","IPZZ-301","Z:\bcbcbcbc\ca-ES\data\已命名电影\IPZZ-301+五星+娇小可爱清纯+强制+持续输出.mp4","Preview","","","Z:\bcbcbcbc\ca-ES\LocalMediaManager\Previews\IPZZ-301\16.jpg","实体已登记到 MovieId 2518，禁止自动复用","70","ManualReview","LowConfidence","置信度低于 80，仅供人工核对。","False","False"
"13246","1462","IPZZ-301","Z:\bcbcbcbc\ca-ES\data\已命名电影\IPZZ-301+五星+娇小可爱清纯+强制+持续输出.mp4","Preview","","","Z:\bcbcbcbc\ca-ES\LocalMediaManager\Previews\IPZZ-301\17.jpg","实体已登记到 MovieId 2518，禁止自动复用","70","ManualReview","LowConfidence","置信度低于 80，仅供人工核对。","False","False"
"13246","1462","IPZZ-301","Z:\bcbcbcbc\ca-ES\data\已命名电影\IPZZ-301+五星+娇小可爱清纯+强制+持续输出.mp4","Preview","","","Z:\bcbcbcbc\ca-ES\LocalMediaManager\Previews\IPZZ-301\18.jpg","实体已登记到 MovieId 2518，禁止自动复用","70","ManualReview","LowConfidence","置信度低于 80，仅供人工核对。","False","False"
"13246","1462","IPZZ-301","Z:\bcbcbcbc\ca-ES\data\已命名电影\IPZZ-301+五星+娇小可爱清纯+强制+持续输出.mp4","Preview","","","Z:\bcbcbcbc\ca-ES\LocalMediaManager\Previews\IPZZ-301\19.jpg","实体已登记到 MovieId 2518，禁止自动复用","70","ManualReview","LowConfidence","置信度低于 80，仅供人工核对。","False","False"
"13246","1462","IPZZ-301","Z:\bcbcbcbc\ca-ES\data\已命名电影\IPZZ-301+五星+娇小可爱清纯+强制+持续输出.mp4","Preview","","","Z:\bcbcbcbc\ca-ES\LocalMediaManager\Previews\IPZZ-301\20.jpg","实体已登记到 MovieId 2518，禁止自动复用","70","ManualReview","LowConfidence","置信度低于 80，仅供人工核对。","False","False"
"13246","1462","IPZZ-301","Z:\bcbcbcbc\ca-ES\data\已命名电影\IPZZ-301+五星+娇小可爱清纯+强制+持续输出.mp4","Preview","","","Z:\bcbcbcbc\ca-ES\LocalMediaManager\Previews\IPZZ-301\21.jpg","实体已登记到 MovieId 2518，禁止自动复用","70","ManualReview","LowConfidence","置信度低于 80，仅供人工核对。","False","False"
"13246","1462","IPZZ-301","Z:\bcbcbcbc\ca-ES\data\已命名电影\IPZZ-301+五星+娇小可爱清纯+强制+持续输出.mp4","Preview","","","Z:\bcbcbcbc\ca-ES\LocalMediaManager\Previews\IPZZ-301\22.jpg","实体已登记到 MovieId 2518，禁止自动复用","70","ManualReview","LowConfidence","置信度低于 80，仅供人工核对。","False","False"
"13246","1462","IPZZ-301","Z:\bcbcbcbc\ca-ES\data\已命名电影\IPZZ-301+五星+娇小可爱清纯+强制+持续输出.mp4","Preview","","","Z:\bcbcbcbc\ca-ES\LocalMediaManager\Previews\IPZZ-301\23.jpg","实体已登记到 MovieId 2518，禁止自动复用","70","ManualReview","LowConfidence","置信度低于 80，仅供人工核对。","False","False"
"13246","1462","IPZZ-301","Z:\bcbcbcbc\ca-ES\data\已命名电影\IPZZ-301+五星+娇小可爱清纯+强制+持续输出.mp4","Preview","","","Z:\bcbcbcbc\ca-ES\LocalMediaManager\Previews\IPZZ-301\24.jpg","实体已登记到 MovieId 2518，禁止自动复用","70","ManualReview","LowConfidence","置信度低于 80，仅供人工核对。","False","False"
"13246","1469","SONE-205","Z:\bcbcbcbc\ca-ES\data\已命名电影\SONE-205+四星+按摩.mp4","Preview","","","Z:\bcbcbcbc\ca-ES\LocalMediaManager\Previews\SONE-205\01.jpg","实体已登记到 MovieId 2529，禁止自动复用","70","ManualReview","LowConfidence","置信度低于 80，仅供人工核对。","False","False"
"13246","1469","SONE-205","Z:\bcbcbcbc\ca-ES\data\已命名电影\SONE-205+四星+按摩.mp4","Preview","","","Z:\bcbcbcbc\ca-ES\LocalMediaManager\Previews\SONE-205\02.jpg","实体已登记到 MovieId 2529，禁止自动复用","70","ManualReview","LowConfidence","置信度低于 80，仅供人工核对。","False","False"
"13246","1469","SONE-205","Z:\bcbcbcbc\ca-ES\data\已命名电影\SONE-205+四星+按摩.mp4","Preview","","","Z:\bcbcbcbc\ca-ES\LocalMediaManager\Previews\SONE-205\03.jpg","实体已登记到 MovieId 2529，禁止自动复用","70","ManualReview","LowConfidence","置信度低于 80，仅供人工核对。","False","False"
"13246","1469","SONE-205","Z:\bcbcbcbc\ca-ES\data\已命名电影\SONE-205+四星+按摩.mp4","Preview","","","Z:\bcbcbcbc\ca-ES\LocalMediaManager\Previews\SONE-205\04.jpg","实体已登记到 MovieId 2529，禁止自动复用","70","ManualReview","LowConfidence","置信度低于 80，仅供人工核对。","False","False"
"13246","1469","SONE-205","Z:\bcbcbcbc\ca-ES\data\已命名电影\SONE-205+四星+按摩.mp4","Preview","","","Z:\bcbcbcbc\ca-ES\LocalMediaManager\Previews\SONE-205\05.jpg","实体已登记到 MovieId 2529，禁止自动复用","70","ManualReview","LowConfidence","置信度低于 80，仅供人工核对。","False","False"
"13246","1469","SONE-205","Z:\bcbcbcbc\ca-ES\data\已命名电影\SONE-205+四星+按摩.mp4","Preview","","","Z:\bcbcbcbc\ca-ES\LocalMediaManager\Previews\SONE-205\06.jpg","实体已登记到 MovieId 2529，禁止自动复用","70","ManualReview","LowConfidence","置信度低于 80，仅供人工核对。","False","False"
"13246","1469","SONE-205","Z:\bcbcbcbc\ca-ES\data\已命名电影\SONE-205+四星+按摩.mp4","Preview","","","Z:\bcbcbcbc\ca-ES\LocalMediaManager\Previews\SONE-205\07.jpg","实体已登记到 MovieId 2529，禁止自动复用","70","ManualReview","LowConfidence","置信度低于 80，仅供人工核对。","False","False"
"13246","1469","SONE-205","Z:\bcbcbcbc\ca-ES\data\已命名电影\SONE-205+四星+按摩.mp4","Preview","","","Z:\bcbcbcbc\ca-ES\LocalMediaManager\Previews\SONE-205\08.jpg","实体已登记到 MovieId 2529，禁止自动复用","70","ManualReview","LowConfidence","置信度低于 80，仅供人工核对。","False","False"
"13246","1469","SONE-205","Z:\bcbcbcbc\ca-ES\data\已命名电影\SONE-205+四星+按摩.mp4","Preview","","","Z:\bcbcbcbc\ca-ES\LocalMediaManager\Previews\SONE-205\09.jpg","实体已登记到 MovieId 2529，禁止自动复用","70","ManualReview","LowConfidence","置信度低于 80，仅供人工核对。","False","False"
"13246","1469","SONE-205","Z:\bcbcbcbc\ca-ES\data\已命名电影\SONE-205+四星+按摩.mp4","Preview","","","Z:\bcbcbcbc\ca-ES\LocalMediaManager\Previews\SONE-205\10.jpg","实体已登记到 MovieId 2529，禁止自动复用","70","ManualReview","LowConfidence","置信度低于 80，仅供人工核对。","False","False"
"13246","1469","SONE-205","Z:\bcbcbcbc\ca-ES\data\已命名电影\SONE-205+四星+按摩.mp4","Preview","","","Z:\bcbcbcbc\ca-ES\LocalMediaManager\Previews\SONE-205\11.jpg","实体已登记到 MovieId 2529，禁止自动复用","70","ManualReview","LowConfidence","置信度低于 80，仅供人工核对。","False","False"
"13246","1469","SONE-205","Z:\bcbcbcbc\ca-ES\data\已命名电影\SONE-205+四星+按摩.mp4","Preview","","","Z:\bcbcbcbc\ca-ES\LocalMediaManager\Previews\SONE-205\12.jpg","实体已登记到 MovieId 2529，禁止自动复用","70","ManualReview","LowConfidence","置信度低于 80，仅供人工核对。","False","False"
"13246","1469","SONE-205","Z:\bcbcbcbc\ca-ES\data\已命名电影\SONE-205+四星+按摩.mp4","Preview","","","Z:\bcbcbcbc\ca-ES\LocalMediaManager\Previews\SONE-205\13.jpg","实体已登记到 MovieId 2529，禁止自动复用","70","ManualReview","LowConfidence","置信度低于 80，仅供人工核对。","False","False"
"13246","1469","SONE-205","Z:\bcbcbcbc\ca-ES\data\已命名电影\SONE-205+四星+按摩.mp4","Preview","","","Z:\bcbcbcbc\ca-ES\LocalMediaManager\Previews\SONE-205\14.jpg","实体已登记到 MovieId 2529，禁止自动复用","70","ManualReview","LowConfidence","置信度低于 80，仅供人工核对。","False","False"
"13246","1469","SONE-205","Z:\bcbcbcbc\ca-ES\data\已命名电影\SONE-205+四星+按摩.mp4","Preview","","","Z:\bcbcbcbc\ca-ES\LocalMediaManager\Previews\SONE-205\15.jpg","实体已登记到 MovieId 2529，禁止自动复用","70","ManualReview","LowConfidence","置信度低于 80，仅供人工核对。","False","False"
"13246","1469","SONE-205","Z:\bcbcbcbc\ca-ES\data\已命名电影\SONE-205+四星+按摩.mp4","Preview","","","Z:\bcbcbcbc\ca-ES\LocalMediaManager\Previews\SONE-205\16.jpg","实体已登记到 MovieId 2529，禁止自动复用","70","ManualReview","LowConfidence","置信度低于 80，仅供人工核对。","False","False"
"13246","1469","SONE-205","Z:\bcbcbcbc\ca-ES\data\已命名电影\SONE-205+四星+按摩.mp4","Preview","","","Z:\bcbcbcbc\ca-ES\LocalMediaManager\Previews\SONE-205\17.jpg","实体已登记到 MovieId 2529，禁止自动复用","70","ManualReview","LowConfidence","置信度低于 80，仅供人工核对。","False","False"
"13246","1469","SONE-205","Z:\bcbcbcbc\ca-ES\data\已命名电影\SONE-205+四星+按摩.mp4","Preview","","","Z:\bcbcbcbc\ca-ES\LocalMediaManager\Previews\SONE-205\18.jpg","实体已登记到 MovieId 2529，禁止自动复用","70","ManualReview","LowConfidence","置信度低于 80，仅供人工核对。","False","False"
"13246","1469","SONE-205","Z:\bcbcbcbc\ca-ES\data\已命名电影\SONE-205+四星+按摩.mp4","Preview","","","Z:\bcbcbcbc\ca-ES\LocalMediaManager\Previews\SONE-205\19.jpg","实体已登记到 MovieId 2529，禁止自动复用","70","ManualReview","LowConfidence","置信度低于 80，仅供人工核对。","False","False"
"13246","1469","SONE-205","Z:\bcbcbcbc\ca-ES\data\已命名电影\SONE-205+四星+按摩.mp4","Preview","","","Z:\bcbcbcbc\ca-ES\LocalMediaManager\Previews\SONE-205\20.jpg","实体已登记到 MovieId 2529，禁止自动复用","70","ManualReview","LowConfidence","置信度低于 80，仅供人工核对。","False","False"
"13246","1469","SONE-205","Z:\bcbcbcbc\ca-ES\data\已命名电影\SONE-205+四星+按摩.mp4","Preview","","","Z:\bcbcbcbc\ca-ES\LocalMediaManager\Previews\SONE-205\21.jpg","实体已登记到 MovieId 2529，禁止自动复用","70","ManualReview","LowConfidence","置信度低于 80，仅供人工核对。","False","False"
"13246","1469","SONE-205","Z:\bcbcbcbc\ca-ES\data\已命名电影\SONE-205+四星+按摩.mp4","Preview","","","Z:\bcbcbcbc\ca-ES\LocalMediaManager\Previews\SONE-205\22.jpg","实体已登记到 MovieId 2529，禁止自动复用","70","ManualReview","LowConfidence","置信度低于 80，仅供人工核对。","False","False"
"13246","1486","SSIS-906","Z:\bcbcbcbc\ca-ES\data\已命名电影\SSIS-906+五星+好身材大长腿+持续输出+小湊よつ葉+明日葉みつは.mp4","Preview","","","Z:\bcbcbcbc\ca-ES\LocalMediaManager\Previews\SSIS-906\01.jpg","实体已登记到 MovieId 2535，禁止自动复用","70","ManualReview","LowConfidence","置信度低于 80，仅供人工核对。","False","False"
"13246","1486","SSIS-906","Z:\bcbcbcbc\ca-ES\data\已命名电影\SSIS-906+五星+好身材大长腿+持续输出+小湊よつ葉+明日葉みつは.mp4","Preview","","","Z:\bcbcbcbc\ca-ES\LocalMediaManager\Previews\SSIS-906\02.jpg","实体已登记到 MovieId 2535，禁止自动复用","70","ManualReview","LowConfidence","置信度低于 80，仅供人工核对。","False","False"
"13246","1486","SSIS-906","Z:\bcbcbcbc\ca-ES\data\已命名电影\SSIS-906+五星+好身材大长腿+持续输出+小湊よつ葉+明日葉みつは.mp4","Preview","","","Z:\bcbcbcbc\ca-ES\LocalMediaManager\Previews\SSIS-906\03.jpg","实体已登记到 MovieId 2535，禁止自动复用","70","ManualReview","LowConfidence","置信度低于 80，仅供人工核对。","False","False"
"13246","1486","SSIS-906","Z:\bcbcbcbc\ca-ES\data\已命名电影\SSIS-906+五星+好身材大长腿+持续输出+小湊よつ葉+明日葉みつは.mp4","Preview","","","Z:\bcbcbcbc\ca-ES\LocalMediaManager\Previews\SSIS-906\04.jpg","实体已登记到 MovieId 2535，禁止自动复用","70","ManualReview","LowConfidence","置信度低于 80，仅供人工核对。","False","False"
"13246","1486","SSIS-906","Z:\bcbcbcbc\ca-ES\data\已命名电影\SSIS-906+五星+好身材大长腿+持续输出+小湊よつ葉+明日葉みつは.mp4","Preview","","","Z:\bcbcbcbc\ca-ES\LocalMediaManager\Previews\SSIS-906\05.jpg","实体已登记到 MovieId 2535，禁止自动复用","70","ManualReview","LowConfidence","置信度低于 80，仅供人工核对。","False","False"
"13246","1486","SSIS-906","Z:\bcbcbcbc\ca-ES\data\已命名电影\SSIS-906+五星+好身材大长腿+持续输出+小湊よつ葉+明日葉みつは.mp4","Preview","","","Z:\bcbcbcbc\ca-ES\LocalMediaManager\Previews\SSIS-906\06.jpg","实体已登记到 MovieId 2535，禁止自动复用","70","ManualReview","LowConfidence","置信度低于 80，仅供人工核对。","False","False"
"13246","1486","SSIS-906","Z:\bcbcbcbc\ca-ES\data\已命名电影\SSIS-906+五星+好身材大长腿+持续输出+小湊よつ葉+明日葉みつは.mp4","Preview","","","Z:\bcbcbcbc\ca-ES\LocalMediaManager\Previews\SSIS-906\07.jpg","实体已登记到 MovieId 2535，禁止自动复用","70","ManualReview","LowConfidence","置信度低于 80，仅供人工核对。","False","False"
"13246","1486","SSIS-906","Z:\bcbcbcbc\ca-ES\data\已命名电影\SSIS-906+五星+好身材大长腿+持续输出+小湊よつ葉+明日葉みつは.mp4","Preview","","","Z:\bcbcbcbc\ca-ES\LocalMediaManager\Previews\SSIS-906\08.jpg","实体已登记到 MovieId 2535，禁止自动复用","70","ManualReview","LowConfidence","置信度低于 80，仅供人工核对。","False","False"
"13246","1486","SSIS-906","Z:\bcbcbcbc\ca-ES\data\已命名电影\SSIS-906+五星+好身材大长腿+持续输出+小湊よつ葉+明日葉みつは.mp4","Preview","","","Z:\bcbcbcbc\ca-ES\LocalMediaManager\Previews\SSIS-906\09.jpg","实体已登记到 MovieId 2535，禁止自动复用","70","ManualReview","LowConfidence","置信度低于 80，仅供人工核对。","False","False"
"13246","1486","SSIS-906","Z:\bcbcbcbc\ca-ES\data\已命名电影\SSIS-906+五星+好身材大长腿+持续输出+小湊よつ葉+明日葉みつは.mp4","Preview","","","Z:\bcbcbcbc\ca-ES\LocalMediaManager\Previews\SSIS-906\10.jpg","实体已登记到 MovieId 2535，禁止自动复用","70","ManualReview","LowConfidence","置信度低于 80，仅供人工核对。","False","False"
"13246","1486","SSIS-906","Z:\bcbcbcbc\ca-ES\data\已命名电影\SSIS-906+五星+好身材大长腿+持续输出+小湊よつ葉+明日葉みつは.mp4","Preview","","","Z:\bcbcbcbc\ca-ES\LocalMediaManager\Previews\SSIS-906\11.jpg","实体已登记到 MovieId 2535，禁止自动复用","70","ManualReview","LowConfidence","置信度低于 80，仅供人工核对。","False","False"
"13246","1486","SSIS-906","Z:\bcbcbcbc\ca-ES\data\已命名电影\SSIS-906+五星+好身材大长腿+持续输出+小湊よつ葉+明日葉みつは.mp4","Preview","","","Z:\bcbcbcbc\ca-ES\LocalMediaManager\Previews\SSIS-906\12.jpg","实体已登记到 MovieId 2535，禁止自动复用","70","ManualReview","LowConfidence","置信度低于 80，仅供人工核对。","False","False"
"13246","1486","SSIS-906","Z:\bcbcbcbc\ca-ES\data\已命名电影\SSIS-906+五星+好身材大长腿+持续输出+小湊よつ葉+明日葉みつは.mp4","Preview","","","Z:\bcbcbcbc\ca-ES\LocalMediaManager\Previews\SSIS-906\13.jpg","实体已登记到 MovieId 2535，禁止自动复用","70","ManualReview","LowConfidence","置信度低于 80，仅供人工核对。","False","False"
"13246","1486","SSIS-906","Z:\bcbcbcbc\ca-ES\data\已命名电影\SSIS-906+五星+好身材大长腿+持续输出+小湊よつ葉+明日葉みつは.mp4","Preview","","","Z:\bcbcbcbc\ca-ES\LocalMediaManager\Previews\SSIS-906\14.jpg","实体已登记到 MovieId 2535，禁止自动复用","70","ManualReview","LowConfidence","置信度低于 80，仅供人工核对。","False","False"
"13246","1486","SSIS-906","Z:\bcbcbcbc\ca-ES\data\已命名电影\SSIS-906+五星+好身材大长腿+持续输出+小湊よつ葉+明日葉みつは.mp4","Preview","","","Z:\bcbcbcbc\ca-ES\LocalMediaManager\Previews\SSIS-906\15.jpg","实体已登记到 MovieId 2535，禁止自动复用","70","ManualReview","LowConfidence","置信度低于 80，仅供人工核对。","False","False"
"13246","1486","SSIS-906","Z:\bcbcbcbc\ca-ES\data\已命名电影\SSIS-906+五星+好身材大长腿+持续输出+小湊よつ葉+明日葉みつは.mp4","Preview","","","Z:\bcbcbcbc\ca-ES\LocalMediaManager\Previews\SSIS-906\16.jpg","实体已登记到 MovieId 2535，禁止自动复用","70","ManualReview","LowConfidence","置信度低于 80，仅供人工核对。","False","False"
"13246","1486","SSIS-906","Z:\bcbcbcbc\ca-ES\data\已命名电影\SSIS-906+五星+好身材大长腿+持续输出+小湊よつ葉+明日葉みつは.mp4","Preview","","","Z:\bcbcbcbc\ca-ES\LocalMediaManager\Previews\SSIS-906\17.jpg","实体已登记到 MovieId 2535，禁止自动复用","70","ManualReview","LowConfidence","置信度低于 80，仅供人工核对。","False","False"
"13246","1486","SSIS-906","Z:\bcbcbcbc\ca-ES\data\已命名电影\SSIS-906+五星+好身材大长腿+持续输出+小湊よつ葉+明日葉みつは.mp4","Preview","","","Z:\bcbcbcbc\ca-ES\LocalMediaManager\Previews\SSIS-906\18.jpg","实体已登记到 MovieId 2535，禁止自动复用","70","ManualReview","LowConfidence","置信度低于 80，仅供人工核对。","False","False"
"13246","1486","SSIS-906","Z:\bcbcbcbc\ca-ES\data\已命名电影\SSIS-906+五星+好身材大长腿+持续输出+小湊よつ葉+明日葉みつは.mp4","Preview","","","Z:\bcbcbcbc\ca-ES\LocalMediaManager\Previews\SSIS-906\19.jpg","实体已登记到 MovieId 2535，禁止自动复用","70","ManualReview","LowConfidence","置信度低于 80，仅供人工核对。","False","False"
"13246","1486","SSIS-906","Z:\bcbcbcbc\ca-ES\data\已命名电影\SSIS-906+五星+好身材大长腿+持续输出+小湊よつ葉+明日葉みつは.mp4","Preview","","","Z:\bcbcbcbc\ca-ES\LocalMediaManager\Previews\SSIS-906\20.jpg","实体已登记到 MovieId 2535，禁止自动复用","70","ManualReview","LowConfidence","置信度低于 80，仅供人工核对。","False","False"
"13246","1510","START-135","Z:\bcbcbcbc\ca-ES\data\已命名电影\START-135+五星+持续输出+高颜值+小湊よつ葉.mp4","Preview","","","Z:\bcbcbcbc\ca-ES\LocalMediaManager\Previews\START-135\01.jpg","实体已登记到 MovieId 2539，禁止自动复用","70","ManualReview","LowConfidence","置信度低于 80，仅供人工核对。","False","False"
"13246","1510","START-135","Z:\bcbcbcbc\ca-ES\data\已命名电影\START-135+五星+持续输出+高颜值+小湊よつ葉.mp4","Preview","","","Z:\bcbcbcbc\ca-ES\LocalMediaManager\Previews\START-135\02.jpg","实体已登记到 MovieId 2539，禁止自动复用","70","ManualReview","LowConfidence","置信度低于 80，仅供人工核对。","False","False"
"13246","1510","START-135","Z:\bcbcbcbc\ca-ES\data\已命名电影\START-135+五星+持续输出+高颜值+小湊よつ葉.mp4","Preview","","","Z:\bcbcbcbc\ca-ES\LocalMediaManager\Previews\START-135\03.jpg","实体已登记到 MovieId 2539，禁止自动复用","70","ManualReview","LowConfidence","置信度低于 80，仅供人工核对。","False","False"
"13246","1510","START-135","Z:\bcbcbcbc\ca-ES\data\已命名电影\START-135+五星+持续输出+高颜值+小湊よつ葉.mp4","Preview","","","Z:\bcbcbcbc\ca-ES\LocalMediaManager\Previews\START-135\04.jpg","实体已登记到 MovieId 2539，禁止自动复用","70","ManualReview","LowConfidence","置信度低于 80，仅供人工核对。","False","False"
"13246","1510","START-135","Z:\bcbcbcbc\ca-ES\data\已命名电影\START-135+五星+持续输出+高颜值+小湊よつ葉.mp4","Preview","","","Z:\bcbcbcbc\ca-ES\LocalMediaManager\Previews\START-135\05.jpg","实体已登记到 MovieId 2539，禁止自动复用","70","ManualReview","LowConfidence","置信度低于 80，仅供人工核对。","False","False"
"13246","1510","START-135","Z:\bcbcbcbc\ca-ES\data\已命名电影\START-135+五星+持续输出+高颜值+小湊よつ葉.mp4","Preview","","","Z:\bcbcbcbc\ca-ES\LocalMediaManager\Previews\START-135\06.jpg","实体已登记到 MovieId 2539，禁止自动复用","70","ManualReview","LowConfidence","置信度低于 80，仅供人工核对。","False","False"
"13246","1510","START-135","Z:\bcbcbcbc\ca-ES\data\已命名电影\START-135+五星+持续输出+高颜值+小湊よつ葉.mp4","Preview","","","Z:\bcbcbcbc\ca-ES\LocalMediaManager\Previews\START-135\07.jpg","实体已登记到 MovieId 2539，禁止自动复用","70","ManualReview","LowConfidence","置信度低于 80，仅供人工核对。","False","False"
"13246","1510","START-135","Z:\bcbcbcbc\ca-ES\data\已命名电影\START-135+五星+持续输出+高颜值+小湊よつ葉.mp4","Preview","","","Z:\bcbcbcbc\ca-ES\LocalMediaManager\Previews\START-135\08.jpg","实体已登记到 MovieId 2539，禁止自动复用","70","ManualReview","LowConfidence","置信度低于 80，仅供人工核对。","False","False"
"13246","1510","START-135","Z:\bcbcbcbc\ca-ES\data\已命名电影\START-135+五星+持续输出+高颜值+小湊よつ葉.mp4","Preview","","","Z:\bcbcbcbc\ca-ES\LocalMediaManager\Previews\START-135\09.jpg","实体已登记到 MovieId 2539，禁止自动复用","70","ManualReview","LowConfidence","置信度低于 80，仅供人工核对。","False","False"
"13246","1510","START-135","Z:\bcbcbcbc\ca-ES\data\已命名电影\START-135+五星+持续输出+高颜值+小湊よつ葉.mp4","Preview","","","Z:\bcbcbcbc\ca-ES\LocalMediaManager\Previews\START-135\10.jpg","实体已登记到 MovieId 2539，禁止自动复用","70","ManualReview","LowConfidence","置信度低于 80，仅供人工核对。","False","False"
"13246","1510","START-135","Z:\bcbcbcbc\ca-ES\data\已命名电影\START-135+五星+持续输出+高颜值+小湊よつ葉.mp4","Preview","","","Z:\bcbcbcbc\ca-ES\LocalMediaManager\Previews\START-135\11.jpg","实体已登记到 MovieId 2539，禁止自动复用","70","ManualReview","LowConfidence","置信度低于 80，仅供人工核对。","False","False"
"13246","1510","START-135","Z:\bcbcbcbc\ca-ES\data\已命名电影\START-135+五星+持续输出+高颜值+小湊よつ葉.mp4","Preview","","","Z:\bcbcbcbc\ca-ES\LocalMediaManager\Previews\START-135\12.jpg","实体已登记到 MovieId 2539，禁止自动复用","70","ManualReview","LowConfidence","置信度低于 80，仅供人工核对。","False","False"
"13246","1510","START-135","Z:\bcbcbcbc\ca-ES\data\已命名电影\START-135+五星+持续输出+高颜值+小湊よつ葉.mp4","Preview","","","Z:\bcbcbcbc\ca-ES\LocalMediaManager\Previews\START-135\13.jpg","实体已登记到 MovieId 2539，禁止自动复用","70","ManualReview","LowConfidence","置信度低于 80，仅供人工核对。","False","False"
"13246","1510","START-135","Z:\bcbcbcbc\ca-ES\data\已命名电影\START-135+五星+持续输出+高颜值+小湊よつ葉.mp4","Preview","","","Z:\bcbcbcbc\ca-ES\LocalMediaManager\Previews\START-135\14.jpg","实体已登记到 MovieId 2539，禁止自动复用","70","ManualReview","LowConfidence","置信度低于 80，仅供人工核对。","False","False"
"13246","1510","START-135","Z:\bcbcbcbc\ca-ES\data\已命名电影\START-135+五星+持续输出+高颜值+小湊よつ葉.mp4","Preview","","","Z:\bcbcbcbc\ca-ES\LocalMediaManager\Previews\START-135\15.jpg","实体已登记到 MovieId 2539，禁止自动复用","70","ManualReview","LowConfidence","置信度低于 80，仅供人工核对。","False","False"
"13246","1510","START-135","Z:\bcbcbcbc\ca-ES\data\已命名电影\START-135+五星+持续输出+高颜值+小湊よつ葉.mp4","Preview","","","Z:\bcbcbcbc\ca-ES\LocalMediaManager\Previews\START-135\16.jpg","实体已登记到 MovieId 2539，禁止自动复用","70","ManualReview","LowConfidence","置信度低于 80，仅供人工核对。","False","False"
"13246","1510","START-135","Z:\bcbcbcbc\ca-ES\data\已命名电影\START-135+五星+持续输出+高颜值+小湊よつ葉.mp4","Preview","","","Z:\bcbcbcbc\ca-ES\LocalMediaManager\Previews\START-135\17.jpg","实体已登记到 MovieId 2539，禁止自动复用","70","ManualReview","LowConfidence","置信度低于 80，仅供人工核对。","False","False"
"13246","1510","START-135","Z:\bcbcbcbc\ca-ES\data\已命名电影\START-135+五星+持续输出+高颜值+小湊よつ葉.mp4","Preview","","","Z:\bcbcbcbc\ca-ES\LocalMediaManager\Previews\START-135\18.jpg","实体已登记到 MovieId 2539，禁止自动复用","70","ManualReview","LowConfidence","置信度低于 80，仅供人工核对。","False","False"
"13246","1510","START-135","Z:\bcbcbcbc\ca-ES\data\已命名电影\START-135+五星+持续输出+高颜值+小湊よつ葉.mp4","Preview","","","Z:\bcbcbcbc\ca-ES\LocalMediaManager\Previews\START-135\19.jpg","实体已登记到 MovieId 2539，禁止自动复用","70","ManualReview","LowConfidence","置信度低于 80，仅供人工核对。","False","False"
"13246","1510","START-135","Z:\bcbcbcbc\ca-ES\data\已命名电影\START-135+五星+持续输出+高颜值+小湊よつ葉.mp4","Preview","","","Z:\bcbcbcbc\ca-ES\LocalMediaManager\Previews\START-135\20.jpg","实体已登记到 MovieId 2539，禁止自动复用","70","ManualReview","LowConfidence","置信度低于 80，仅供人工核对。","False","False"
"13246","1510","START-135","Z:\bcbcbcbc\ca-ES\data\已命名电影\START-135+五星+持续输出+高颜值+小湊よつ葉.mp4","Preview","","","Z:\bcbcbcbc\ca-ES\LocalMediaManager\Previews\START-135\21.jpg","实体已登记到 MovieId 2539，禁止自动复用","70","ManualReview","LowConfidence","置信度低于 80，仅供人工核对。","False","False"
"13246","1510","START-135","Z:\bcbcbcbc\ca-ES\data\已命名电影\START-135+五星+持续输出+高颜值+小湊よつ葉.mp4","Preview","","","Z:\bcbcbcbc\ca-ES\LocalMediaManager\Previews\START-135\22.jpg","实体已登记到 MovieId 2539，禁止自动复用","70","ManualReview","LowConfidence","置信度低于 80，仅供人工核对。","False","False"
"13246","1510","START-135","Z:\bcbcbcbc\ca-ES\data\已命名电影\START-135+五星+持续输出+高颜值+小湊よつ葉.mp4","Preview","","","Z:\bcbcbcbc\ca-ES\LocalMediaManager\Previews\START-135\23.jpg","实体已登记到 MovieId 2539，禁止自动复用","70","ManualReview","LowConfidence","置信度低于 80，仅供人工核对。","False","False"
"13246","1510","START-135","Z:\bcbcbcbc\ca-ES\data\已命名电影\START-135+五星+持续输出+高颜值+小湊よつ葉.mp4","Preview","","","Z:\bcbcbcbc\ca-ES\LocalMediaManager\Previews\START-135\24.jpg","实体已登记到 MovieId 2539，禁止自动复用","70","ManualReview","LowConfidence","置信度低于 80，仅供人工核对。","False","False"
"13246","1510","START-135","Z:\bcbcbcbc\ca-ES\data\已命名电影\START-135+五星+持续输出+高颜值+小湊よつ葉.mp4","Preview","","","Z:\bcbcbcbc\ca-ES\LocalMediaManager\Previews\START-135\25.jpg","实体已登记到 MovieId 2539，禁止自动复用","70","ManualReview","LowConfidence","置信度低于 80，仅供人工核对。","False","False"
"13246","1510","START-135","Z:\bcbcbcbc\ca-ES\data\已命名电影\START-135+五星+持续输出+高颜值+小湊よつ葉.mp4","Preview","","","Z:\bcbcbcbc\ca-ES\LocalMediaManager\Previews\START-135\26.jpg","实体已登记到 MovieId 2539，禁止自动复用","70","ManualReview","LowConfidence","置信度低于 80，仅供人工核对。","False","False"
"13246","1510","START-135","Z:\bcbcbcbc\ca-ES\data\已命名电影\START-135+五星+持续输出+高颜值+小湊よつ葉.mp4","Preview","","","Z:\bcbcbcbc\ca-ES\LocalMediaManager\Previews\START-135\27.jpg","实体已登记到 MovieId 2539，禁止自动复用","70","ManualReview","LowConfidence","置信度低于 80，仅供人工核对。","False","False"
"13246","1510","START-135","Z:\bcbcbcbc\ca-ES\data\已命名电影\START-135+五星+持续输出+高颜值+小湊よつ葉.mp4","Preview","","","Z:\bcbcbcbc\ca-ES\LocalMediaManager\Previews\START-135\28.jpg","实体已登记到 MovieId 2539，禁止自动复用","70","ManualReview","LowConfidence","置信度低于 80，仅供人工核对。","False","False"
"13246","1510","START-135","Z:\bcbcbcbc\ca-ES\data\已命名电影\START-135+五星+持续输出+高颜值+小湊よつ葉.mp4","Preview","","","Z:\bcbcbcbc\ca-ES\LocalMediaManager\Previews\START-135\29.jpg","实体已登记到 MovieId 2539，禁止自动复用","70","ManualReview","LowConfidence","置信度低于 80，仅供人工核对。","False","False"
"13246","1510","START-135","Z:\bcbcbcbc\ca-ES\data\已命名电影\START-135+五星+持续输出+高颜值+小湊よつ葉.mp4","Preview","","","Z:\bcbcbcbc\ca-ES\LocalMediaManager\Previews\START-135\30.jpg","实体已登记到 MovieId 2539，禁止自动复用","70","ManualReview","LowConfidence","置信度低于 80，仅供人工核对。","False","False"
"13246","1510","START-135","Z:\bcbcbcbc\ca-ES\data\已命名电影\START-135+五星+持续输出+高颜值+小湊よつ葉.mp4","Preview","","","Z:\bcbcbcbc\ca-ES\LocalMediaManager\Previews\START-135\31.jpg","实体已登记到 MovieId 2539，禁止自动复用","70","ManualReview","LowConfidence","置信度低于 80，仅供人工核对。","False","False"
"13246","1510","START-135","Z:\bcbcbcbc\ca-ES\data\已命名电影\START-135+五星+持续输出+高颜值+小湊よつ葉.mp4","Preview","","","Z:\bcbcbcbc\ca-ES\LocalMediaManager\Previews\START-135\32.jpg","实体已登记到 MovieId 2539，禁止自动复用","70","ManualReview","LowConfidence","置信度低于 80，仅供人工核对。","False","False"
"13246","1510","START-135","Z:\bcbcbcbc\ca-ES\data\已命名电影\START-135+五星+持续输出+高颜值+小湊よつ葉.mp4","Preview","","","Z:\bcbcbcbc\ca-ES\LocalMediaManager\Previews\START-135\33.jpg","实体已登记到 MovieId 2539，禁止自动复用","70","ManualReview","LowConfidence","置信度低于 80，仅供人工核对。","False","False"
"13246","1510","START-135","Z:\bcbcbcbc\ca-ES\data\已命名电影\START-135+五星+持续输出+高颜值+小湊よつ葉.mp4","Preview","","","Z:\bcbcbcbc\ca-ES\LocalMediaManager\Previews\START-135\34.jpg","实体已登记到 MovieId 2539，禁止自动复用","70","ManualReview","LowConfidence","置信度低于 80，仅供人工核对。","False","False"
"13246","1510","START-135","Z:\bcbcbcbc\ca-ES\data\已命名电影\START-135+五星+持续输出+高颜值+小湊よつ葉.mp4","Preview","","","Z:\bcbcbcbc\ca-ES\LocalMediaManager\Previews\START-135\35.jpg","实体已登记到 MovieId 2539，禁止自动复用","70","ManualReview","LowConfidence","置信度低于 80，仅供人工核对。","False","False"
"13246","1511","FSOG-008","Z:\bcbcbcbc\ca-ES\data\已命名电影\FSOG-008+不露脸+五星+国产+娇小可爱清纯+白虎.mp4","NFO","","","Z:\bcbcbcbc\ca-ES\LocalMediaManager\NFO\FSOG-008\FSOG-008.nfo","文件名与标准化番号完全一致","90","LinkNfo","Safe","唯一高置信度实体，可在确认后建立或修正关联。","True","False"
"13246","1512","IPZZ-407","Z:\bcbcbcbc\ca-ES\data\已命名电影\IPZZ-407+五星+高颜值.mp4","Preview","","","Z:\bcbcbcbc\ca-ES\LocalMediaManager\Previews\IPZZ-407\01.jpg","实体已登记到 MovieId 2519，禁止自动复用","70","ManualReview","LowConfidence","置信度低于 80，仅供人工核对。","False","False"
"13246","1512","IPZZ-407","Z:\bcbcbcbc\ca-ES\data\已命名电影\IPZZ-407+五星+高颜值.mp4","Preview","","","Z:\bcbcbcbc\ca-ES\LocalMediaManager\Previews\IPZZ-407\02.jpg","实体已登记到 MovieId 2519，禁止自动复用","70","ManualReview","LowConfidence","置信度低于 80，仅供人工核对。","False","False"
"13246","1512","IPZZ-407","Z:\bcbcbcbc\ca-ES\data\已命名电影\IPZZ-407+五星+高颜值.mp4","Preview","","","Z:\bcbcbcbc\ca-ES\LocalMediaManager\Previews\IPZZ-407\03.jpg","实体已登记到 MovieId 2519，禁止自动复用","70","ManualReview","LowConfidence","置信度低于 80，仅供人工核对。","False","False"
"13246","1512","IPZZ-407","Z:\bcbcbcbc\ca-ES\data\已命名电影\IPZZ-407+五星+高颜值.mp4","Preview","","","Z:\bcbcbcbc\ca-ES\LocalMediaManager\Previews\IPZZ-407\04.jpg","实体已登记到 MovieId 2519，禁止自动复用","70","ManualReview","LowConfidence","置信度低于 80，仅供人工核对。","False","False"
"13246","1512","IPZZ-407","Z:\bcbcbcbc\ca-ES\data\已命名电影\IPZZ-407+五星+高颜值.mp4","Preview","","","Z:\bcbcbcbc\ca-ES\LocalMediaManager\Previews\IPZZ-407\05.jpg","实体已登记到 MovieId 2519，禁止自动复用","70","ManualReview","LowConfidence","置信度低于 80，仅供人工核对。","False","False"
"13246","1512","IPZZ-407","Z:\bcbcbcbc\ca-ES\data\已命名电影\IPZZ-407+五星+高颜值.mp4","Preview","","","Z:\bcbcbcbc\ca-ES\LocalMediaManager\Previews\IPZZ-407\06.jpg","实体已登记到 MovieId 2519，禁止自动复用","70","ManualReview","LowConfidence","置信度低于 80，仅供人工核对。","False","False"
"13246","1512","IPZZ-407","Z:\bcbcbcbc\ca-ES\data\已命名电影\IPZZ-407+五星+高颜值.mp4","Preview","","","Z:\bcbcbcbc\ca-ES\LocalMediaManager\Previews\IPZZ-407\07.jpg","实体已登记到 MovieId 2519，禁止自动复用","70","ManualReview","LowConfidence","置信度低于 80，仅供人工核对。","False","False"
"13246","1512","IPZZ-407","Z:\bcbcbcbc\ca-ES\data\已命名电影\IPZZ-407+五星+高颜值.mp4","Preview","","","Z:\bcbcbcbc\ca-ES\LocalMediaManager\Previews\IPZZ-407\08.jpg","实体已登记到 MovieId 2519，禁止自动复用","70","ManualReview","LowConfidence","置信度低于 80，仅供人工核对。","False","False"
"13246","1512","IPZZ-407","Z:\bcbcbcbc\ca-ES\data\已命名电影\IPZZ-407+五星+高颜值.mp4","Preview","","","Z:\bcbcbcbc\ca-ES\LocalMediaManager\Previews\IPZZ-407\09.jpg","实体已登记到 MovieId 2519，禁止自动复用","70","ManualReview","LowConfidence","置信度低于 80，仅供人工核对。","False","False"
"13246","1512","IPZZ-407","Z:\bcbcbcbc\ca-ES\data\已命名电影\IPZZ-407+五星+高颜值.mp4","Preview","","","Z:\bcbcbcbc\ca-ES\LocalMediaManager\Previews\IPZZ-407\10.jpg","实体已登记到 MovieId 2519，禁止自动复用","70","ManualReview","LowConfidence","置信度低于 80，仅供人工核对。","False","False"
"13246","1512","IPZZ-407","Z:\bcbcbcbc\ca-ES\data\已命名电影\IPZZ-407+五星+高颜值.mp4","Preview","","","Z:\bcbcbcbc\ca-ES\LocalMediaManager\Previews\IPZZ-407\11.jpg","实体已登记到 MovieId 2519，禁止自动复用","70","ManualReview","LowConfidence","置信度低于 80，仅供人工核对。","False","False"
"13246","1512","IPZZ-407","Z:\bcbcbcbc\ca-ES\data\已命名电影\IPZZ-407+五星+高颜值.mp4","Preview","","","Z:\bcbcbcbc\ca-ES\LocalMediaManager\Previews\IPZZ-407\12.jpg","实体已登记到 MovieId 2519，禁止自动复用","70","ManualReview","LowConfidence","置信度低于 80，仅供人工核对。","False","False"
"13246","1512","IPZZ-407","Z:\bcbcbcbc\ca-ES\data\已命名电影\IPZZ-407+五星+高颜值.mp4","Preview","","","Z:\bcbcbcbc\ca-ES\LocalMediaManager\Previews\IPZZ-407\13.jpg","实体已登记到 MovieId 2519，禁止自动复用","70","ManualReview","LowConfidence","置信度低于 80，仅供人工核对。","False","False"
"13246","1512","IPZZ-407","Z:\bcbcbcbc\ca-ES\data\已命名电影\IPZZ-407+五星+高颜值.mp4","Preview","","","Z:\bcbcbcbc\ca-ES\LocalMediaManager\Previews\IPZZ-407\14.jpg","实体已登记到 MovieId 2519，禁止自动复用","70","ManualReview","LowConfidence","置信度低于 80，仅供人工核对。","False","False"
"13246","1512","IPZZ-407","Z:\bcbcbcbc\ca-ES\data\已命名电影\IPZZ-407+五星+高颜值.mp4","Preview","","","Z:\bcbcbcbc\ca-ES\LocalMediaManager\Previews\IPZZ-407\15.jpg","实体已登记到 MovieId 2519，禁止自动复用","70","ManualReview","LowConfidence","置信度低于 80，仅供人工核对。","False","False"
"13246","1512","IPZZ-407","Z:\bcbcbcbc\ca-ES\data\已命名电影\IPZZ-407+五星+高颜值.mp4","Preview","","","Z:\bcbcbcbc\ca-ES\LocalMediaManager\Previews\IPZZ-407\16.jpg","实体已登记到 MovieId 2519，禁止自动复用","70","ManualReview","LowConfidence","置信度低于 80，仅供人工核对。","False","False"
"13246","1512","IPZZ-407","Z:\bcbcbcbc\ca-ES\data\已命名电影\IPZZ-407+五星+高颜值.mp4","Preview","","","Z:\bcbcbcbc\ca-ES\LocalMediaManager\Previews\IPZZ-407\17.jpg","实体已登记到 MovieId 2519，禁止自动复用","70","ManualReview","LowConfidence","置信度低于 80，仅供人工核对。","False","False"
"13246","1512","IPZZ-407","Z:\bcbcbcbc\ca-ES\data\已命名电影\IPZZ-407+五星+高颜值.mp4","Preview","","","Z:\bcbcbcbc\ca-ES\LocalMediaManager\Previews\IPZZ-407\18.jpg","实体已登记到 MovieId 2519，禁止自动复用","70","ManualReview","LowConfidence","置信度低于 80，仅供人工核对。","False","False"
"13246","1512","IPZZ-407","Z:\bcbcbcbc\ca-ES\data\已命名电影\IPZZ-407+五星+高颜值.mp4","Preview","","","Z:\bcbcbcbc\ca-ES\LocalMediaManager\Previews\IPZZ-407\19.jpg","实体已登记到 MovieId 2519，禁止自动复用","70","ManualReview","LowConfidence","置信度低于 80，仅供人工核对。","False","False"
"13246","1512","IPZZ-407","Z:\bcbcbcbc\ca-ES\data\已命名电影\IPZZ-407+五星+高颜值.mp4","Preview","","","Z:\bcbcbcbc\ca-ES\LocalMediaManager\Previews\IPZZ-407\20.jpg","实体已登记到 MovieId 2519，禁止自动复用","70","ManualReview","LowConfidence","置信度低于 80，仅供人工核对。","False","False"
"13246","1512","IPZZ-407","Z:\bcbcbcbc\ca-ES\data\已命名电影\IPZZ-407+五星+高颜值.mp4","Preview","","","Z:\bcbcbcbc\ca-ES\LocalMediaManager\Previews\IPZZ-407\21.jpg","实体已登记到 MovieId 2519，禁止自动复用","70","ManualReview","LowConfidence","置信度低于 80，仅供人工核对。","False","False"
"13246","1512","IPZZ-407","Z:\bcbcbcbc\ca-ES\data\已命名电影\IPZZ-407+五星+高颜值.mp4","Preview","","","Z:\bcbcbcbc\ca-ES\LocalMediaManager\Previews\IPZZ-407\22.jpg","实体已登记到 MovieId 2519，禁止自动复用","70","ManualReview","LowConfidence","置信度低于 80，仅供人工核对。","False","False"
"13246","1512","IPZZ-407","Z:\bcbcbcbc\ca-ES\data\已命名电影\IPZZ-407+五星+高颜值.mp4","Preview","","","Z:\bcbcbcbc\ca-ES\LocalMediaManager\Previews\IPZZ-407\23.jpg","实体已登记到 MovieId 2519，禁止自动复用","70","ManualReview","LowConfidence","置信度低于 80，仅供人工核对。","False","False"
"13246","1512","IPZZ-407","Z:\bcbcbcbc\ca-ES\data\已命名电影\IPZZ-407+五星+高颜值.mp4","Preview","","","Z:\bcbcbcbc\ca-ES\LocalMediaManager\Previews\IPZZ-407\24.jpg","实体已登记到 MovieId 2519，禁止自动复用","70","ManualReview","LowConfidence","置信度低于 80，仅供人工核对。","False","False"
"13246","1517","ABF-177","Z:\bcbcbcbc\ca-ES\data\已命名电影\ABF-177+BCBCBC+五星+持续输出+高颜值+瀧本雫葉.mp4","Preview","","","Z:\bcbcbcbc\ca-ES\LocalMediaManager\Previews\ABF-177\01.jpg","实体已登记到 MovieId 4330，禁止自动复用","70","ManualReview","LowConfidence","置信度低于 80，仅供人工核对。","False","False"
"13246","1517","ABF-177","Z:\bcbcbcbc\ca-ES\data\已命名电影\ABF-177+BCBCBC+五星+持续输出+高颜值+瀧本雫葉.mp4","Preview","","","Z:\bcbcbcbc\ca-ES\LocalMediaManager\Previews\ABF-177\02.jpg","实体已登记到 MovieId 4330，禁止自动复用","70","ManualReview","LowConfidence","置信度低于 80，仅供人工核对。","False","False"
"13246","1517","ABF-177","Z:\bcbcbcbc\ca-ES\data\已命名电影\ABF-177+BCBCBC+五星+持续输出+高颜值+瀧本雫葉.mp4","Preview","","","Z:\bcbcbcbc\ca-ES\LocalMediaManager\Previews\ABF-177\03.jpg","实体已登记到 MovieId 4330，禁止自动复用","70","ManualReview","LowConfidence","置信度低于 80，仅供人工核对。","False","False"
"13246","1517","ABF-177","Z:\bcbcbcbc\ca-ES\data\已命名电影\ABF-177+BCBCBC+五星+持续输出+高颜值+瀧本雫葉.mp4","Preview","","","Z:\bcbcbcbc\ca-ES\LocalMediaManager\Previews\ABF-177\04.jpg","实体已登记到 MovieId 4330，禁止自动复用","70","ManualReview","LowConfidence","置信度低于 80，仅供人工核对。","False","False"
"13246","1517","ABF-177","Z:\bcbcbcbc\ca-ES\data\已命名电影\ABF-177+BCBCBC+五星+持续输出+高颜值+瀧本雫葉.mp4","Preview","","","Z:\bcbcbcbc\ca-ES\LocalMediaManager\Previews\ABF-177\05.jpg","实体已登记到 MovieId 4330，禁止自动复用","70","ManualReview","LowConfidence","置信度低于 80，仅供人工核对。","False","False"
"13246","1517","ABF-177","Z:\bcbcbcbc\ca-ES\data\已命名电影\ABF-177+BCBCBC+五星+持续输出+高颜值+瀧本雫葉.mp4","Preview","","","Z:\bcbcbcbc\ca-ES\LocalMediaManager\Previews\ABF-177\06.jpg","实体已登记到 MovieId 4330，禁止自动复用","70","ManualReview","LowConfidence","置信度低于 80，仅供人工核对。","False","False"
"13246","1517","ABF-177","Z:\bcbcbcbc\ca-ES\data\已命名电影\ABF-177+BCBCBC+五星+持续输出+高颜值+瀧本雫葉.mp4","Preview","","","Z:\bcbcbcbc\ca-ES\LocalMediaManager\Previews\ABF-177\07.jpg","实体已登记到 MovieId 4330，禁止自动复用","70","ManualReview","LowConfidence","置信度低于 80，仅供人工核对。","False","False"
"13246","1517","ABF-177","Z:\bcbcbcbc\ca-ES\data\已命名电影\ABF-177+BCBCBC+五星+持续输出+高颜值+瀧本雫葉.mp4","Preview","","","Z:\bcbcbcbc\ca-ES\LocalMediaManager\Previews\ABF-177\08.jpg","实体已登记到 MovieId 4330，禁止自动复用","70","ManualReview","LowConfidence","置信度低于 80，仅供人工核对。","False","False"
"13246","1517","ABF-177","Z:\bcbcbcbc\ca-ES\data\已命名电影\ABF-177+BCBCBC+五星+持续输出+高颜值+瀧本雫葉.mp4","Preview","","","Z:\bcbcbcbc\ca-ES\LocalMediaManager\Previews\ABF-177\09.jpg","实体已登记到 MovieId 4330，禁止自动复用","70","ManualReview","LowConfidence","置信度低于 80，仅供人工核对。","False","False"
"13246","1517","ABF-177","Z:\bcbcbcbc\ca-ES\data\已命名电影\ABF-177+BCBCBC+五星+持续输出+高颜值+瀧本雫葉.mp4","Preview","","","Z:\bcbcbcbc\ca-ES\LocalMediaManager\Previews\ABF-177\10.jpg","实体已登记到 MovieId 4330，禁止自动复用","70","ManualReview","LowConfidence","置信度低于 80，仅供人工核对。","False","False"
"13246","1517","ABF-177","Z:\bcbcbcbc\ca-ES\data\已命名电影\ABF-177+BCBCBC+五星+持续输出+高颜值+瀧本雫葉.mp4","Preview","","","Z:\bcbcbcbc\ca-ES\LocalMediaManager\Previews\ABF-177\11.jpg","实体已登记到 MovieId 4330，禁止自动复用","70","ManualReview","LowConfidence","置信度低于 80，仅供人工核对。","False","False"
"13246","1517","ABF-177","Z:\bcbcbcbc\ca-ES\data\已命名电影\ABF-177+BCBCBC+五星+持续输出+高颜值+瀧本雫葉.mp4","Preview","","","Z:\bcbcbcbc\ca-ES\LocalMediaManager\Previews\ABF-177\12.jpg","实体已登记到 MovieId 4330，禁止自动复用","70","ManualReview","LowConfidence","置信度低于 80，仅供人工核对。","False","False"
"13246","1517","ABF-177","Z:\bcbcbcbc\ca-ES\data\已命名电影\ABF-177+BCBCBC+五星+持续输出+高颜值+瀧本雫葉.mp4","Preview","","","Z:\bcbcbcbc\ca-ES\LocalMediaManager\Previews\ABF-177\13.jpg","实体已登记到 MovieId 4330，禁止自动复用","70","ManualReview","LowConfidence","置信度低于 80，仅供人工核对。","False","False"
"13246","1517","ABF-177","Z:\bcbcbcbc\ca-ES\data\已命名电影\ABF-177+BCBCBC+五星+持续输出+高颜值+瀧本雫葉.mp4","Preview","","","Z:\bcbcbcbc\ca-ES\LocalMediaManager\Previews\ABF-177\14.jpg","实体已登记到 MovieId 4330，禁止自动复用","70","ManualReview","LowConfidence","置信度低于 80，仅供人工核对。","False","False"
"13246","1517","ABF-177","Z:\bcbcbcbc\ca-ES\data\已命名电影\ABF-177+BCBCBC+五星+持续输出+高颜值+瀧本雫葉.mp4","Preview","","","Z:\bcbcbcbc\ca-ES\LocalMediaManager\Previews\ABF-177\15.jpg","实体已登记到 MovieId 4330，禁止自动复用","70","ManualReview","LowConfidence","置信度低于 80，仅供人工核对。","False","False"
"13246","1517","ABF-177","Z:\bcbcbcbc\ca-ES\data\已命名电影\ABF-177+BCBCBC+五星+持续输出+高颜值+瀧本雫葉.mp4","Preview","","","Z:\bcbcbcbc\ca-ES\LocalMediaManager\Previews\ABF-177\16.jpg","实体已登记到 MovieId 4330，禁止自动复用","70","ManualReview","LowConfidence","置信度低于 80，仅供人工核对。","False","False"
"13246","1517","ABF-177","Z:\bcbcbcbc\ca-ES\data\已命名电影\ABF-177+BCBCBC+五星+持续输出+高颜值+瀧本雫葉.mp4","Preview","","","Z:\bcbcbcbc\ca-ES\LocalMediaManager\Previews\ABF-177\17.jpg","实体已登记到 MovieId 4330，禁止自动复用","70","ManualReview","LowConfidence","置信度低于 80，仅供人工核对。","False","False"
"13246","1517","ABF-177","Z:\bcbcbcbc\ca-ES\data\已命名电影\ABF-177+BCBCBC+五星+持续输出+高颜值+瀧本雫葉.mp4","Preview","","","Z:\bcbcbcbc\ca-ES\LocalMediaManager\Previews\ABF-177\18.jpg","实体已登记到 MovieId 4330，禁止自动复用","70","ManualReview","LowConfidence","置信度低于 80，仅供人工核对。","False","False"
"13246","1517","ABF-177","Z:\bcbcbcbc\ca-ES\data\已命名电影\ABF-177+BCBCBC+五星+持续输出+高颜值+瀧本雫葉.mp4","Preview","","","Z:\bcbcbcbc\ca-ES\LocalMediaManager\Previews\ABF-177\19.jpg","实体已登记到 MovieId 4330，禁止自动复用","70","ManualReview","LowConfidence","置信度低于 80，仅供人工核对。","False","False"
"13246","1517","ABF-177","Z:\bcbcbcbc\ca-ES\data\已命名电影\ABF-177+BCBCBC+五星+持续输出+高颜值+瀧本雫葉.mp4","Preview","","","Z:\bcbcbcbc\ca-ES\LocalMediaManager\Previews\ABF-177\20.jpg","实体已登记到 MovieId 4330，禁止自动复用","70","ManualReview","LowConfidence","置信度低于 80，仅供人工核对。","False","False"
"13246","1517","ABF-177","Z:\bcbcbcbc\ca-ES\data\已命名电影\ABF-177+BCBCBC+五星+持续输出+高颜值+瀧本雫葉.mp4","Preview","","","Z:\bcbcbcbc\ca-ES\LocalMediaManager\Previews\ABF-177\21.jpg","实体已登记到 MovieId 4330，禁止自动复用","70","ManualReview","LowConfidence","置信度低于 80，仅供人工核对。","False","False"
"13246","1517","ABF-177","Z:\bcbcbcbc\ca-ES\data\已命名电影\ABF-177+BCBCBC+五星+持续输出+高颜值+瀧本雫葉.mp4","Preview","","","Z:\bcbcbcbc\ca-ES\LocalMediaManager\Previews\ABF-177\22.jpg","实体已登记到 MovieId 4330，禁止自动复用","70","ManualReview","LowConfidence","置信度低于 80，仅供人工核对。","False","False"
"13246","1517","ABF-177","Z:\bcbcbcbc\ca-ES\data\已命名电影\ABF-177+BCBCBC+五星+持续输出+高颜值+瀧本雫葉.mp4","Preview","","","Z:\bcbcbcbc\ca-ES\LocalMediaManager\Previews\ABF-177\23.jpg","实体已登记到 MovieId 4330，禁止自动复用","70","ManualReview","LowConfidence","置信度低于 80，仅供人工核对。","False","False"
"13246","1517","ABF-177","Z:\bcbcbcbc\ca-ES\data\已命名电影\ABF-177+BCBCBC+五星+持续输出+高颜值+瀧本雫葉.mp4","Preview","","","Z:\bcbcbcbc\ca-ES\LocalMediaManager\Previews\ABF-177\24.jpg","实体已登记到 MovieId 4330，禁止自动复用","70","ManualReview","LowConfidence","置信度低于 80，仅供人工核对。","False","False"
"13246","1530","START-082","Z:\bcbcbcbc\ca-ES\data\已命名电影\START-082+彩月七緒+四星.mp4","Preview","","","Z:\bcbcbcbc\ca-ES\LocalMediaManager\Previews\START-082\01.jpg","实体已登记到 MovieId 2850，禁止自动复用","70","ManualReview","LowConfidence","置信度低于 80，仅供人工核对。","False","False"
"13246","1530","START-082","Z:\bcbcbcbc\ca-ES\data\已命名电影\START-082+彩月七緒+四星.mp4","Preview","","","Z:\bcbcbcbc\ca-ES\LocalMediaManager\Previews\START-082\02.jpg","实体已登记到 MovieId 2850，禁止自动复用","70","ManualReview","LowConfidence","置信度低于 80，仅供人工核对。","False","False"
"13246","1530","START-082","Z:\bcbcbcbc\ca-ES\data\已命名电影\START-082+彩月七緒+四星.mp4","Preview","","","Z:\bcbcbcbc\ca-ES\LocalMediaManager\Previews\START-082\03.jpg","实体已登记到 MovieId 2850，禁止自动复用","70","ManualReview","LowConfidence","置信度低于 80，仅供人工核对。","False","False"
"13246","1530","START-082","Z:\bcbcbcbc\ca-ES\data\已命名电影\START-082+彩月七緒+四星.mp4","Preview","","","Z:\bcbcbcbc\ca-ES\LocalMediaManager\Previews\START-082\04.jpg","实体已登记到 MovieId 2850，禁止自动复用","70","ManualReview","LowConfidence","置信度低于 80，仅供人工核对。","False","False"
"13246","1530","START-082","Z:\bcbcbcbc\ca-ES\data\已命名电影\START-082+彩月七緒+四星.mp4","Preview","","","Z:\bcbcbcbc\ca-ES\LocalMediaManager\Previews\START-082\05.jpg","实体已登记到 MovieId 2850，禁止自动复用","70","ManualReview","LowConfidence","置信度低于 80，仅供人工核对。","False","False"
"13246","1530","START-082","Z:\bcbcbcbc\ca-ES\data\已命名电影\START-082+彩月七緒+四星.mp4","Preview","","","Z:\bcbcbcbc\ca-ES\LocalMediaManager\Previews\START-082\06.jpg","实体已登记到 MovieId 2850，禁止自动复用","70","ManualReview","LowConfidence","置信度低于 80，仅供人工核对。","False","False"
"13246","1530","START-082","Z:\bcbcbcbc\ca-ES\data\已命名电影\START-082+彩月七緒+四星.mp4","Preview","","","Z:\bcbcbcbc\ca-ES\LocalMediaManager\Previews\START-082\07.jpg","实体已登记到 MovieId 2850，禁止自动复用","70","ManualReview","LowConfidence","置信度低于 80，仅供人工核对。","False","False"
"13246","1530","START-082","Z:\bcbcbcbc\ca-ES\data\已命名电影\START-082+彩月七緒+四星.mp4","Preview","","","Z:\bcbcbcbc\ca-ES\LocalMediaManager\Previews\START-082\08.jpg","实体已登记到 MovieId 2850，禁止自动复用","70","ManualReview","LowConfidence","置信度低于 80，仅供人工核对。","False","False"
"13246","1530","START-082","Z:\bcbcbcbc\ca-ES\data\已命名电影\START-082+彩月七緒+四星.mp4","Preview","","","Z:\bcbcbcbc\ca-ES\LocalMediaManager\Previews\START-082\09.jpg","实体已登记到 MovieId 2850，禁止自动复用","70","ManualReview","LowConfidence","置信度低于 80，仅供人工核对。","False","False"
"13246","1530","START-082","Z:\bcbcbcbc\ca-ES\data\已命名电影\START-082+彩月七緒+四星.mp4","Preview","","","Z:\bcbcbcbc\ca-ES\LocalMediaManager\Previews\START-082\10.jpg","实体已登记到 MovieId 2850，禁止自动复用","70","ManualReview","LowConfidence","置信度低于 80，仅供人工核对。","False","False"
"13246","1530","START-082","Z:\bcbcbcbc\ca-ES\data\已命名电影\START-082+彩月七緒+四星.mp4","Preview","","","Z:\bcbcbcbc\ca-ES\LocalMediaManager\Previews\START-082\11.jpg","实体已登记到 MovieId 2850，禁止自动复用","70","ManualReview","LowConfidence","置信度低于 80，仅供人工核对。","False","False"
"13246","1530","START-082","Z:\bcbcbcbc\ca-ES\data\已命名电影\START-082+彩月七緒+四星.mp4","Preview","","","Z:\bcbcbcbc\ca-ES\LocalMediaManager\Previews\START-082\12.jpg","实体已登记到 MovieId 2850，禁止自动复用","70","ManualReview","LowConfidence","置信度低于 80，仅供人工核对。","False","False"
"13246","1530","START-082","Z:\bcbcbcbc\ca-ES\data\已命名电影\START-082+彩月七緒+四星.mp4","Preview","","","Z:\bcbcbcbc\ca-ES\LocalMediaManager\Previews\START-082\13.jpg","实体已登记到 MovieId 2850，禁止自动复用","70","ManualReview","LowConfidence","置信度低于 80，仅供人工核对。","False","False"
"13246","1530","START-082","Z:\bcbcbcbc\ca-ES\data\已命名电影\START-082+彩月七緒+四星.mp4","Preview","","","Z:\bcbcbcbc\ca-ES\LocalMediaManager\Previews\START-082\14.jpg","实体已登记到 MovieId 2850，禁止自动复用","70","ManualReview","LowConfidence","置信度低于 80，仅供人工核对。","False","False"
"13246","1530","START-082","Z:\bcbcbcbc\ca-ES\data\已命名电影\START-082+彩月七緒+四星.mp4","Preview","","","Z:\bcbcbcbc\ca-ES\LocalMediaManager\Previews\START-082\15.jpg","实体已登记到 MovieId 2850，禁止自动复用","70","ManualReview","LowConfidence","置信度低于 80，仅供人工核对。","False","False"
"13246","1530","START-082","Z:\bcbcbcbc\ca-ES\data\已命名电影\START-082+彩月七緒+四星.mp4","Preview","","","Z:\bcbcbcbc\ca-ES\LocalMediaManager\Previews\START-082\16.jpg","实体已登记到 MovieId 2850，禁止自动复用","70","ManualReview","LowConfidence","置信度低于 80，仅供人工核对。","False","False"
"13246","1530","START-082","Z:\bcbcbcbc\ca-ES\data\已命名电影\START-082+彩月七緒+四星.mp4","Preview","","","Z:\bcbcbcbc\ca-ES\LocalMediaManager\Previews\START-082\17.jpg","实体已登记到 MovieId 2850，禁止自动复用","70","ManualReview","LowConfidence","置信度低于 80，仅供人工核对。","False","False"
"13246","1530","START-082","Z:\bcbcbcbc\ca-ES\data\已命名电影\START-082+彩月七緒+四星.mp4","Preview","","","Z:\bcbcbcbc\ca-ES\LocalMediaManager\Previews\START-082\18.jpg","实体已登记到 MovieId 2850，禁止自动复用","70","ManualReview","LowConfidence","置信度低于 80，仅供人工核对。","False","False"
"13246","1530","START-082","Z:\bcbcbcbc\ca-ES\data\已命名电影\START-082+彩月七緒+四星.mp4","Preview","","","Z:\bcbcbcbc\ca-ES\LocalMediaManager\Previews\START-082\19.jpg","实体已登记到 MovieId 2850，禁止自动复用","70","ManualReview","LowConfidence","置信度低于 80，仅供人工核对。","False","False"
"13246","1530","START-082","Z:\bcbcbcbc\ca-ES\data\已命名电影\START-082+彩月七緒+四星.mp4","Preview","","","Z:\bcbcbcbc\ca-ES\LocalMediaManager\Previews\START-082\20.jpg","实体已登记到 MovieId 2850，禁止自动复用","70","ManualReview","LowConfidence","置信度低于 80，仅供人工核对。","False","False"
"13246","1530","START-082","Z:\bcbcbcbc\ca-ES\data\已命名电影\START-082+彩月七緒+四星.mp4","Preview","","","Z:\bcbcbcbc\ca-ES\LocalMediaManager\Previews\START-082\21.jpg","实体已登记到 MovieId 2850，禁止自动复用","70","ManualReview","LowConfidence","置信度低于 80，仅供人工核对。","False","False"
"13246","1530","START-082","Z:\bcbcbcbc\ca-ES\data\已命名电影\START-082+彩月七緒+四星.mp4","Preview","","","Z:\bcbcbcbc\ca-ES\LocalMediaManager\Previews\START-082\22.jpg","实体已登记到 MovieId 2850，禁止自动复用","70","ManualReview","LowConfidence","置信度低于 80，仅供人工核对。","False","False"
"13246","1530","START-082","Z:\bcbcbcbc\ca-ES\data\已命名电影\START-082+彩月七緒+四星.mp4","Preview","","","Z:\bcbcbcbc\ca-ES\LocalMediaManager\Previews\START-082\23.jpg","实体已登记到 MovieId 2850，禁止自动复用","70","ManualReview","LowConfidence","置信度低于 80，仅供人工核对。","False","False"
"13246","1530","START-082","Z:\bcbcbcbc\ca-ES\data\已命名电影\START-082+彩月七緒+四星.mp4","Preview","","","Z:\bcbcbcbc\ca-ES\LocalMediaManager\Previews\START-082\24.jpg","实体已登记到 MovieId 2850，禁止自动复用","70","ManualReview","LowConfidence","置信度低于 80，仅供人工核对。","False","False"
"13246","1530","START-082","Z:\bcbcbcbc\ca-ES\data\已命名电影\START-082+彩月七緒+四星.mp4","Preview","","","Z:\bcbcbcbc\ca-ES\LocalMediaManager\Previews\START-082\25.jpg","实体已登记到 MovieId 2850，禁止自动复用","70","ManualReview","LowConfidence","置信度低于 80，仅供人工核对。","False","False"
"13246","1530","START-082","Z:\bcbcbcbc\ca-ES\data\已命名电影\START-082+彩月七緒+四星.mp4","Preview","","","Z:\bcbcbcbc\ca-ES\LocalMediaManager\Previews\START-082\26.jpg","实体已登记到 MovieId 2850，禁止自动复用","70","ManualReview","LowConfidence","置信度低于 80，仅供人工核对。","False","False"
"13246","1530","START-082","Z:\bcbcbcbc\ca-ES\data\已命名电影\START-082+彩月七緒+四星.mp4","Preview","","","Z:\bcbcbcbc\ca-ES\LocalMediaManager\Previews\START-082\27.jpg","实体已登记到 MovieId 2850，禁止自动复用","70","ManualReview","LowConfidence","置信度低于 80，仅供人工核对。","False","False"
"13246","1530","START-082","Z:\bcbcbcbc\ca-ES\data\已命名电影\START-082+彩月七緒+四星.mp4","Preview","","","Z:\bcbcbcbc\ca-ES\LocalMediaManager\Previews\START-082\28.jpg","实体已登记到 MovieId 2850，禁止自动复用","70","ManualReview","LowConfidence","置信度低于 80，仅供人工核对。","False","False"
"13246","1530","START-082","Z:\bcbcbcbc\ca-ES\data\已命名电影\START-082+彩月七緒+四星.mp4","Preview","","","Z:\bcbcbcbc\ca-ES\LocalMediaManager\Previews\START-082\29.jpg","实体已登记到 MovieId 2850，禁止自动复用","70","ManualReview","LowConfidence","置信度低于 80，仅供人工核对。","False","False"
"13246","1530","START-082","Z:\bcbcbcbc\ca-ES\data\已命名电影\START-082+彩月七緒+四星.mp4","Preview","","","Z:\bcbcbcbc\ca-ES\LocalMediaManager\Previews\START-082\30.jpg","实体已登记到 MovieId 2850，禁止自动复用","70","ManualReview","LowConfidence","置信度低于 80，仅供人工核对。","False","False"
"13246","1530","START-082","Z:\bcbcbcbc\ca-ES\data\已命名电影\START-082+彩月七緒+四星.mp4","Preview","","","Z:\bcbcbcbc\ca-ES\LocalMediaManager\Previews\START-082\31.jpg","实体已登记到 MovieId 2850，禁止自动复用","70","ManualReview","LowConfidence","置信度低于 80，仅供人工核对。","False","False"
"13246","1530","START-082","Z:\bcbcbcbc\ca-ES\data\已命名电影\START-082+彩月七緒+四星.mp4","Preview","","","Z:\bcbcbcbc\ca-ES\LocalMediaManager\Previews\START-082\32.jpg","实体已登记到 MovieId 2850，禁止自动复用","70","ManualReview","LowConfidence","置信度低于 80，仅供人工核对。","False","False"
"13246","1538","FSDSS-683","Z:\bcbcbcbc\ca-ES\data\已命名电影\FSDSS-683+娇小可爱清纯+持续输出+高颜值+時田亜美.mp4","Preview","","","Z:\bcbcbcbc\ca-ES\LocalMediaManager\Previews\FSDSS-683-\FSDSS-683-_001.jpg","实体已登记到 MovieId 2692，禁止自动复用","70","ManualReview","LowConfidence","置信度低于 80，仅供人工核对。","False","False"
"13246","1538","FSDSS-683","Z:\bcbcbcbc\ca-ES\data\已命名电影\FSDSS-683+娇小可爱清纯+持续输出+高颜值+時田亜美.mp4","Preview","","","Z:\bcbcbcbc\ca-ES\LocalMediaManager\Previews\FSDSS-683-\FSDSS-683-_002.jpg","实体已登记到 MovieId 2692，禁止自动复用","70","ManualReview","LowConfidence","置信度低于 80，仅供人工核对。","False","False"
"13246","1538","FSDSS-683","Z:\bcbcbcbc\ca-ES\data\已命名电影\FSDSS-683+娇小可爱清纯+持续输出+高颜值+時田亜美.mp4","Preview","","","Z:\bcbcbcbc\ca-ES\LocalMediaManager\Previews\FSDSS-683-\FSDSS-683-_003.jpg","实体已登记到 MovieId 2692，禁止自动复用","70","ManualReview","LowConfidence","置信度低于 80，仅供人工核对。","False","False"
"13246","1538","FSDSS-683","Z:\bcbcbcbc\ca-ES\data\已命名电影\FSDSS-683+娇小可爱清纯+持续输出+高颜值+時田亜美.mp4","Preview","","","Z:\bcbcbcbc\ca-ES\LocalMediaManager\Previews\FSDSS-683-\FSDSS-683-_004.jpg","实体已登记到 MovieId 2692，禁止自动复用","70","ManualReview","LowConfidence","置信度低于 80，仅供人工核对。","False","False"
"13246","1538","FSDSS-683","Z:\bcbcbcbc\ca-ES\data\已命名电影\FSDSS-683+娇小可爱清纯+持续输出+高颜值+時田亜美.mp4","Preview","","","Z:\bcbcbcbc\ca-ES\LocalMediaManager\Previews\FSDSS-683-\FSDSS-683-_005.jpg","实体已登记到 MovieId 2692，禁止自动复用","70","ManualReview","LowConfidence","置信度低于 80，仅供人工核对。","False","False"
"13246","1538","FSDSS-683","Z:\bcbcbcbc\ca-ES\data\已命名电影\FSDSS-683+娇小可爱清纯+持续输出+高颜值+時田亜美.mp4","Preview","","","Z:\bcbcbcbc\ca-ES\LocalMediaManager\Previews\FSDSS-683-\FSDSS-683-_006.jpg","实体已登记到 MovieId 2692，禁止自动复用","70","ManualReview","LowConfidence","置信度低于 80，仅供人工核对。","False","False"
"13246","1538","FSDSS-683","Z:\bcbcbcbc\ca-ES\data\已命名电影\FSDSS-683+娇小可爱清纯+持续输出+高颜值+時田亜美.mp4","Preview","","","Z:\bcbcbcbc\ca-ES\LocalMediaManager\Previews\FSDSS-683-\FSDSS-683-_007.jpg","实体已登记到 MovieId 2692，禁止自动复用","70","ManualReview","LowConfidence","置信度低于 80，仅供人工核对。","False","False"
"13246","1538","FSDSS-683","Z:\bcbcbcbc\ca-ES\data\已命名电影\FSDSS-683+娇小可爱清纯+持续输出+高颜值+時田亜美.mp4","Preview","","","Z:\bcbcbcbc\ca-ES\LocalMediaManager\Previews\FSDSS-683-\FSDSS-683-_008.jpg","实体已登记到 MovieId 2692，禁止自动复用","70","ManualReview","LowConfidence","置信度低于 80，仅供人工核对。","False","False"
"13246","1538","FSDSS-683","Z:\bcbcbcbc\ca-ES\data\已命名电影\FSDSS-683+娇小可爱清纯+持续输出+高颜值+時田亜美.mp4","Preview","","","Z:\bcbcbcbc\ca-ES\LocalMediaManager\Previews\FSDSS-683-\FSDSS-683-_009.jpg","实体已登记到 MovieId 2692，禁止自动复用","70","ManualReview","LowConfidence","置信度低于 80，仅供人工核对。","False","False"
"13246","1538","FSDSS-683","Z:\bcbcbcbc\ca-ES\data\已命名电影\FSDSS-683+娇小可爱清纯+持续输出+高颜值+時田亜美.mp4","Preview","","","Z:\bcbcbcbc\ca-ES\LocalMediaManager\Previews\FSDSS-683-\FSDSS-683-_010.jpg","实体已登记到 MovieId 2692，禁止自动复用","70","ManualReview","LowConfidence","置信度低于 80，仅供人工核对。","False","False"
"13246","1538","FSDSS-683","Z:\bcbcbcbc\ca-ES\data\已命名电影\FSDSS-683+娇小可爱清纯+持续输出+高颜值+時田亜美.mp4","Preview","","","Z:\bcbcbcbc\ca-ES\LocalMediaManager\Previews\FSDSS-683\01.jpg","实体已登记到 MovieId 4321，禁止自动复用","70","ManualReview","LowConfidence","置信度低于 80，仅供人工核对。","False","False"
"13246","1538","FSDSS-683","Z:\bcbcbcbc\ca-ES\data\已命名电影\FSDSS-683+娇小可爱清纯+持续输出+高颜值+時田亜美.mp4","Preview","","","Z:\bcbcbcbc\ca-ES\LocalMediaManager\Previews\FSDSS-683\02.jpg","实体已登记到 MovieId 4321，禁止自动复用","70","ManualReview","LowConfidence","置信度低于 80，仅供人工核对。","False","False"
"13246","1538","FSDSS-683","Z:\bcbcbcbc\ca-ES\data\已命名电影\FSDSS-683+娇小可爱清纯+持续输出+高颜值+時田亜美.mp4","Preview","","","Z:\bcbcbcbc\ca-ES\LocalMediaManager\Previews\FSDSS-683\03.jpg","实体已登记到 MovieId 4321，禁止自动复用","70","ManualReview","LowConfidence","置信度低于 80，仅供人工核对。","False","False"
"13246","1538","FSDSS-683","Z:\bcbcbcbc\ca-ES\data\已命名电影\FSDSS-683+娇小可爱清纯+持续输出+高颜值+時田亜美.mp4","Preview","","","Z:\bcbcbcbc\ca-ES\LocalMediaManager\Previews\FSDSS-683\04.jpg","实体已登记到 MovieId 4321，禁止自动复用","70","ManualReview","LowConfidence","置信度低于 80，仅供人工核对。","False","False"
"13246","1538","FSDSS-683","Z:\bcbcbcbc\ca-ES\data\已命名电影\FSDSS-683+娇小可爱清纯+持续输出+高颜值+時田亜美.mp4","Preview","","","Z:\bcbcbcbc\ca-ES\LocalMediaManager\Previews\FSDSS-683\05.jpg","实体已登记到 MovieId 4321，禁止自动复用","70","ManualReview","LowConfidence","置信度低于 80，仅供人工核对。","False","False"
"13246","1538","FSDSS-683","Z:\bcbcbcbc\ca-ES\data\已命名电影\FSDSS-683+娇小可爱清纯+持续输出+高颜值+時田亜美.mp4","Preview","","","Z:\bcbcbcbc\ca-ES\LocalMediaManager\Previews\FSDSS-683\06.jpg","实体已登记到 MovieId 4321，禁止自动复用","70","ManualReview","LowConfidence","置信度低于 80，仅供人工核对。","False","False"
"13246","1538","FSDSS-683","Z:\bcbcbcbc\ca-ES\data\已命名电影\FSDSS-683+娇小可爱清纯+持续输出+高颜值+時田亜美.mp4","Preview","","","Z:\bcbcbcbc\ca-ES\LocalMediaManager\Previews\FSDSS-683\07.jpg","实体已登记到 MovieId 4321，禁止自动复用","70","ManualReview","LowConfidence","置信度低于 80，仅供人工核对。","False","False"
"13246","1538","FSDSS-683","Z:\bcbcbcbc\ca-ES\data\已命名电影\FSDSS-683+娇小可爱清纯+持续输出+高颜值+時田亜美.mp4","Preview","","","Z:\bcbcbcbc\ca-ES\LocalMediaManager\Previews\FSDSS-683\08.jpg","实体已登记到 MovieId 4321，禁止自动复用","70","ManualReview","LowConfidence","置信度低于 80，仅供人工核对。","False","False"
"13246","1538","FSDSS-683","Z:\bcbcbcbc\ca-ES\data\已命名电影\FSDSS-683+娇小可爱清纯+持续输出+高颜值+時田亜美.mp4","Preview","","","Z:\bcbcbcbc\ca-ES\LocalMediaManager\Previews\FSDSS-683\09.jpg","实体已登记到 MovieId 4321，禁止自动复用","70","ManualReview","LowConfidence","置信度低于 80，仅供人工核对。","False","False"
"13246","1538","FSDSS-683","Z:\bcbcbcbc\ca-ES\data\已命名电影\FSDSS-683+娇小可爱清纯+持续输出+高颜值+時田亜美.mp4","Preview","","","Z:\bcbcbcbc\ca-ES\LocalMediaManager\Previews\FSDSS-683\10.jpg","实体已登记到 MovieId 4321，禁止自动复用","70","ManualReview","LowConfidence","置信度低于 80，仅供人工核对。","False","False"
"13246","1539","FSDSS-744","Z:\bcbcbcbc\ca-ES\data\已命名电影\FSDSS-744+五星+持续输出+高颜值+森あやみ.mp4","Preview","","","Z:\bcbcbcbc\ca-ES\LocalMediaManager\Previews\FSDSS-744-\FSDSS-744-_001.jpg","实体已登记到 MovieId 2693，禁止自动复用","70","ManualReview","LowConfidence","置信度低于 80，仅供人工核对。","False","False"
"13246","1539","FSDSS-744","Z:\bcbcbcbc\ca-ES\data\已命名电影\FSDSS-744+五星+持续输出+高颜值+森あやみ.mp4","Preview","","","Z:\bcbcbcbc\ca-ES\LocalMediaManager\Previews\FSDSS-744-\FSDSS-744-_002.jpg","实体已登记到 MovieId 2693，禁止自动复用","70","ManualReview","LowConfidence","置信度低于 80，仅供人工核对。","False","False"
"13246","1539","FSDSS-744","Z:\bcbcbcbc\ca-ES\data\已命名电影\FSDSS-744+五星+持续输出+高颜值+森あやみ.mp4","Preview","","","Z:\bcbcbcbc\ca-ES\LocalMediaManager\Previews\FSDSS-744-\FSDSS-744-_003.jpg","实体已登记到 MovieId 2693，禁止自动复用","70","ManualReview","LowConfidence","置信度低于 80，仅供人工核对。","False","False"
"13246","1539","FSDSS-744","Z:\bcbcbcbc\ca-ES\data\已命名电影\FSDSS-744+五星+持续输出+高颜值+森あやみ.mp4","Preview","","","Z:\bcbcbcbc\ca-ES\LocalMediaManager\Previews\FSDSS-744-\FSDSS-744-_004.jpg","实体已登记到 MovieId 2693，禁止自动复用","70","ManualReview","LowConfidence","置信度低于 80，仅供人工核对。","False","False"
"13246","1539","FSDSS-744","Z:\bcbcbcbc\ca-ES\data\已命名电影\FSDSS-744+五星+持续输出+高颜值+森あやみ.mp4","Preview","","","Z:\bcbcbcbc\ca-ES\LocalMediaManager\Previews\FSDSS-744-\FSDSS-744-_005.jpg","实体已登记到 MovieId 2693，禁止自动复用","70","ManualReview","LowConfidence","置信度低于 80，仅供人工核对。","False","False"
"13246","1539","FSDSS-744","Z:\bcbcbcbc\ca-ES\data\已命名电影\FSDSS-744+五星+持续输出+高颜值+森あやみ.mp4","Preview","","","Z:\bcbcbcbc\ca-ES\LocalMediaManager\Previews\FSDSS-744-\FSDSS-744-_006.jpg","实体已登记到 MovieId 2693，禁止自动复用","70","ManualReview","LowConfidence","置信度低于 80，仅供人工核对。","False","False"
"13246","1539","FSDSS-744","Z:\bcbcbcbc\ca-ES\data\已命名电影\FSDSS-744+五星+持续输出+高颜值+森あやみ.mp4","Preview","","","Z:\bcbcbcbc\ca-ES\LocalMediaManager\Previews\FSDSS-744-\FSDSS-744-_007.jpg","实体已登记到 MovieId 2693，禁止自动复用","70","ManualReview","LowConfidence","置信度低于 80，仅供人工核对。","False","False"
"13246","1539","FSDSS-744","Z:\bcbcbcbc\ca-ES\data\已命名电影\FSDSS-744+五星+持续输出+高颜值+森あやみ.mp4","Preview","","","Z:\bcbcbcbc\ca-ES\LocalMediaManager\Previews\FSDSS-744-\FSDSS-744-_008.jpg","实体已登记到 MovieId 2693，禁止自动复用","70","ManualReview","LowConfidence","置信度低于 80，仅供人工核对。","False","False"
"13246","1539","FSDSS-744","Z:\bcbcbcbc\ca-ES\data\已命名电影\FSDSS-744+五星+持续输出+高颜值+森あやみ.mp4","Preview","","","Z:\bcbcbcbc\ca-ES\LocalMediaManager\Previews\FSDSS-744-\FSDSS-744-_009.jpg","实体已登记到 MovieId 2693，禁止自动复用","70","ManualReview","LowConfidence","置信度低于 80，仅供人工核对。","False","False"
"13246","1539","FSDSS-744","Z:\bcbcbcbc\ca-ES\data\已命名电影\FSDSS-744+五星+持续输出+高颜值+森あやみ.mp4","Preview","","","Z:\bcbcbcbc\ca-ES\LocalMediaManager\Previews\FSDSS-744-\FSDSS-744-_010.jpg","实体已登记到 MovieId 2693，禁止自动复用","70","ManualReview","LowConfidence","置信度低于 80，仅供人工核对。","False","False"
"13246","1539","FSDSS-744","Z:\bcbcbcbc\ca-ES\data\已命名电影\FSDSS-744+五星+持续输出+高颜值+森あやみ.mp4","Preview","","","Z:\bcbcbcbc\ca-ES\LocalMediaManager\Previews\FSDSS-744\01.jpg","实体已登记到 MovieId 4322，禁止自动复用","70","ManualReview","LowConfidence","置信度低于 80，仅供人工核对。","False","False"
"13246","1539","FSDSS-744","Z:\bcbcbcbc\ca-ES\data\已命名电影\FSDSS-744+五星+持续输出+高颜值+森あやみ.mp4","Preview","","","Z:\bcbcbcbc\ca-ES\LocalMediaManager\Previews\FSDSS-744\02.jpg","实体已登记到 MovieId 4322，禁止自动复用","70","ManualReview","LowConfidence","置信度低于 80，仅供人工核对。","False","False"
"13246","1539","FSDSS-744","Z:\bcbcbcbc\ca-ES\data\已命名电影\FSDSS-744+五星+持续输出+高颜值+森あやみ.mp4","Preview","","","Z:\bcbcbcbc\ca-ES\LocalMediaManager\Previews\FSDSS-744\03.jpg","实体已登记到 MovieId 4322，禁止自动复用","70","ManualReview","LowConfidence","置信度低于 80，仅供人工核对。","False","False"
"13246","1539","FSDSS-744","Z:\bcbcbcbc\ca-ES\data\已命名电影\FSDSS-744+五星+持续输出+高颜值+森あやみ.mp4","Preview","","","Z:\bcbcbcbc\ca-ES\LocalMediaManager\Previews\FSDSS-744\04.jpg","实体已登记到 MovieId 4322，禁止自动复用","70","ManualReview","LowConfidence","置信度低于 80，仅供人工核对。","False","False"
"13246","1539","FSDSS-744","Z:\bcbcbcbc\ca-ES\data\已命名电影\FSDSS-744+五星+持续输出+高颜值+森あやみ.mp4","Preview","","","Z:\bcbcbcbc\ca-ES\LocalMediaManager\Previews\FSDSS-744\05.jpg","实体已登记到 MovieId 4322，禁止自动复用","70","ManualReview","LowConfidence","置信度低于 80，仅供人工核对。","False","False"
"13246","1539","FSDSS-744","Z:\bcbcbcbc\ca-ES\data\已命名电影\FSDSS-744+五星+持续输出+高颜值+森あやみ.mp4","Preview","","","Z:\bcbcbcbc\ca-ES\LocalMediaManager\Previews\FSDSS-744\06.jpg","实体已登记到 MovieId 4322，禁止自动复用","70","ManualReview","LowConfidence","置信度低于 80，仅供人工核对。","False","False"
"13246","1539","FSDSS-744","Z:\bcbcbcbc\ca-ES\data\已命名电影\FSDSS-744+五星+持续输出+高颜值+森あやみ.mp4","Preview","","","Z:\bcbcbcbc\ca-ES\LocalMediaManager\Previews\FSDSS-744\07.jpg","实体已登记到 MovieId 4322，禁止自动复用","70","ManualReview","LowConfidence","置信度低于 80，仅供人工核对。","False","False"
"13246","1539","FSDSS-744","Z:\bcbcbcbc\ca-ES\data\已命名电影\FSDSS-744+五星+持续输出+高颜值+森あやみ.mp4","Preview","","","Z:\bcbcbcbc\ca-ES\LocalMediaManager\Previews\FSDSS-744\08.jpg","实体已登记到 MovieId 4322，禁止自动复用","70","ManualReview","LowConfidence","置信度低于 80，仅供人工核对。","False","False"
"13246","1539","FSDSS-744","Z:\bcbcbcbc\ca-ES\data\已命名电影\FSDSS-744+五星+持续输出+高颜值+森あやみ.mp4","Preview","","","Z:\bcbcbcbc\ca-ES\LocalMediaManager\Previews\FSDSS-744\09.jpg","实体已登记到 MovieId 4322，禁止自动复用","70","ManualReview","LowConfidence","置信度低于 80，仅供人工核对。","False","False"
"13246","1539","FSDSS-744","Z:\bcbcbcbc\ca-ES\data\已命名电影\FSDSS-744+五星+持续输出+高颜值+森あやみ.mp4","Preview","","","Z:\bcbcbcbc\ca-ES\LocalMediaManager\Previews\FSDSS-744\10.jpg","实体已登记到 MovieId 4322，禁止自动复用","70","ManualReview","LowConfidence","置信度低于 80，仅供人工核对。","False","False"
"13246","1578","SONE-521","Z:\bcbcbcbc\ca-ES\data\已命名电影\SONE-521+四星+金松季歩.mp4","Preview","","","Z:\bcbcbcbc\ca-ES\LocalMediaManager\Previews\SONE-521\01.jpg","实体已登记到 MovieId 2531，禁止自动复用","70","ManualReview","LowConfidence","置信度低于 80，仅供人工核对。","False","False"
"13246","1578","SONE-521","Z:\bcbcbcbc\ca-ES\data\已命名电影\SONE-521+四星+金松季歩.mp4","Preview","","","Z:\bcbcbcbc\ca-ES\LocalMediaManager\Previews\SONE-521\02.jpg","实体已登记到 MovieId 2531，禁止自动复用","70","ManualReview","LowConfidence","置信度低于 80，仅供人工核对。","False","False"
"13246","1578","SONE-521","Z:\bcbcbcbc\ca-ES\data\已命名电影\SONE-521+四星+金松季歩.mp4","Preview","","","Z:\bcbcbcbc\ca-ES\LocalMediaManager\Previews\SONE-521\03.jpg","实体已登记到 MovieId 2531，禁止自动复用","70","ManualReview","LowConfidence","置信度低于 80，仅供人工核对。","False","False"
"13246","1578","SONE-521","Z:\bcbcbcbc\ca-ES\data\已命名电影\SONE-521+四星+金松季歩.mp4","Preview","","","Z:\bcbcbcbc\ca-ES\LocalMediaManager\Previews\SONE-521\04.jpg","实体已登记到 MovieId 2531，禁止自动复用","70","ManualReview","LowConfidence","置信度低于 80，仅供人工核对。","False","False"
"13246","1578","SONE-521","Z:\bcbcbcbc\ca-ES\data\已命名电影\SONE-521+四星+金松季歩.mp4","Preview","","","Z:\bcbcbcbc\ca-ES\LocalMediaManager\Previews\SONE-521\05.jpg","实体已登记到 MovieId 2531，禁止自动复用","70","ManualReview","LowConfidence","置信度低于 80，仅供人工核对。","False","False"
"13246","1578","SONE-521","Z:\bcbcbcbc\ca-ES\data\已命名电影\SONE-521+四星+金松季歩.mp4","Preview","","","Z:\bcbcbcbc\ca-ES\LocalMediaManager\Previews\SONE-521\06.jpg","实体已登记到 MovieId 2531，禁止自动复用","70","ManualReview","LowConfidence","置信度低于 80，仅供人工核对。","False","False"
"13246","1578","SONE-521","Z:\bcbcbcbc\ca-ES\data\已命名电影\SONE-521+四星+金松季歩.mp4","Preview","","","Z:\bcbcbcbc\ca-ES\LocalMediaManager\Previews\SONE-521\07.jpg","实体已登记到 MovieId 2531，禁止自动复用","70","ManualReview","LowConfidence","置信度低于 80，仅供人工核对。","False","False"
"13246","1578","SONE-521","Z:\bcbcbcbc\ca-ES\data\已命名电影\SONE-521+四星+金松季歩.mp4","Preview","","","Z:\bcbcbcbc\ca-ES\LocalMediaManager\Previews\SONE-521\08.jpg","实体已登记到 MovieId 2531，禁止自动复用","70","ManualReview","LowConfidence","置信度低于 80，仅供人工核对。","False","False"
"13246","1578","SONE-521","Z:\bcbcbcbc\ca-ES\data\已命名电影\SONE-521+四星+金松季歩.mp4","Preview","","","Z:\bcbcbcbc\ca-ES\LocalMediaManager\Previews\SONE-521\09.jpg","实体已登记到 MovieId 2531，禁止自动复用","70","ManualReview","LowConfidence","置信度低于 80，仅供人工核对。","False","False"
"13246","1578","SONE-521","Z:\bcbcbcbc\ca-ES\data\已命名电影\SONE-521+四星+金松季歩.mp4","Preview","","","Z:\bcbcbcbc\ca-ES\LocalMediaManager\Previews\SONE-521\10.jpg","实体已登记到 MovieId 2531，禁止自动复用","70","ManualReview","LowConfidence","置信度低于 80，仅供人工核对。","False","False"
"13246","1578","SONE-521","Z:\bcbcbcbc\ca-ES\data\已命名电影\SONE-521+四星+金松季歩.mp4","Preview","","","Z:\bcbcbcbc\ca-ES\LocalMediaManager\Previews\SONE-521\11.jpg","实体已登记到 MovieId 2531，禁止自动复用","70","ManualReview","LowConfidence","置信度低于 80，仅供人工核对。","False","False"
"13246","1578","SONE-521","Z:\bcbcbcbc\ca-ES\data\已命名电影\SONE-521+四星+金松季歩.mp4","Preview","","","Z:\bcbcbcbc\ca-ES\LocalMediaManager\Previews\SONE-521\12.jpg","实体已登记到 MovieId 2531，禁止自动复用","70","ManualReview","LowConfidence","置信度低于 80，仅供人工核对。","False","False"
"13246","1578","SONE-521","Z:\bcbcbcbc\ca-ES\data\已命名电影\SONE-521+四星+金松季歩.mp4","Preview","","","Z:\bcbcbcbc\ca-ES\LocalMediaManager\Previews\SONE-521\13.jpg","实体已登记到 MovieId 2531，禁止自动复用","70","ManualReview","LowConfidence","置信度低于 80，仅供人工核对。","False","False"
"13246","1578","SONE-521","Z:\bcbcbcbc\ca-ES\data\已命名电影\SONE-521+四星+金松季歩.mp4","Preview","","","Z:\bcbcbcbc\ca-ES\LocalMediaManager\Previews\SONE-521\14.jpg","实体已登记到 MovieId 2531，禁止自动复用","70","ManualReview","LowConfidence","置信度低于 80，仅供人工核对。","False","False"
"13246","1578","SONE-521","Z:\bcbcbcbc\ca-ES\data\已命名电影\SONE-521+四星+金松季歩.mp4","Preview","","","Z:\bcbcbcbc\ca-ES\LocalMediaManager\Previews\SONE-521\15.jpg","实体已登记到 MovieId 2531，禁止自动复用","70","ManualReview","LowConfidence","置信度低于 80，仅供人工核对。","False","False"
"13246","1578","SONE-521","Z:\bcbcbcbc\ca-ES\data\已命名电影\SONE-521+四星+金松季歩.mp4","Preview","","","Z:\bcbcbcbc\ca-ES\LocalMediaManager\Previews\SONE-521\16.jpg","实体已登记到 MovieId 2531，禁止自动复用","70","ManualReview","LowConfidence","置信度低于 80，仅供人工核对。","False","False"
"13246","1578","SONE-521","Z:\bcbcbcbc\ca-ES\data\已命名电影\SONE-521+四星+金松季歩.mp4","Preview","","","Z:\bcbcbcbc\ca-ES\LocalMediaManager\Previews\SONE-521\17.jpg","实体已登记到 MovieId 2531，禁止自动复用","70","ManualReview","LowConfidence","置信度低于 80，仅供人工核对。","False","False"
"13246","1578","SONE-521","Z:\bcbcbcbc\ca-ES\data\已命名电影\SONE-521+四星+金松季歩.mp4","Preview","","","Z:\bcbcbcbc\ca-ES\LocalMediaManager\Previews\SONE-521\18.jpg","实体已登记到 MovieId 2531，禁止自动复用","70","ManualReview","LowConfidence","置信度低于 80，仅供人工核对。","False","False"
"13246","1578","SONE-521","Z:\bcbcbcbc\ca-ES\data\已命名电影\SONE-521+四星+金松季歩.mp4","Preview","","","Z:\bcbcbcbc\ca-ES\LocalMediaManager\Previews\SONE-521\19.jpg","实体已登记到 MovieId 2531，禁止自动复用","70","ManualReview","LowConfidence","置信度低于 80，仅供人工核对。","False","False"
"13246","1578","SONE-521","Z:\bcbcbcbc\ca-ES\data\已命名电影\SONE-521+四星+金松季歩.mp4","Preview","","","Z:\bcbcbcbc\ca-ES\LocalMediaManager\Previews\SONE-521\20.jpg","实体已登记到 MovieId 2531，禁止自动复用","70","ManualReview","LowConfidence","置信度低于 80，仅供人工核对。","False","False"
"13246","1711","SONE-604","Z:\bcbcbcbc\ca-ES\data\已命名电影\SONE-604C+五星+娇小可爱清纯+持续输出+高颜值.mp4","Preview","","","Z:\bcbcbcbc\ca-ES\LocalMediaManager\Previews\SONE-604\SONE-604_001.jpg","位于标准化番号同名资源目录","90","RegisterImage","Safe","唯一高置信度实体，可在确认后建立或修正关联。","True","False"
"13246","1711","SONE-604","Z:\bcbcbcbc\ca-ES\data\已命名电影\SONE-604C+五星+娇小可爱清纯+持续输出+高颜值.mp4","Preview","","","Z:\bcbcbcbc\ca-ES\LocalMediaManager\Previews\SONE-604\SONE-604_002.jpg","位于标准化番号同名资源目录","90","RegisterImage","Safe","唯一高置信度实体，可在确认后建立或修正关联。","True","False"
"13246","1711","SONE-604","Z:\bcbcbcbc\ca-ES\data\已命名电影\SONE-604C+五星+娇小可爱清纯+持续输出+高颜值.mp4","Preview","","","Z:\bcbcbcbc\ca-ES\LocalMediaManager\Previews\SONE-604\SONE-604_003.jpg","位于标准化番号同名资源目录","90","RegisterImage","Safe","唯一高置信度实体，可在确认后建立或修正关联。","True","False"
"13246","1711","SONE-604","Z:\bcbcbcbc\ca-ES\data\已命名电影\SONE-604C+五星+娇小可爱清纯+持续输出+高颜值.mp4","Preview","","","Z:\bcbcbcbc\ca-ES\LocalMediaManager\Previews\SONE-604\SONE-604_004.jpg","位于标准化番号同名资源目录","90","RegisterImage","Safe","唯一高置信度实体，可在确认后建立或修正关联。","True","False"
"13246","1711","SONE-604","Z:\bcbcbcbc\ca-ES\data\已命名电影\SONE-604C+五星+娇小可爱清纯+持续输出+高颜值.mp4","Preview","","","Z:\bcbcbcbc\ca-ES\LocalMediaManager\Previews\SONE-604\SONE-604_005.jpg","位于标准化番号同名资源目录","90","RegisterImage","Safe","唯一高置信度实体，可在确认后建立或修正关联。","True","False"
"13246","1711","SONE-604","Z:\bcbcbcbc\ca-ES\data\已命名电影\SONE-604C+五星+娇小可爱清纯+持续输出+高颜值.mp4","Preview","","","Z:\bcbcbcbc\ca-ES\LocalMediaManager\Previews\SONE-604\SONE-604_006.jpg","位于标准化番号同名资源目录","90","RegisterImage","Safe","唯一高置信度实体，可在确认后建立或修正关联。","True","False"
"13246","1711","SONE-604","Z:\bcbcbcbc\ca-ES\data\已命名电影\SONE-604C+五星+娇小可爱清纯+持续输出+高颜值.mp4","Preview","","","Z:\bcbcbcbc\ca-ES\LocalMediaManager\Previews\SONE-604\SONE-604_007.jpg","位于标准化番号同名资源目录","90","RegisterImage","Safe","唯一高置信度实体，可在确认后建立或修正关联。","True","False"
"13246","1711","SONE-604","Z:\bcbcbcbc\ca-ES\data\已命名电影\SONE-604C+五星+娇小可爱清纯+持续输出+高颜值.mp4","Preview","","","Z:\bcbcbcbc\ca-ES\LocalMediaManager\Previews\SONE-604\SONE-604_008.jpg","位于标准化番号同名资源目录","90","RegisterImage","Safe","唯一高置信度实体，可在确认后建立或修正关联。","True","False"
"13246","1711","SONE-604","Z:\bcbcbcbc\ca-ES\data\已命名电影\SONE-604C+五星+娇小可爱清纯+持续输出+高颜值.mp4","Preview","","","Z:\bcbcbcbc\ca-ES\LocalMediaManager\Previews\SONE-604\SONE-604_009.jpg","位于标准化番号同名资源目录","90","RegisterImage","Safe","唯一高置信度实体，可在确认后建立或修正关联。","True","False"
"13246","1711","SONE-604","Z:\bcbcbcbc\ca-ES\data\已命名电影\SONE-604C+五星+娇小可爱清纯+持续输出+高颜值.mp4","Preview","","","Z:\bcbcbcbc\ca-ES\LocalMediaManager\Previews\SONE-604\SONE-604_010.jpg","位于标准化番号同名资源目录","90","RegisterImage","Safe","唯一高置信度实体，可在确认后建立或修正关联。","True","False"
"13246","1711","SONE-604","Z:\bcbcbcbc\ca-ES\data\已命名电影\SONE-604C+五星+娇小可爱清纯+持续输出+高颜值.mp4","Preview","","","Z:\bcbcbcbc\ca-ES\LocalMediaManager\Previews\SONE-604\SONE-604_011.jpg","位于标准化番号同名资源目录","90","RegisterImage","Safe","唯一高置信度实体，可在确认后建立或修正关联。","True","False"
"13246","1711","SONE-604","Z:\bcbcbcbc\ca-ES\data\已命名电影\SONE-604C+五星+娇小可爱清纯+持续输出+高颜值.mp4","Preview","","","Z:\bcbcbcbc\ca-ES\LocalMediaManager\Previews\SONE-604\SONE-604_012.jpg","位于标准化番号同名资源目录","90","RegisterImage","Safe","唯一高置信度实体，可在确认后建立或修正关联。","True","False"
"13246","1711","SONE-604","Z:\bcbcbcbc\ca-ES\data\已命名电影\SONE-604C+五星+娇小可爱清纯+持续输出+高颜值.mp4","Preview","","","Z:\bcbcbcbc\ca-ES\LocalMediaManager\Previews\SONE-604\SONE-604_013.jpg","位于标准化番号同名资源目录","90","RegisterImage","Safe","唯一高置信度实体，可在确认后建立或修正关联。","True","False"
"13246","1715","SONE-345","Z:\bcbcbcbc\ca-ES\data\已命名电影\SONE-345+四星+高颜值+村上悠華.mkv","Preview","","","Z:\bcbcbcbc\ca-ES\LocalMediaManager\Previews\SONE-345\01.jpg","实体已登记到 MovieId 2530，禁止自动复用","70","ManualReview","LowConfidence","置信度低于 80，仅供人工核对。","False","False"
"13246","1715","SONE-345","Z:\bcbcbcbc\ca-ES\data\已命名电影\SONE-345+四星+高颜值+村上悠華.mkv","Preview","","","Z:\bcbcbcbc\ca-ES\LocalMediaManager\Previews\SONE-345\02.jpg","实体已登记到 MovieId 2530，禁止自动复用","70","ManualReview","LowConfidence","置信度低于 80，仅供人工核对。","False","False"
"13246","1715","SONE-345","Z:\bcbcbcbc\ca-ES\data\已命名电影\SONE-345+四星+高颜值+村上悠華.mkv","Preview","","","Z:\bcbcbcbc\ca-ES\LocalMediaManager\Previews\SONE-345\03.jpg","实体已登记到 MovieId 2530，禁止自动复用","70","ManualReview","LowConfidence","置信度低于 80，仅供人工核对。","False","False"
"13246","1715","SONE-345","Z:\bcbcbcbc\ca-ES\data\已命名电影\SONE-345+四星+高颜值+村上悠華.mkv","Preview","","","Z:\bcbcbcbc\ca-ES\LocalMediaManager\Previews\SONE-345\04.jpg","实体已登记到 MovieId 2530，禁止自动复用","70","ManualReview","LowConfidence","置信度低于 80，仅供人工核对。","False","False"
"13246","1715","SONE-345","Z:\bcbcbcbc\ca-ES\data\已命名电影\SONE-345+四星+高颜值+村上悠華.mkv","Preview","","","Z:\bcbcbcbc\ca-ES\LocalMediaManager\Previews\SONE-345\05.jpg","实体已登记到 MovieId 2530，禁止自动复用","70","ManualReview","LowConfidence","置信度低于 80，仅供人工核对。","False","False"
"13246","1715","SONE-345","Z:\bcbcbcbc\ca-ES\data\已命名电影\SONE-345+四星+高颜值+村上悠華.mkv","Preview","","","Z:\bcbcbcbc\ca-ES\LocalMediaManager\Previews\SONE-345\06.jpg","实体已登记到 MovieId 2530，禁止自动复用","70","ManualReview","LowConfidence","置信度低于 80，仅供人工核对。","False","False"
"13246","1715","SONE-345","Z:\bcbcbcbc\ca-ES\data\已命名电影\SONE-345+四星+高颜值+村上悠華.mkv","Preview","","","Z:\bcbcbcbc\ca-ES\LocalMediaManager\Previews\SONE-345\07.jpg","实体已登记到 MovieId 2530，禁止自动复用","70","ManualReview","LowConfidence","置信度低于 80，仅供人工核对。","False","False"
"13246","1715","SONE-345","Z:\bcbcbcbc\ca-ES\data\已命名电影\SONE-345+四星+高颜值+村上悠華.mkv","Preview","","","Z:\bcbcbcbc\ca-ES\LocalMediaManager\Previews\SONE-345\08.jpg","实体已登记到 MovieId 2530，禁止自动复用","70","ManualReview","LowConfidence","置信度低于 80，仅供人工核对。","False","False"
"13246","1715","SONE-345","Z:\bcbcbcbc\ca-ES\data\已命名电影\SONE-345+四星+高颜值+村上悠華.mkv","Preview","","","Z:\bcbcbcbc\ca-ES\LocalMediaManager\Previews\SONE-345\09.jpg","实体已登记到 MovieId 2530，禁止自动复用","70","ManualReview","LowConfidence","置信度低于 80，仅供人工核对。","False","False"
"13246","1715","SONE-345","Z:\bcbcbcbc\ca-ES\data\已命名电影\SONE-345+四星+高颜值+村上悠華.mkv","Preview","","","Z:\bcbcbcbc\ca-ES\LocalMediaManager\Previews\SONE-345\10.jpg","实体已登记到 MovieId 2530，禁止自动复用","70","ManualReview","LowConfidence","置信度低于 80，仅供人工核对。","False","False"
"13246","1715","SONE-345","Z:\bcbcbcbc\ca-ES\data\已命名电影\SONE-345+四星+高颜值+村上悠華.mkv","Preview","","","Z:\bcbcbcbc\ca-ES\LocalMediaManager\Previews\SONE-345\11.jpg","实体已登记到 MovieId 2530，禁止自动复用","70","ManualReview","LowConfidence","置信度低于 80，仅供人工核对。","False","False"
"13246","1715","SONE-345","Z:\bcbcbcbc\ca-ES\data\已命名电影\SONE-345+四星+高颜值+村上悠華.mkv","Preview","","","Z:\bcbcbcbc\ca-ES\LocalMediaManager\Previews\SONE-345\12.jpg","实体已登记到 MovieId 2530，禁止自动复用","70","ManualReview","LowConfidence","置信度低于 80，仅供人工核对。","False","False"
"13246","1715","SONE-345","Z:\bcbcbcbc\ca-ES\data\已命名电影\SONE-345+四星+高颜值+村上悠華.mkv","Preview","","","Z:\bcbcbcbc\ca-ES\LocalMediaManager\Previews\SONE-345\13.jpg","实体已登记到 MovieId 2530，禁止自动复用","70","ManualReview","LowConfidence","置信度低于 80，仅供人工核对。","False","False"
"13246","1715","SONE-345","Z:\bcbcbcbc\ca-ES\data\已命名电影\SONE-345+四星+高颜值+村上悠華.mkv","Preview","","","Z:\bcbcbcbc\ca-ES\LocalMediaManager\Previews\SONE-345\14.jpg","实体已登记到 MovieId 2530，禁止自动复用","70","ManualReview","LowConfidence","置信度低于 80，仅供人工核对。","False","False"
"13246","1715","SONE-345","Z:\bcbcbcbc\ca-ES\data\已命名电影\SONE-345+四星+高颜值+村上悠華.mkv","Preview","","","Z:\bcbcbcbc\ca-ES\LocalMediaManager\Previews\SONE-345\15.jpg","实体已登记到 MovieId 2530，禁止自动复用","70","ManualReview","LowConfidence","置信度低于 80，仅供人工核对。","False","False"
"13246","1715","SONE-345","Z:\bcbcbcbc\ca-ES\data\已命名电影\SONE-345+四星+高颜值+村上悠華.mkv","Preview","","","Z:\bcbcbcbc\ca-ES\LocalMediaManager\Previews\SONE-345\16.jpg","实体已登记到 MovieId 2530，禁止自动复用","70","ManualReview","LowConfidence","置信度低于 80，仅供人工核对。","False","False"
"13246","1715","SONE-345","Z:\bcbcbcbc\ca-ES\data\已命名电影\SONE-345+四星+高颜值+村上悠華.mkv","Preview","","","Z:\bcbcbcbc\ca-ES\LocalMediaManager\Previews\SONE-345\17.jpg","实体已登记到 MovieId 2530，禁止自动复用","70","ManualReview","LowConfidence","置信度低于 80，仅供人工核对。","False","False"
"13246","1715","SONE-345","Z:\bcbcbcbc\ca-ES\data\已命名电影\SONE-345+四星+高颜值+村上悠華.mkv","Preview","","","Z:\bcbcbcbc\ca-ES\LocalMediaManager\Previews\SONE-345\18.jpg","实体已登记到 MovieId 2530，禁止自动复用","70","ManualReview","LowConfidence","置信度低于 80，仅供人工核对。","False","False"
"13246","1715","SONE-345","Z:\bcbcbcbc\ca-ES\data\已命名电影\SONE-345+四星+高颜值+村上悠華.mkv","Preview","","","Z:\bcbcbcbc\ca-ES\LocalMediaManager\Previews\SONE-345\19.jpg","实体已登记到 MovieId 2530，禁止自动复用","70","ManualReview","LowConfidence","置信度低于 80，仅供人工核对。","False","False"
"13246","1715","SONE-345","Z:\bcbcbcbc\ca-ES\data\已命名电影\SONE-345+四星+高颜值+村上悠華.mkv","Preview","","","Z:\bcbcbcbc\ca-ES\LocalMediaManager\Previews\SONE-345\20.jpg","实体已登记到 MovieId 2530，禁止自动复用","70","ManualReview","LowConfidence","置信度低于 80，仅供人工核对。","False","False"
"13246","1765","ABF-159","Z:\bcbcbcbc\ca-ES\data\已命名电影\ABF-159+四星+高颜值+涼森れむ.mp4","Preview","","","Z:\bcbcbcbc\ca-ES\LocalMediaManager\Previews\ABF-159\ABF-159_001.jpg","位于标准化番号同名资源目录","90","RegisterImage","Safe","唯一高置信度实体，可在确认后建立或修正关联。","True","False"
"13246","1765","ABF-159","Z:\bcbcbcbc\ca-ES\data\已命名电影\ABF-159+四星+高颜值+涼森れむ.mp4","Preview","","","Z:\bcbcbcbc\ca-ES\LocalMediaManager\Previews\ABF-159\ABF-159_002.jpg","位于标准化番号同名资源目录","90","RegisterImage","Safe","唯一高置信度实体，可在确认后建立或修正关联。","True","False"
"13246","1765","ABF-159","Z:\bcbcbcbc\ca-ES\data\已命名电影\ABF-159+四星+高颜值+涼森れむ.mp4","Preview","","","Z:\bcbcbcbc\ca-ES\LocalMediaManager\Previews\ABF-159\ABF-159_003.jpg","位于标准化番号同名资源目录","90","RegisterImage","Safe","唯一高置信度实体，可在确认后建立或修正关联。","True","False"
"13246","1765","ABF-159","Z:\bcbcbcbc\ca-ES\data\已命名电影\ABF-159+四星+高颜值+涼森れむ.mp4","Preview","","","Z:\bcbcbcbc\ca-ES\LocalMediaManager\Previews\ABF-159\ABF-159_004.jpg","位于标准化番号同名资源目录","90","RegisterImage","Safe","唯一高置信度实体，可在确认后建立或修正关联。","True","False"
"13246","1765","ABF-159","Z:\bcbcbcbc\ca-ES\data\已命名电影\ABF-159+四星+高颜值+涼森れむ.mp4","Preview","","","Z:\bcbcbcbc\ca-ES\LocalMediaManager\Previews\ABF-159\ABF-159_005.jpg","位于标准化番号同名资源目录","90","RegisterImage","Safe","唯一高置信度实体，可在确认后建立或修正关联。","True","False"
"13246","1765","ABF-159","Z:\bcbcbcbc\ca-ES\data\已命名电影\ABF-159+四星+高颜值+涼森れむ.mp4","Preview","","","Z:\bcbcbcbc\ca-ES\LocalMediaManager\Previews\ABF-159\ABF-159_006.jpg","位于标准化番号同名资源目录","90","RegisterImage","Safe","唯一高置信度实体，可在确认后建立或修正关联。","True","False"
"13246","1765","ABF-159","Z:\bcbcbcbc\ca-ES\data\已命名电影\ABF-159+四星+高颜值+涼森れむ.mp4","Preview","","","Z:\bcbcbcbc\ca-ES\LocalMediaManager\Previews\ABF-159\ABF-159_007.jpg","位于标准化番号同名资源目录","90","RegisterImage","Safe","唯一高置信度实体，可在确认后建立或修正关联。","True","False"
"13246","1765","ABF-159","Z:\bcbcbcbc\ca-ES\data\已命名电影\ABF-159+四星+高颜值+涼森れむ.mp4","Preview","","","Z:\bcbcbcbc\ca-ES\LocalMediaManager\Previews\ABF-159\ABF-159_008.jpg","位于标准化番号同名资源目录","90","RegisterImage","Safe","唯一高置信度实体，可在确认后建立或修正关联。","True","False"
"13246","1765","ABF-159","Z:\bcbcbcbc\ca-ES\data\已命名电影\ABF-159+四星+高颜值+涼森れむ.mp4","Preview","","","Z:\bcbcbcbc\ca-ES\LocalMediaManager\Previews\ABF-159\ABF-159_009.jpg","位于标准化番号同名资源目录","90","RegisterImage","Safe","唯一高置信度实体，可在确认后建立或修正关联。","True","False"
"13246","1770","FNS-036","Z:\bcbcbcbc\ca-ES\data\已命名电影\FNS-036+五星+持续输出+高颜值+つばさ舞.mkv","Preview","","","Z:\bcbcbcbc\ca-ES\LocalMediaManager\Previews\FNS-036\01.jpg","实体已登记到 MovieId 2512，禁止自动复用","70","ManualReview","LowConfidence","置信度低于 80，仅供人工核对。","False","False"
"13246","1770","FNS-036","Z:\bcbcbcbc\ca-ES\data\已命名电影\FNS-036+五星+持续输出+高颜值+つばさ舞.mkv","Preview","","","Z:\bcbcbcbc\ca-ES\LocalMediaManager\Previews\FNS-036\02.jpg","实体已登记到 MovieId 2512，禁止自动复用","70","ManualReview","LowConfidence","置信度低于 80，仅供人工核对。","False","False"
"13246","1770","FNS-036","Z:\bcbcbcbc\ca-ES\data\已命名电影\FNS-036+五星+持续输出+高颜值+つばさ舞.mkv","Preview","","","Z:\bcbcbcbc\ca-ES\LocalMediaManager\Previews\FNS-036\03.jpg","实体已登记到 MovieId 2512，禁止自动复用","70","ManualReview","LowConfidence","置信度低于 80，仅供人工核对。","False","False"
"13246","1770","FNS-036","Z:\bcbcbcbc\ca-ES\data\已命名电影\FNS-036+五星+持续输出+高颜值+つばさ舞.mkv","Preview","","","Z:\bcbcbcbc\ca-ES\LocalMediaManager\Previews\FNS-036\04.jpg","实体已登记到 MovieId 2512，禁止自动复用","70","ManualReview","LowConfidence","置信度低于 80，仅供人工核对。","False","False"
"13246","1770","FNS-036","Z:\bcbcbcbc\ca-ES\data\已命名电影\FNS-036+五星+持续输出+高颜值+つばさ舞.mkv","Preview","","","Z:\bcbcbcbc\ca-ES\LocalMediaManager\Previews\FNS-036\05.jpg","实体已登记到 MovieId 2512，禁止自动复用","70","ManualReview","LowConfidence","置信度低于 80，仅供人工核对。","False","False"
"13246","1770","FNS-036","Z:\bcbcbcbc\ca-ES\data\已命名电影\FNS-036+五星+持续输出+高颜值+つばさ舞.mkv","Preview","","","Z:\bcbcbcbc\ca-ES\LocalMediaManager\Previews\FNS-036\06.jpg","实体已登记到 MovieId 2512，禁止自动复用","70","ManualReview","LowConfidence","置信度低于 80，仅供人工核对。","False","False"
"13246","1770","FNS-036","Z:\bcbcbcbc\ca-ES\data\已命名电影\FNS-036+五星+持续输出+高颜值+つばさ舞.mkv","Preview","","","Z:\bcbcbcbc\ca-ES\LocalMediaManager\Previews\FNS-036\07.jpg","实体已登记到 MovieId 2512，禁止自动复用","70","ManualReview","LowConfidence","置信度低于 80，仅供人工核对。","False","False"
"13246","1770","FNS-036","Z:\bcbcbcbc\ca-ES\data\已命名电影\FNS-036+五星+持续输出+高颜值+つばさ舞.mkv","Preview","","","Z:\bcbcbcbc\ca-ES\LocalMediaManager\Previews\FNS-036\08.jpg","实体已登记到 MovieId 2512，禁止自动复用","70","ManualReview","LowConfidence","置信度低于 80，仅供人工核对。","False","False"
"13246","1770","FNS-036","Z:\bcbcbcbc\ca-ES\data\已命名电影\FNS-036+五星+持续输出+高颜值+つばさ舞.mkv","Preview","","","Z:\bcbcbcbc\ca-ES\LocalMediaManager\Previews\FNS-036\09.jpg","实体已登记到 MovieId 2512，禁止自动复用","70","ManualReview","LowConfidence","置信度低于 80，仅供人工核对。","False","False"
"13246","1770","FNS-036","Z:\bcbcbcbc\ca-ES\data\已命名电影\FNS-036+五星+持续输出+高颜值+つばさ舞.mkv","Preview","","","Z:\bcbcbcbc\ca-ES\LocalMediaManager\Previews\FNS-036\10.jpg","实体已登记到 MovieId 2512，禁止自动复用","70","ManualReview","LowConfidence","置信度低于 80，仅供人工核对。","False","False"
"13246","1808","START-331","Z:\bcbcbcbc\ca-ES\data\已命名电影\START-331C+五星+多人+娇小可爱清纯+高颜值.mp4","Preview","","","Z:\bcbcbcbc\ca-ES\LocalMediaManager\Previews\START-331\START-331_001.jpg","位于标准化番号同名资源目录","90","RegisterImage","Safe","唯一高置信度实体，可在确认后建立或修正关联。","True","False"
"13246","1808","START-331","Z:\bcbcbcbc\ca-ES\data\已命名电影\START-331C+五星+多人+娇小可爱清纯+高颜值.mp4","Preview","","","Z:\bcbcbcbc\ca-ES\LocalMediaManager\Previews\START-331\START-331_002.jpg","位于标准化番号同名资源目录","90","RegisterImage","Safe","唯一高置信度实体，可在确认后建立或修正关联。","True","False"
"13246","1808","START-331","Z:\bcbcbcbc\ca-ES\data\已命名电影\START-331C+五星+多人+娇小可爱清纯+高颜值.mp4","Preview","","","Z:\bcbcbcbc\ca-ES\LocalMediaManager\Previews\START-331\START-331_003.jpg","位于标准化番号同名资源目录","90","RegisterImage","Safe","唯一高置信度实体，可在确认后建立或修正关联。","True","False"
"13246","1808","START-331","Z:\bcbcbcbc\ca-ES\data\已命名电影\START-331C+五星+多人+娇小可爱清纯+高颜值.mp4","Preview","","","Z:\bcbcbcbc\ca-ES\LocalMediaManager\Previews\START-331\START-331_004.jpg","位于标准化番号同名资源目录","90","RegisterImage","Safe","唯一高置信度实体，可在确认后建立或修正关联。","True","False"
"13246","1808","START-331","Z:\bcbcbcbc\ca-ES\data\已命名电影\START-331C+五星+多人+娇小可爱清纯+高颜值.mp4","Preview","","","Z:\bcbcbcbc\ca-ES\LocalMediaManager\Previews\START-331\START-331_005.jpg","位于标准化番号同名资源目录","90","RegisterImage","Safe","唯一高置信度实体，可在确认后建立或修正关联。","True","False"
"13246","1808","START-331","Z:\bcbcbcbc\ca-ES\data\已命名电影\START-331C+五星+多人+娇小可爱清纯+高颜值.mp4","Preview","","","Z:\bcbcbcbc\ca-ES\LocalMediaManager\Previews\START-331\START-331_006.jpg","位于标准化番号同名资源目录","90","RegisterImage","Safe","唯一高置信度实体，可在确认后建立或修正关联。","True","False"
"13246","1808","START-331","Z:\bcbcbcbc\ca-ES\data\已命名电影\START-331C+五星+多人+娇小可爱清纯+高颜值.mp4","Preview","","","Z:\bcbcbcbc\ca-ES\LocalMediaManager\Previews\START-331\START-331_007.jpg","位于标准化番号同名资源目录","90","RegisterImage","Safe","唯一高置信度实体，可在确认后建立或修正关联。","True","False"
"13246","1808","START-331","Z:\bcbcbcbc\ca-ES\data\已命名电影\START-331C+五星+多人+娇小可爱清纯+高颜值.mp4","Preview","","","Z:\bcbcbcbc\ca-ES\LocalMediaManager\Previews\START-331\START-331_008.jpg","位于标准化番号同名资源目录","90","RegisterImage","Safe","唯一高置信度实体，可在确认后建立或修正关联。","True","False"
"13246","1808","START-331","Z:\bcbcbcbc\ca-ES\data\已命名电影\START-331C+五星+多人+娇小可爱清纯+高颜值.mp4","Preview","","","Z:\bcbcbcbc\ca-ES\LocalMediaManager\Previews\START-331\START-331_009.jpg","位于标准化番号同名资源目录","90","RegisterImage","Safe","唯一高置信度实体，可在确认后建立或修正关联。","True","False"
"13246","1808","START-331","Z:\bcbcbcbc\ca-ES\data\已命名电影\START-331C+五星+多人+娇小可爱清纯+高颜值.mp4","Preview","","","Z:\bcbcbcbc\ca-ES\LocalMediaManager\Previews\START-331\START-331_010.jpg","位于标准化番号同名资源目录","90","RegisterImage","Safe","唯一高置信度实体，可在确认后建立或修正关联。","True","False"
"13246","1808","START-331","Z:\bcbcbcbc\ca-ES\data\已命名电影\START-331C+五星+多人+娇小可爱清纯+高颜值.mp4","Preview","","","Z:\bcbcbcbc\ca-ES\LocalMediaManager\Previews\START-331\START-331_011.jpg","位于标准化番号同名资源目录","90","RegisterImage","Safe","唯一高置信度实体，可在确认后建立或修正关联。","True","False"
"13246","1808","START-331","Z:\bcbcbcbc\ca-ES\data\已命名电影\START-331C+五星+多人+娇小可爱清纯+高颜值.mp4","Preview","","","Z:\bcbcbcbc\ca-ES\LocalMediaManager\Previews\START-331\START-331_012.jpg","位于标准化番号同名资源目录","90","RegisterImage","Safe","唯一高置信度实体，可在确认后建立或修正关联。","True","False"
"13246","1808","START-331","Z:\bcbcbcbc\ca-ES\data\已命名电影\START-331C+五星+多人+娇小可爱清纯+高颜值.mp4","Preview","","","Z:\bcbcbcbc\ca-ES\LocalMediaManager\Previews\START-331\START-331_013.jpg","位于标准化番号同名资源目录","90","RegisterImage","Safe","唯一高置信度实体，可在确认后建立或修正关联。","True","False"
"13246","1808","START-331","Z:\bcbcbcbc\ca-ES\data\已命名电影\START-331C+五星+多人+娇小可爱清纯+高颜值.mp4","Preview","","","Z:\bcbcbcbc\ca-ES\LocalMediaManager\Previews\START-331\START-331_014.jpg","位于标准化番号同名资源目录","90","RegisterImage","Safe","唯一高置信度实体，可在确认后建立或修正关联。","True","False"
"13246","1808","START-331","Z:\bcbcbcbc\ca-ES\data\已命名电影\START-331C+五星+多人+娇小可爱清纯+高颜值.mp4","Preview","","","Z:\bcbcbcbc\ca-ES\LocalMediaManager\Previews\START-331\START-331_015.jpg","位于标准化番号同名资源目录","90","RegisterImage","Safe","唯一高置信度实体，可在确认后建立或修正关联。","True","False"
"13246","1808","START-331","Z:\bcbcbcbc\ca-ES\data\已命名电影\START-331C+五星+多人+娇小可爱清纯+高颜值.mp4","Preview","","","Z:\bcbcbcbc\ca-ES\LocalMediaManager\Previews\START-331\START-331_016.jpg","位于标准化番号同名资源目录","90","RegisterImage","Safe","唯一高置信度实体，可在确认后建立或修正关联。","True","False"
"13246","1808","START-331","Z:\bcbcbcbc\ca-ES\data\已命名电影\START-331C+五星+多人+娇小可爱清纯+高颜值.mp4","Preview","","","Z:\bcbcbcbc\ca-ES\LocalMediaManager\Previews\START-331\START-331_017.jpg","位于标准化番号同名资源目录","90","RegisterImage","Safe","唯一高置信度实体，可在确认后建立或修正关联。","True","False"
"13246","1808","START-331","Z:\bcbcbcbc\ca-ES\data\已命名电影\START-331C+五星+多人+娇小可爱清纯+高颜值.mp4","Preview","","","Z:\bcbcbcbc\ca-ES\LocalMediaManager\Previews\START-331\START-331_018.jpg","位于标准化番号同名资源目录","90","RegisterImage","Safe","唯一高置信度实体，可在确认后建立或修正关联。","True","False"
"13246","1808","START-331","Z:\bcbcbcbc\ca-ES\data\已命名电影\START-331C+五星+多人+娇小可爱清纯+高颜值.mp4","Preview","","","Z:\bcbcbcbc\ca-ES\LocalMediaManager\Previews\START-331\START-331_019.jpg","位于标准化番号同名资源目录","90","RegisterImage","Safe","唯一高置信度实体，可在确认后建立或修正关联。","True","False"
"13246","1808","START-331","Z:\bcbcbcbc\ca-ES\data\已命名电影\START-331C+五星+多人+娇小可爱清纯+高颜值.mp4","Preview","","","Z:\bcbcbcbc\ca-ES\LocalMediaManager\Previews\START-331\START-331_020.jpg","位于标准化番号同名资源目录","90","RegisterImage","Safe","唯一高置信度实体，可在确认后建立或修正关联。","True","False"
"13246","1811","STARS-918","Z:\bcbcbcbc\ca-ES\data\已命名电影\STARS-918+BCBCBC+五星+娇小可爱清纯+爆操+高颜值+小湊よつ葉.mp4","Preview","","","Z:\bcbcbcbc\ca-ES\LocalMediaManager\Previews\STARS-918\STARS-918_001.jpg","位于标准化番号同名资源目录","90","RegisterImage","Safe","唯一高置信度实体，可在确认后建立或修正关联。","True","False"
"13246","1811","STARS-918","Z:\bcbcbcbc\ca-ES\data\已命名电影\STARS-918+BCBCBC+五星+娇小可爱清纯+爆操+高颜值+小湊よつ葉.mp4","Preview","","","Z:\bcbcbcbc\ca-ES\LocalMediaManager\Previews\STARS-918\STARS-918_002.jpg","位于标准化番号同名资源目录","90","RegisterImage","Safe","唯一高置信度实体，可在确认后建立或修正关联。","True","False"
"13246","1811","STARS-918","Z:\bcbcbcbc\ca-ES\data\已命名电影\STARS-918+BCBCBC+五星+娇小可爱清纯+爆操+高颜值+小湊よつ葉.mp4","Preview","","","Z:\bcbcbcbc\ca-ES\LocalMediaManager\Previews\STARS-918\STARS-918_003.jpg","位于标准化番号同名资源目录","90","RegisterImage","Safe","唯一高置信度实体，可在确认后建立或修正关联。","True","False"
"13246","1811","STARS-918","Z:\bcbcbcbc\ca-ES\data\已命名电影\STARS-918+BCBCBC+五星+娇小可爱清纯+爆操+高颜值+小湊よつ葉.mp4","Preview","","","Z:\bcbcbcbc\ca-ES\LocalMediaManager\Previews\STARS-918\STARS-918_004.jpg","位于标准化番号同名资源目录","90","RegisterImage","Safe","唯一高置信度实体，可在确认后建立或修正关联。","True","False"
"13246","1811","STARS-918","Z:\bcbcbcbc\ca-ES\data\已命名电影\STARS-918+BCBCBC+五星+娇小可爱清纯+爆操+高颜值+小湊よつ葉.mp4","Preview","","","Z:\bcbcbcbc\ca-ES\LocalMediaManager\Previews\STARS-918\STARS-918_005.jpg","位于标准化番号同名资源目录","90","RegisterImage","Safe","唯一高置信度实体，可在确认后建立或修正关联。","True","False"
"13246","1811","STARS-918","Z:\bcbcbcbc\ca-ES\data\已命名电影\STARS-918+BCBCBC+五星+娇小可爱清纯+爆操+高颜值+小湊よつ葉.mp4","Preview","","","Z:\bcbcbcbc\ca-ES\LocalMediaManager\Previews\STARS-918\STARS-918_006.jpg","位于标准化番号同名资源目录","90","RegisterImage","Safe","唯一高置信度实体，可在确认后建立或修正关联。","True","False"
"13246","1811","STARS-918","Z:\bcbcbcbc\ca-ES\data\已命名电影\STARS-918+BCBCBC+五星+娇小可爱清纯+爆操+高颜值+小湊よつ葉.mp4","Preview","","","Z:\bcbcbcbc\ca-ES\LocalMediaManager\Previews\STARS-918\STARS-918_007.jpg","位于标准化番号同名资源目录","90","RegisterImage","Safe","唯一高置信度实体，可在确认后建立或修正关联。","True","False"
"13246","1811","STARS-918","Z:\bcbcbcbc\ca-ES\data\已命名电影\STARS-918+BCBCBC+五星+娇小可爱清纯+爆操+高颜值+小湊よつ葉.mp4","Preview","","","Z:\bcbcbcbc\ca-ES\LocalMediaManager\Previews\STARS-918\STARS-918_008.jpg","位于标准化番号同名资源目录","90","RegisterImage","Safe","唯一高置信度实体，可在确认后建立或修正关联。","True","False"
"13246","1811","STARS-918","Z:\bcbcbcbc\ca-ES\data\已命名电影\STARS-918+BCBCBC+五星+娇小可爱清纯+爆操+高颜值+小湊よつ葉.mp4","Preview","","","Z:\bcbcbcbc\ca-ES\LocalMediaManager\Previews\STARS-918\STARS-918_009.jpg","位于标准化番号同名资源目录","90","RegisterImage","Safe","唯一高置信度实体，可在确认后建立或修正关联。","True","False"
"13246","1811","STARS-918","Z:\bcbcbcbc\ca-ES\data\已命名电影\STARS-918+BCBCBC+五星+娇小可爱清纯+爆操+高颜值+小湊よつ葉.mp4","Preview","","","Z:\bcbcbcbc\ca-ES\LocalMediaManager\Previews\STARS-918\STARS-918_010.jpg","位于标准化番号同名资源目录","90","RegisterImage","Safe","唯一高置信度实体，可在确认后建立或修正关联。","True","False"
"13246","1811","STARS-918","Z:\bcbcbcbc\ca-ES\data\已命名电影\STARS-918+BCBCBC+五星+娇小可爱清纯+爆操+高颜值+小湊よつ葉.mp4","Preview","","","Z:\bcbcbcbc\ca-ES\LocalMediaManager\Previews\STARS-918\STARS-918_011.jpg","位于标准化番号同名资源目录","90","RegisterImage","Safe","唯一高置信度实体，可在确认后建立或修正关联。","True","False"
"13246","1811","STARS-918","Z:\bcbcbcbc\ca-ES\data\已命名电影\STARS-918+BCBCBC+五星+娇小可爱清纯+爆操+高颜值+小湊よつ葉.mp4","Preview","","","Z:\bcbcbcbc\ca-ES\LocalMediaManager\Previews\STARS-918\STARS-918_012.jpg","位于标准化番号同名资源目录","90","RegisterImage","Safe","唯一高置信度实体，可在确认后建立或修正关联。","True","False"
"13246","1811","STARS-918","Z:\bcbcbcbc\ca-ES\data\已命名电影\STARS-918+BCBCBC+五星+娇小可爱清纯+爆操+高颜值+小湊よつ葉.mp4","Preview","","","Z:\bcbcbcbc\ca-ES\LocalMediaManager\Previews\STARS-918\STARS-918_013.jpg","位于标准化番号同名资源目录","90","RegisterImage","Safe","唯一高置信度实体，可在确认后建立或修正关联。","True","False"
"13246","1811","STARS-918","Z:\bcbcbcbc\ca-ES\data\已命名电影\STARS-918+BCBCBC+五星+娇小可爱清纯+爆操+高颜值+小湊よつ葉.mp4","Preview","","","Z:\bcbcbcbc\ca-ES\LocalMediaManager\Previews\STARS-918\STARS-918_014.jpg","位于标准化番号同名资源目录","90","RegisterImage","Safe","唯一高置信度实体，可在确认后建立或修正关联。","True","False"
"13246","1811","STARS-918","Z:\bcbcbcbc\ca-ES\data\已命名电影\STARS-918+BCBCBC+五星+娇小可爱清纯+爆操+高颜值+小湊よつ葉.mp4","Preview","","","Z:\bcbcbcbc\ca-ES\LocalMediaManager\Previews\STARS-918\STARS-918_015.jpg","位于标准化番号同名资源目录","90","RegisterImage","Safe","唯一高置信度实体，可在确认后建立或修正关联。","True","False"
"13246","1811","STARS-918","Z:\bcbcbcbc\ca-ES\data\已命名电影\STARS-918+BCBCBC+五星+娇小可爱清纯+爆操+高颜值+小湊よつ葉.mp4","Preview","","","Z:\bcbcbcbc\ca-ES\LocalMediaManager\Previews\STARS-918\STARS-918_016.jpg","位于标准化番号同名资源目录","90","RegisterImage","Safe","唯一高置信度实体，可在确认后建立或修正关联。","True","False"
"13246","1811","STARS-918","Z:\bcbcbcbc\ca-ES\data\已命名电影\STARS-918+BCBCBC+五星+娇小可爱清纯+爆操+高颜值+小湊よつ葉.mp4","Preview","","","Z:\bcbcbcbc\ca-ES\LocalMediaManager\Previews\STARS-918\STARS-918_017.jpg","位于标准化番号同名资源目录","90","RegisterImage","Safe","唯一高置信度实体，可在确认后建立或修正关联。","True","False"
"13246","1811","STARS-918","Z:\bcbcbcbc\ca-ES\data\已命名电影\STARS-918+BCBCBC+五星+娇小可爱清纯+爆操+高颜值+小湊よつ葉.mp4","Preview","","","Z:\bcbcbcbc\ca-ES\LocalMediaManager\Previews\STARS-918\STARS-918_018.jpg","位于标准化番号同名资源目录","90","RegisterImage","Safe","唯一高置信度实体，可在确认后建立或修正关联。","True","False"
"13246","1811","STARS-918","Z:\bcbcbcbc\ca-ES\data\已命名电影\STARS-918+BCBCBC+五星+娇小可爱清纯+爆操+高颜值+小湊よつ葉.mp4","Preview","","","Z:\bcbcbcbc\ca-ES\LocalMediaManager\Previews\STARS-918\STARS-918_019.jpg","位于标准化番号同名资源目录","90","RegisterImage","Safe","唯一高置信度实体，可在确认后建立或修正关联。","True","False"
"13246","1811","STARS-918","Z:\bcbcbcbc\ca-ES\data\已命名电影\STARS-918+BCBCBC+五星+娇小可爱清纯+爆操+高颜值+小湊よつ葉.mp4","Preview","","","Z:\bcbcbcbc\ca-ES\LocalMediaManager\Previews\STARS-918\STARS-918_020.jpg","位于标准化番号同名资源目录","90","RegisterImage","Safe","唯一高置信度实体，可在确认后建立或修正关联。","True","False"
"13246","1863","SONE-616","Z:\bcbcbcbc\ca-ES\data\已命名电影\SONE-616+五星+多人+娇小可爱清纯+高颜值+村上悠華+兒玉七海.mp4","Preview","","","Z:\bcbcbcbc\ca-ES\LocalMediaManager\Previews\SONE-616\SONE-616_001.jpg","位于标准化番号同名资源目录","90","RegisterImage","Safe","唯一高置信度实体，可在确认后建立或修正关联。","True","False"
"13246","1863","SONE-616","Z:\bcbcbcbc\ca-ES\data\已命名电影\SONE-616+五星+多人+娇小可爱清纯+高颜值+村上悠華+兒玉七海.mp4","Preview","","","Z:\bcbcbcbc\ca-ES\LocalMediaManager\Previews\SONE-616\SONE-616_002.jpg","位于标准化番号同名资源目录","90","RegisterImage","Safe","唯一高置信度实体，可在确认后建立或修正关联。","True","False"
"13246","1863","SONE-616","Z:\bcbcbcbc\ca-ES\data\已命名电影\SONE-616+五星+多人+娇小可爱清纯+高颜值+村上悠華+兒玉七海.mp4","Preview","","","Z:\bcbcbcbc\ca-ES\LocalMediaManager\Previews\SONE-616\SONE-616_003.jpg","位于标准化番号同名资源目录","90","RegisterImage","Safe","唯一高置信度实体，可在确认后建立或修正关联。","True","False"
"13246","1863","SONE-616","Z:\bcbcbcbc\ca-ES\data\已命名电影\SONE-616+五星+多人+娇小可爱清纯+高颜值+村上悠華+兒玉七海.mp4","Preview","","","Z:\bcbcbcbc\ca-ES\LocalMediaManager\Previews\SONE-616\SONE-616_004.jpg","位于标准化番号同名资源目录","90","RegisterImage","Safe","唯一高置信度实体，可在确认后建立或修正关联。","True","False"
"13246","1863","SONE-616","Z:\bcbcbcbc\ca-ES\data\已命名电影\SONE-616+五星+多人+娇小可爱清纯+高颜值+村上悠華+兒玉七海.mp4","Preview","","","Z:\bcbcbcbc\ca-ES\LocalMediaManager\Previews\SONE-616\SONE-616_005.jpg","位于标准化番号同名资源目录","90","RegisterImage","Safe","唯一高置信度实体，可在确认后建立或修正关联。","True","False"
"13246","1863","SONE-616","Z:\bcbcbcbc\ca-ES\data\已命名电影\SONE-616+五星+多人+娇小可爱清纯+高颜值+村上悠華+兒玉七海.mp4","Preview","","","Z:\bcbcbcbc\ca-ES\LocalMediaManager\Previews\SONE-616\SONE-616_006.jpg","位于标准化番号同名资源目录","90","RegisterImage","Safe","唯一高置信度实体，可在确认后建立或修正关联。","True","False"
"13246","1863","SONE-616","Z:\bcbcbcbc\ca-ES\data\已命名电影\SONE-616+五星+多人+娇小可爱清纯+高颜值+村上悠華+兒玉七海.mp4","Preview","","","Z:\bcbcbcbc\ca-ES\LocalMediaManager\Previews\SONE-616\SONE-616_007.jpg","位于标准化番号同名资源目录","90","RegisterImage","Safe","唯一高置信度实体，可在确认后建立或修正关联。","True","False"
"13246","1863","SONE-616","Z:\bcbcbcbc\ca-ES\data\已命名电影\SONE-616+五星+多人+娇小可爱清纯+高颜值+村上悠華+兒玉七海.mp4","Preview","","","Z:\bcbcbcbc\ca-ES\LocalMediaManager\Previews\SONE-616\SONE-616_008.jpg","位于标准化番号同名资源目录","90","RegisterImage","Safe","唯一高置信度实体，可在确认后建立或修正关联。","True","False"
"13246","1863","SONE-616","Z:\bcbcbcbc\ca-ES\data\已命名电影\SONE-616+五星+多人+娇小可爱清纯+高颜值+村上悠華+兒玉七海.mp4","Preview","","","Z:\bcbcbcbc\ca-ES\LocalMediaManager\Previews\SONE-616\SONE-616_009.jpg","位于标准化番号同名资源目录","90","RegisterImage","Safe","唯一高置信度实体，可在确认后建立或修正关联。","True","False"
"13246","1863","SONE-616","Z:\bcbcbcbc\ca-ES\data\已命名电影\SONE-616+五星+多人+娇小可爱清纯+高颜值+村上悠華+兒玉七海.mp4","Preview","","","Z:\bcbcbcbc\ca-ES\LocalMediaManager\Previews\SONE-616\SONE-616_010.jpg","位于标准化番号同名资源目录","90","RegisterImage","Safe","唯一高置信度实体，可在确认后建立或修正关联。","True","False"
"13246","1863","SONE-616","Z:\bcbcbcbc\ca-ES\data\已命名电影\SONE-616+五星+多人+娇小可爱清纯+高颜值+村上悠華+兒玉七海.mp4","Preview","","","Z:\bcbcbcbc\ca-ES\LocalMediaManager\Previews\SONE-616\SONE-616_011.jpg","位于标准化番号同名资源目录","90","RegisterImage","Safe","唯一高置信度实体，可在确认后建立或修正关联。","True","False"
"13246","1863","SONE-616","Z:\bcbcbcbc\ca-ES\data\已命名电影\SONE-616+五星+多人+娇小可爱清纯+高颜值+村上悠華+兒玉七海.mp4","Preview","","","Z:\bcbcbcbc\ca-ES\LocalMediaManager\Previews\SONE-616\SONE-616_012.jpg","位于标准化番号同名资源目录","90","RegisterImage","Safe","唯一高置信度实体，可在确认后建立或修正关联。","True","False"
"13246","1863","SONE-616","Z:\bcbcbcbc\ca-ES\data\已命名电影\SONE-616+五星+多人+娇小可爱清纯+高颜值+村上悠華+兒玉七海.mp4","Preview","","","Z:\bcbcbcbc\ca-ES\LocalMediaManager\Previews\SONE-616\SONE-616_013.jpg","位于标准化番号同名资源目录","90","RegisterImage","Safe","唯一高置信度实体，可在确认后建立或修正关联。","True","False"
"13246","1863","SONE-616","Z:\bcbcbcbc\ca-ES\data\已命名电影\SONE-616+五星+多人+娇小可爱清纯+高颜值+村上悠華+兒玉七海.mp4","Preview","","","Z:\bcbcbcbc\ca-ES\LocalMediaManager\Previews\SONE-616\SONE-616_014.jpg","位于标准化番号同名资源目录","90","RegisterImage","Safe","唯一高置信度实体，可在确认后建立或修正关联。","True","False"
"13246","1863","SONE-616","Z:\bcbcbcbc\ca-ES\data\已命名电影\SONE-616+五星+多人+娇小可爱清纯+高颜值+村上悠華+兒玉七海.mp4","Preview","","","Z:\bcbcbcbc\ca-ES\LocalMediaManager\Previews\SONE-616\SONE-616_015.jpg","位于标准化番号同名资源目录","90","RegisterImage","Safe","唯一高置信度实体，可在确认后建立或修正关联。","True","False"
"13246","1863","SONE-616","Z:\bcbcbcbc\ca-ES\data\已命名电影\SONE-616+五星+多人+娇小可爱清纯+高颜值+村上悠華+兒玉七海.mp4","Preview","","","Z:\bcbcbcbc\ca-ES\LocalMediaManager\Previews\SONE-616\SONE-616_016.jpg","位于标准化番号同名资源目录","90","RegisterImage","Safe","唯一高置信度实体，可在确认后建立或修正关联。","True","False"
"13246","1863","SONE-616","Z:\bcbcbcbc\ca-ES\data\已命名电影\SONE-616+五星+多人+娇小可爱清纯+高颜值+村上悠華+兒玉七海.mp4","Preview","","","Z:\bcbcbcbc\ca-ES\LocalMediaManager\Previews\SONE-616\SONE-616_017.jpg","位于标准化番号同名资源目录","90","RegisterImage","Safe","唯一高置信度实体，可在确认后建立或修正关联。","True","False"
"13246","1863","SONE-616","Z:\bcbcbcbc\ca-ES\data\已命名电影\SONE-616+五星+多人+娇小可爱清纯+高颜值+村上悠華+兒玉七海.mp4","Preview","","","Z:\bcbcbcbc\ca-ES\LocalMediaManager\Previews\SONE-616\SONE-616_018.jpg","位于标准化番号同名资源目录","90","RegisterImage","Safe","唯一高置信度实体，可在确认后建立或修正关联。","True","False"
"13246","1863","SONE-616","Z:\bcbcbcbc\ca-ES\data\已命名电影\SONE-616+五星+多人+娇小可爱清纯+高颜值+村上悠華+兒玉七海.mp4","Preview","","","Z:\bcbcbcbc\ca-ES\LocalMediaManager\Previews\SONE-616\SONE-616_019.jpg","位于标准化番号同名资源目录","90","RegisterImage","Safe","唯一高置信度实体，可在确认后建立或修正关联。","True","False"
"13246","1864","ABF-289","Z:\bcbcbcbc\ca-ES\data\已命名电影\ABF-289+四星+中森ななみ.mp4","Preview","","","Z:\bcbcbcbc\ca-ES\LocalMediaManager\Previews\ABF-289\ABF-289_001.jpg","位于标准化番号同名资源目录","90","RegisterImage","Safe","唯一高置信度实体，可在确认后建立或修正关联。","True","False"
"13246","1864","ABF-289","Z:\bcbcbcbc\ca-ES\data\已命名电影\ABF-289+四星+中森ななみ.mp4","Preview","","","Z:\bcbcbcbc\ca-ES\LocalMediaManager\Previews\ABF-289\ABF-289_002.jpg","位于标准化番号同名资源目录","90","RegisterImage","Safe","唯一高置信度实体，可在确认后建立或修正关联。","True","False"
"13246","1864","ABF-289","Z:\bcbcbcbc\ca-ES\data\已命名电影\ABF-289+四星+中森ななみ.mp4","Preview","","","Z:\bcbcbcbc\ca-ES\LocalMediaManager\Previews\ABF-289\ABF-289_003.jpg","位于标准化番号同名资源目录","90","RegisterImage","Safe","唯一高置信度实体，可在确认后建立或修正关联。","True","False"
"13246","1864","ABF-289","Z:\bcbcbcbc\ca-ES\data\已命名电影\ABF-289+四星+中森ななみ.mp4","Preview","","","Z:\bcbcbcbc\ca-ES\LocalMediaManager\Previews\ABF-289\ABF-289_004.jpg","位于标准化番号同名资源目录","90","RegisterImage","Safe","唯一高置信度实体，可在确认后建立或修正关联。","True","False"
"13246","1864","ABF-289","Z:\bcbcbcbc\ca-ES\data\已命名电影\ABF-289+四星+中森ななみ.mp4","Preview","","","Z:\bcbcbcbc\ca-ES\LocalMediaManager\Previews\ABF-289\ABF-289_005.jpg","位于标准化番号同名资源目录","90","RegisterImage","Safe","唯一高置信度实体，可在确认后建立或修正关联。","True","False"
"13246","1864","ABF-289","Z:\bcbcbcbc\ca-ES\data\已命名电影\ABF-289+四星+中森ななみ.mp4","Preview","","","Z:\bcbcbcbc\ca-ES\LocalMediaManager\Previews\ABF-289\ABF-289_006.jpg","位于标准化番号同名资源目录","90","RegisterImage","Safe","唯一高置信度实体，可在确认后建立或修正关联。","True","False"
"13246","2051","SNOS-079","Z:\bcbcbcbc\ca-ES\data\已命名电影\SNOS-079+五星+多人+娇小可爱清纯+高颜值+白上咲花.mp4","Preview","","","Z:\bcbcbcbc\ca-ES\LocalMediaManager\Previews\SNOS-079\SNOS-079_001.jpg","位于标准化番号同名资源目录","90","RegisterImage","Safe","唯一高置信度实体，可在确认后建立或修正关联。","True","False"
"13246","2051","SNOS-079","Z:\bcbcbcbc\ca-ES\data\已命名电影\SNOS-079+五星+多人+娇小可爱清纯+高颜值+白上咲花.mp4","Preview","","","Z:\bcbcbcbc\ca-ES\LocalMediaManager\Previews\SNOS-079\SNOS-079_002.jpg","位于标准化番号同名资源目录","90","RegisterImage","Safe","唯一高置信度实体，可在确认后建立或修正关联。","True","False"
"13246","2051","SNOS-079","Z:\bcbcbcbc\ca-ES\data\已命名电影\SNOS-079+五星+多人+娇小可爱清纯+高颜值+白上咲花.mp4","Preview","","","Z:\bcbcbcbc\ca-ES\LocalMediaManager\Previews\SNOS-079\SNOS-079_003.jpg","位于标准化番号同名资源目录","90","RegisterImage","Safe","唯一高置信度实体，可在确认后建立或修正关联。","True","False"
"13246","2051","SNOS-079","Z:\bcbcbcbc\ca-ES\data\已命名电影\SNOS-079+五星+多人+娇小可爱清纯+高颜值+白上咲花.mp4","Preview","","","Z:\bcbcbcbc\ca-ES\LocalMediaManager\Previews\SNOS-079\SNOS-079_004.jpg","位于标准化番号同名资源目录","90","RegisterImage","Safe","唯一高置信度实体，可在确认后建立或修正关联。","True","False"
"13246","2051","SNOS-079","Z:\bcbcbcbc\ca-ES\data\已命名电影\SNOS-079+五星+多人+娇小可爱清纯+高颜值+白上咲花.mp4","Preview","","","Z:\bcbcbcbc\ca-ES\LocalMediaManager\Previews\SNOS-079\SNOS-079_005.jpg","位于标准化番号同名资源目录","90","RegisterImage","Safe","唯一高置信度实体，可在确认后建立或修正关联。","True","False"
"13246","2051","SNOS-079","Z:\bcbcbcbc\ca-ES\data\已命名电影\SNOS-079+五星+多人+娇小可爱清纯+高颜值+白上咲花.mp4","Preview","","","Z:\bcbcbcbc\ca-ES\LocalMediaManager\Previews\SNOS-079\SNOS-079_006.jpg","位于标准化番号同名资源目录","90","RegisterImage","Safe","唯一高置信度实体，可在确认后建立或修正关联。","True","False"
"13246","2051","SNOS-079","Z:\bcbcbcbc\ca-ES\data\已命名电影\SNOS-079+五星+多人+娇小可爱清纯+高颜值+白上咲花.mp4","Preview","","","Z:\bcbcbcbc\ca-ES\LocalMediaManager\Previews\SNOS-079\SNOS-079_007.jpg","位于标准化番号同名资源目录","90","RegisterImage","Safe","唯一高置信度实体，可在确认后建立或修正关联。","True","False"
"13246","2051","SNOS-079","Z:\bcbcbcbc\ca-ES\data\已命名电影\SNOS-079+五星+多人+娇小可爱清纯+高颜值+白上咲花.mp4","Preview","","","Z:\bcbcbcbc\ca-ES\LocalMediaManager\Previews\SNOS-079\SNOS-079_008.jpg","位于标准化番号同名资源目录","90","RegisterImage","Safe","唯一高置信度实体，可在确认后建立或修正关联。","True","False"
"13246","2051","SNOS-079","Z:\bcbcbcbc\ca-ES\data\已命名电影\SNOS-079+五星+多人+娇小可爱清纯+高颜值+白上咲花.mp4","Preview","","","Z:\bcbcbcbc\ca-ES\LocalMediaManager\Previews\SNOS-079\SNOS-079_009.jpg","位于标准化番号同名资源目录","90","RegisterImage","Safe","唯一高置信度实体，可在确认后建立或修正关联。","True","False"
"13246","2051","SNOS-079","Z:\bcbcbcbc\ca-ES\data\已命名电影\SNOS-079+五星+多人+娇小可爱清纯+高颜值+白上咲花.mp4","Preview","","","Z:\bcbcbcbc\ca-ES\LocalMediaManager\Previews\SNOS-079\SNOS-079_010.jpg","位于标准化番号同名资源目录","90","RegisterImage","Safe","唯一高置信度实体，可在确认后建立或修正关联。","True","False"
"13246","2051","SNOS-079","Z:\bcbcbcbc\ca-ES\data\已命名电影\SNOS-079+五星+多人+娇小可爱清纯+高颜值+白上咲花.mp4","Preview","","","Z:\bcbcbcbc\ca-ES\LocalMediaManager\Previews\SNOS-079\SNOS-079_011.jpg","位于标准化番号同名资源目录","90","RegisterImage","Safe","唯一高置信度实体，可在确认后建立或修正关联。","True","False"
"13246","2051","SNOS-079","Z:\bcbcbcbc\ca-ES\data\已命名电影\SNOS-079+五星+多人+娇小可爱清纯+高颜值+白上咲花.mp4","Preview","","","Z:\bcbcbcbc\ca-ES\LocalMediaManager\Previews\SNOS-079\SNOS-079_012.jpg","位于标准化番号同名资源目录","90","RegisterImage","Safe","唯一高置信度实体，可在确认后建立或修正关联。","True","False"
"13246","2051","SNOS-079","Z:\bcbcbcbc\ca-ES\data\已命名电影\SNOS-079+五星+多人+娇小可爱清纯+高颜值+白上咲花.mp4","Preview","","","Z:\bcbcbcbc\ca-ES\LocalMediaManager\Previews\SNOS-079\SNOS-079_013.jpg","位于标准化番号同名资源目录","90","RegisterImage","Safe","唯一高置信度实体，可在确认后建立或修正关联。","True","False"
"13246","2051","SNOS-079","Z:\bcbcbcbc\ca-ES\data\已命名电影\SNOS-079+五星+多人+娇小可爱清纯+高颜值+白上咲花.mp4","Preview","","","Z:\bcbcbcbc\ca-ES\LocalMediaManager\Previews\SNOS-079\SNOS-079_014.jpg","位于标准化番号同名资源目录","90","RegisterImage","Safe","唯一高置信度实体，可在确认后建立或修正关联。","True","False"
"13246","2051","SNOS-079","Z:\bcbcbcbc\ca-ES\data\已命名电影\SNOS-079+五星+多人+娇小可爱清纯+高颜值+白上咲花.mp4","Preview","","","Z:\bcbcbcbc\ca-ES\LocalMediaManager\Previews\SNOS-079\SNOS-079_015.jpg","位于标准化番号同名资源目录","90","RegisterImage","Safe","唯一高置信度实体，可在确认后建立或修正关联。","True","False"
"13246","2051","SNOS-079","Z:\bcbcbcbc\ca-ES\data\已命名电影\SNOS-079+五星+多人+娇小可爱清纯+高颜值+白上咲花.mp4","Preview","","","Z:\bcbcbcbc\ca-ES\LocalMediaManager\Previews\SNOS-079\SNOS-079_016.jpg","位于标准化番号同名资源目录","90","RegisterImage","Safe","唯一高置信度实体，可在确认后建立或修正关联。","True","False"
"13246","2051","SNOS-079","Z:\bcbcbcbc\ca-ES\data\已命名电影\SNOS-079+五星+多人+娇小可爱清纯+高颜值+白上咲花.mp4","Preview","","","Z:\bcbcbcbc\ca-ES\LocalMediaManager\Previews\SNOS-079\SNOS-079_017.jpg","位于标准化番号同名资源目录","90","RegisterImage","Safe","唯一高置信度实体，可在确认后建立或修正关联。","True","False"
"13246","2051","SNOS-079","Z:\bcbcbcbc\ca-ES\data\已命名电影\SNOS-079+五星+多人+娇小可爱清纯+高颜值+白上咲花.mp4","Preview","","","Z:\bcbcbcbc\ca-ES\LocalMediaManager\Previews\SNOS-079\SNOS-079_018.jpg","位于标准化番号同名资源目录","90","RegisterImage","Safe","唯一高置信度实体，可在确认后建立或修正关联。","True","False"
"13246","2052","ABF-252","Z:\bcbcbcbc\ca-ES\data\已命名电影\ABF-252+五星+制服+持续输出+高颜值+七嶋舞.mp4","Preview","","","Z:\bcbcbcbc\ca-ES\LocalMediaManager\Previews\ABF-252\01.jpg","实体已登记到 MovieId 4332，禁止自动复用","70","ManualReview","LowConfidence","置信度低于 80，仅供人工核对。","False","False"
"13246","2052","ABF-252","Z:\bcbcbcbc\ca-ES\data\已命名电影\ABF-252+五星+制服+持续输出+高颜值+七嶋舞.mp4","Preview","","","Z:\bcbcbcbc\ca-ES\LocalMediaManager\Previews\ABF-252\02.jpg","实体已登记到 MovieId 4332，禁止自动复用","70","ManualReview","LowConfidence","置信度低于 80，仅供人工核对。","False","False"
"13246","2052","ABF-252","Z:\bcbcbcbc\ca-ES\data\已命名电影\ABF-252+五星+制服+持续输出+高颜值+七嶋舞.mp4","Preview","","","Z:\bcbcbcbc\ca-ES\LocalMediaManager\Previews\ABF-252\03.jpg","实体已登记到 MovieId 4332，禁止自动复用","70","ManualReview","LowConfidence","置信度低于 80，仅供人工核对。","False","False"
"13246","2052","ABF-252","Z:\bcbcbcbc\ca-ES\data\已命名电影\ABF-252+五星+制服+持续输出+高颜值+七嶋舞.mp4","Preview","","","Z:\bcbcbcbc\ca-ES\LocalMediaManager\Previews\ABF-252\04.jpg","实体已登记到 MovieId 4332，禁止自动复用","70","ManualReview","LowConfidence","置信度低于 80，仅供人工核对。","False","False"
"13246","2052","ABF-252","Z:\bcbcbcbc\ca-ES\data\已命名电影\ABF-252+五星+制服+持续输出+高颜值+七嶋舞.mp4","Preview","","","Z:\bcbcbcbc\ca-ES\LocalMediaManager\Previews\ABF-252\05.jpg","实体已登记到 MovieId 4332，禁止自动复用","70","ManualReview","LowConfidence","置信度低于 80，仅供人工核对。","False","False"
"13246","2052","ABF-252","Z:\bcbcbcbc\ca-ES\data\已命名电影\ABF-252+五星+制服+持续输出+高颜值+七嶋舞.mp4","Preview","","","Z:\bcbcbcbc\ca-ES\LocalMediaManager\Previews\ABF-252\06.jpg","实体已登记到 MovieId 4332，禁止自动复用","70","ManualReview","LowConfidence","置信度低于 80，仅供人工核对。","False","False"
"13246","2052","ABF-252","Z:\bcbcbcbc\ca-ES\data\已命名电影\ABF-252+五星+制服+持续输出+高颜值+七嶋舞.mp4","Preview","","","Z:\bcbcbcbc\ca-ES\LocalMediaManager\Previews\ABF-252\07.jpg","实体已登记到 MovieId 4332，禁止自动复用","70","ManualReview","LowConfidence","置信度低于 80，仅供人工核对。","False","False"
"13246","2052","ABF-252","Z:\bcbcbcbc\ca-ES\data\已命名电影\ABF-252+五星+制服+持续输出+高颜值+七嶋舞.mp4","Preview","","","Z:\bcbcbcbc\ca-ES\LocalMediaManager\Previews\ABF-252\08.jpg","实体已登记到 MovieId 4332，禁止自动复用","70","ManualReview","LowConfidence","置信度低于 80，仅供人工核对。","False","False"
"13246","2052","ABF-252","Z:\bcbcbcbc\ca-ES\data\已命名电影\ABF-252+五星+制服+持续输出+高颜值+七嶋舞.mp4","Preview","","","Z:\bcbcbcbc\ca-ES\LocalMediaManager\Previews\ABF-252\09.jpg","实体已登记到 MovieId 4332，禁止自动复用","70","ManualReview","LowConfidence","置信度低于 80，仅供人工核对。","False","False"
"13246","2052","ABF-252","Z:\bcbcbcbc\ca-ES\data\已命名电影\ABF-252+五星+制服+持续输出+高颜值+七嶋舞.mp4","Preview","","","Z:\bcbcbcbc\ca-ES\LocalMediaManager\Previews\ABF-252\10.jpg","实体已登记到 MovieId 4332，禁止自动复用","70","ManualReview","LowConfidence","置信度低于 80，仅供人工核对。","False","False"
"13246","2052","ABF-252","Z:\bcbcbcbc\ca-ES\data\已命名电影\ABF-252+五星+制服+持续输出+高颜值+七嶋舞.mp4","Preview","","","Z:\bcbcbcbc\ca-ES\LocalMediaManager\Previews\ABF-252\11.jpg","实体已登记到 MovieId 4332，禁止自动复用","70","ManualReview","LowConfidence","置信度低于 80，仅供人工核对。","False","False"
"13246","2052","ABF-252","Z:\bcbcbcbc\ca-ES\data\已命名电影\ABF-252+五星+制服+持续输出+高颜值+七嶋舞.mp4","Preview","","","Z:\bcbcbcbc\ca-ES\LocalMediaManager\Previews\ABF-252\12.jpg","实体已登记到 MovieId 4332，禁止自动复用","70","ManualReview","LowConfidence","置信度低于 80，仅供人工核对。","False","False"
"13246","2052","ABF-252","Z:\bcbcbcbc\ca-ES\data\已命名电影\ABF-252+五星+制服+持续输出+高颜值+七嶋舞.mp4","Preview","","","Z:\bcbcbcbc\ca-ES\LocalMediaManager\Previews\ABF-252\13.jpg","实体已登记到 MovieId 4332，禁止自动复用","70","ManualReview","LowConfidence","置信度低于 80，仅供人工核对。","False","False"
"13246","2052","ABF-252","Z:\bcbcbcbc\ca-ES\data\已命名电影\ABF-252+五星+制服+持续输出+高颜值+七嶋舞.mp4","Preview","","","Z:\bcbcbcbc\ca-ES\LocalMediaManager\Previews\ABF-252\14.jpg","实体已登记到 MovieId 4332，禁止自动复用","70","ManualReview","LowConfidence","置信度低于 80，仅供人工核对。","False","False"
"13246","2052","ABF-252","Z:\bcbcbcbc\ca-ES\data\已命名电影\ABF-252+五星+制服+持续输出+高颜值+七嶋舞.mp4","Preview","","","Z:\bcbcbcbc\ca-ES\LocalMediaManager\Previews\ABF-252\15.jpg","实体已登记到 MovieId 4332，禁止自动复用","70","ManualReview","LowConfidence","置信度低于 80，仅供人工核对。","False","False"
"13246","2052","ABF-252","Z:\bcbcbcbc\ca-ES\data\已命名电影\ABF-252+五星+制服+持续输出+高颜值+七嶋舞.mp4","Preview","","","Z:\bcbcbcbc\ca-ES\LocalMediaManager\Previews\ABF-252\16.jpg","实体已登记到 MovieId 4332，禁止自动复用","70","ManualReview","LowConfidence","置信度低于 80，仅供人工核对。","False","False"
"13246","2052","ABF-252","Z:\bcbcbcbc\ca-ES\data\已命名电影\ABF-252+五星+制服+持续输出+高颜值+七嶋舞.mp4","Preview","","","Z:\bcbcbcbc\ca-ES\LocalMediaManager\Previews\ABF-252\17.jpg","实体已登记到 MovieId 4332，禁止自动复用","70","ManualReview","LowConfidence","置信度低于 80，仅供人工核对。","False","False"
"13246","2052","ABF-252","Z:\bcbcbcbc\ca-ES\data\已命名电影\ABF-252+五星+制服+持续输出+高颜值+七嶋舞.mp4","Preview","","","Z:\bcbcbcbc\ca-ES\LocalMediaManager\Previews\ABF-252\18.jpg","实体已登记到 MovieId 4332，禁止自动复用","70","ManualReview","LowConfidence","置信度低于 80，仅供人工核对。","False","False"
"13246","2052","ABF-252","Z:\bcbcbcbc\ca-ES\data\已命名电影\ABF-252+五星+制服+持续输出+高颜值+七嶋舞.mp4","Preview","","","Z:\bcbcbcbc\ca-ES\LocalMediaManager\Previews\ABF-252\19.jpg","实体已登记到 MovieId 4332，禁止自动复用","70","ManualReview","LowConfidence","置信度低于 80，仅供人工核对。","False","False"
"13246","2052","ABF-252","Z:\bcbcbcbc\ca-ES\data\已命名电影\ABF-252+五星+制服+持续输出+高颜值+七嶋舞.mp4","Preview","","","Z:\bcbcbcbc\ca-ES\LocalMediaManager\Previews\ABF-252\20.jpg","实体已登记到 MovieId 4332，禁止自动复用","70","ManualReview","LowConfidence","置信度低于 80，仅供人工核对。","False","False"
"13246","2052","ABF-252","Z:\bcbcbcbc\ca-ES\data\已命名电影\ABF-252+五星+制服+持续输出+高颜值+七嶋舞.mp4","Preview","","","Z:\bcbcbcbc\ca-ES\LocalMediaManager\Previews\ABF-252\21.jpg","实体已登记到 MovieId 4332，禁止自动复用","70","ManualReview","LowConfidence","置信度低于 80，仅供人工核对。","False","False"
"13246","2052","ABF-252","Z:\bcbcbcbc\ca-ES\data\已命名电影\ABF-252+五星+制服+持续输出+高颜值+七嶋舞.mp4","Preview","","","Z:\bcbcbcbc\ca-ES\LocalMediaManager\Previews\ABF-252\22.jpg","实体已登记到 MovieId 4332，禁止自动复用","70","ManualReview","LowConfidence","置信度低于 80，仅供人工核对。","False","False"
"13246","2052","ABF-252","Z:\bcbcbcbc\ca-ES\data\已命名电影\ABF-252+五星+制服+持续输出+高颜值+七嶋舞.mp4","Preview","","","Z:\bcbcbcbc\ca-ES\LocalMediaManager\Previews\ABF-252\23.jpg","实体已登记到 MovieId 4332，禁止自动复用","70","ManualReview","LowConfidence","置信度低于 80，仅供人工核对。","False","False"
"13246","2052","ABF-252","Z:\bcbcbcbc\ca-ES\data\已命名电影\ABF-252+五星+制服+持续输出+高颜值+七嶋舞.mp4","Preview","","","Z:\bcbcbcbc\ca-ES\LocalMediaManager\Previews\ABF-252\24.jpg","实体已登记到 MovieId 4332，禁止自动复用","70","ManualReview","LowConfidence","置信度低于 80，仅供人工核对。","False","False"
"13246","2070","SNOS-152","E:\完成\SNOS-152+四星.mp4","Preview","","","Z:\bcbcbcbc\ca-ES\LocalMediaManager\Previews\SNOS-152\01.jpg","实体已登记到 MovieId 3286，禁止自动复用","70","ManualReview","LowConfidence","置信度低于 80，仅供人工核对。","False","False"
"13246","2070","SNOS-152","E:\完成\SNOS-152+四星.mp4","Preview","","","Z:\bcbcbcbc\ca-ES\LocalMediaManager\Previews\SNOS-152\02.jpg","实体已登记到 MovieId 3286，禁止自动复用","70","ManualReview","LowConfidence","置信度低于 80，仅供人工核对。","False","False"
"13246","2070","SNOS-152","E:\完成\SNOS-152+四星.mp4","Preview","","","Z:\bcbcbcbc\ca-ES\LocalMediaManager\Previews\SNOS-152\03.jpg","实体已登记到 MovieId 3286，禁止自动复用","70","ManualReview","LowConfidence","置信度低于 80，仅供人工核对。","False","False"
"13246","2070","SNOS-152","E:\完成\SNOS-152+四星.mp4","Preview","","","Z:\bcbcbcbc\ca-ES\LocalMediaManager\Previews\SNOS-152\04.jpg","实体已登记到 MovieId 3286，禁止自动复用","70","ManualReview","LowConfidence","置信度低于 80，仅供人工核对。","False","False"
"13246","2070","SNOS-152","E:\完成\SNOS-152+四星.mp4","Preview","","","Z:\bcbcbcbc\ca-ES\LocalMediaManager\Previews\SNOS-152\05.jpg","实体已登记到 MovieId 3286，禁止自动复用","70","ManualReview","LowConfidence","置信度低于 80，仅供人工核对。","False","False"
"13246","2070","SNOS-152","E:\完成\SNOS-152+四星.mp4","Preview","","","Z:\bcbcbcbc\ca-ES\LocalMediaManager\Previews\SNOS-152\06.jpg","实体已登记到 MovieId 3286，禁止自动复用","70","ManualReview","LowConfidence","置信度低于 80，仅供人工核对。","False","False"
"13246","2070","SNOS-152","E:\完成\SNOS-152+四星.mp4","Preview","","","Z:\bcbcbcbc\ca-ES\LocalMediaManager\Previews\SNOS-152\07.jpg","实体已登记到 MovieId 3286，禁止自动复用","70","ManualReview","LowConfidence","置信度低于 80，仅供人工核对。","False","False"
"13246","2070","SNOS-152","E:\完成\SNOS-152+四星.mp4","Preview","","","Z:\bcbcbcbc\ca-ES\LocalMediaManager\Previews\SNOS-152\08.jpg","实体已登记到 MovieId 3286，禁止自动复用","70","ManualReview","LowConfidence","置信度低于 80，仅供人工核对。","False","False"
"13246","2070","SNOS-152","E:\完成\SNOS-152+四星.mp4","Preview","","","Z:\bcbcbcbc\ca-ES\LocalMediaManager\Previews\SNOS-152\09.jpg","实体已登记到 MovieId 3286，禁止自动复用","70","ManualReview","LowConfidence","置信度低于 80，仅供人工核对。","False","False"
"13246","2070","SNOS-152","E:\完成\SNOS-152+四星.mp4","Preview","","","Z:\bcbcbcbc\ca-ES\LocalMediaManager\Previews\SNOS-152\10.jpg","实体已登记到 MovieId 3286，禁止自动复用","70","ManualReview","LowConfidence","置信度低于 80，仅供人工核对。","False","False"
"13246","2070","SNOS-152","E:\完成\SNOS-152+四星.mp4","Preview","","","Z:\bcbcbcbc\ca-ES\LocalMediaManager\Previews\SNOS-152\11.jpg","实体已登记到 MovieId 3286，禁止自动复用","70","ManualReview","LowConfidence","置信度低于 80，仅供人工核对。","False","False"
"13246","2070","SNOS-152","E:\完成\SNOS-152+四星.mp4","Preview","","","Z:\bcbcbcbc\ca-ES\LocalMediaManager\Previews\SNOS-152\12.jpg","实体已登记到 MovieId 3286，禁止自动复用","70","ManualReview","LowConfidence","置信度低于 80，仅供人工核对。","False","False"
"13246","2070","SNOS-152","E:\完成\SNOS-152+四星.mp4","Preview","","","Z:\bcbcbcbc\ca-ES\LocalMediaManager\Previews\SNOS-152\13.jpg","实体已登记到 MovieId 3286，禁止自动复用","70","ManualReview","LowConfidence","置信度低于 80，仅供人工核对。","False","False"
"13246","2070","SNOS-152","E:\完成\SNOS-152+四星.mp4","Preview","","","Z:\bcbcbcbc\ca-ES\LocalMediaManager\Previews\SNOS-152\14.jpg","实体已登记到 MovieId 3286，禁止自动复用","70","ManualReview","LowConfidence","置信度低于 80，仅供人工核对。","False","False"
"13246","2162","ABW-087","Z:\bcbcbcbc\ca-ES\data\已命名电影\ABW-087+五星+持续输出+高颜值+涼森れむ.mp4","Preview","","","Z:\bcbcbcbc\ca-ES\LocalMediaManager\Previews\ABW-087\01.jpg","位于标准化番号同名资源目录","90","RegisterImage","Safe","唯一高置信度实体，可在确认后建立或修正关联。","True","False"
"13246","2162","ABW-087","Z:\bcbcbcbc\ca-ES\data\已命名电影\ABW-087+五星+持续输出+高颜值+涼森れむ.mp4","Preview","","","Z:\bcbcbcbc\ca-ES\LocalMediaManager\Previews\ABW-087\02.jpg","位于标准化番号同名资源目录","90","RegisterImage","Safe","唯一高置信度实体，可在确认后建立或修正关联。","True","False"
"13246","2162","ABW-087","Z:\bcbcbcbc\ca-ES\data\已命名电影\ABW-087+五星+持续输出+高颜值+涼森れむ.mp4","Preview","","","Z:\bcbcbcbc\ca-ES\LocalMediaManager\Previews\ABW-087\03.jpg","位于标准化番号同名资源目录","90","RegisterImage","Safe","唯一高置信度实体，可在确认后建立或修正关联。","True","False"
"13246","2162","ABW-087","Z:\bcbcbcbc\ca-ES\data\已命名电影\ABW-087+五星+持续输出+高颜值+涼森れむ.mp4","Preview","","","Z:\bcbcbcbc\ca-ES\LocalMediaManager\Previews\ABW-087\04.jpg","位于标准化番号同名资源目录","90","RegisterImage","Safe","唯一高置信度实体，可在确认后建立或修正关联。","True","False"
"13246","2162","ABW-087","Z:\bcbcbcbc\ca-ES\data\已命名电影\ABW-087+五星+持续输出+高颜值+涼森れむ.mp4","Preview","","","Z:\bcbcbcbc\ca-ES\LocalMediaManager\Previews\ABW-087\05.jpg","位于标准化番号同名资源目录","90","RegisterImage","Safe","唯一高置信度实体，可在确认后建立或修正关联。","True","False"
"13246","2162","ABW-087","Z:\bcbcbcbc\ca-ES\data\已命名电影\ABW-087+五星+持续输出+高颜值+涼森れむ.mp4","Preview","","","Z:\bcbcbcbc\ca-ES\LocalMediaManager\Previews\ABW-087\06.jpg","位于标准化番号同名资源目录","90","RegisterImage","Safe","唯一高置信度实体，可在确认后建立或修正关联。","True","False"
"13246","2162","ABW-087","Z:\bcbcbcbc\ca-ES\data\已命名电影\ABW-087+五星+持续输出+高颜值+涼森れむ.mp4","Preview","","","Z:\bcbcbcbc\ca-ES\LocalMediaManager\Previews\ABW-087\07.jpg","位于标准化番号同名资源目录","90","RegisterImage","Safe","唯一高置信度实体，可在确认后建立或修正关联。","True","False"
"13246","2162","ABW-087","Z:\bcbcbcbc\ca-ES\data\已命名电影\ABW-087+五星+持续输出+高颜值+涼森れむ.mp4","Preview","","","Z:\bcbcbcbc\ca-ES\LocalMediaManager\Previews\ABW-087\08.jpg","位于标准化番号同名资源目录","90","RegisterImage","Safe","唯一高置信度实体，可在确认后建立或修正关联。","True","False"
"13246","2162","ABW-087","Z:\bcbcbcbc\ca-ES\data\已命名电影\ABW-087+五星+持续输出+高颜值+涼森れむ.mp4","Preview","","","Z:\bcbcbcbc\ca-ES\LocalMediaManager\Previews\ABW-087\09.jpg","位于标准化番号同名资源目录","90","RegisterImage","Safe","唯一高置信度实体，可在确认后建立或修正关联。","True","False"
"13246","2162","ABW-087","Z:\bcbcbcbc\ca-ES\data\已命名电影\ABW-087+五星+持续输出+高颜值+涼森れむ.mp4","Preview","","","Z:\bcbcbcbc\ca-ES\LocalMediaManager\Previews\ABW-087\10.jpg","位于标准化番号同名资源目录","90","RegisterImage","Safe","唯一高置信度实体，可在确认后建立或修正关联。","True","False"
"13246","2162","ABW-087","Z:\bcbcbcbc\ca-ES\data\已命名电影\ABW-087+五星+持续输出+高颜值+涼森れむ.mp4","Preview","","","Z:\bcbcbcbc\ca-ES\LocalMediaManager\Previews\ABW-087\11.jpg","位于标准化番号同名资源目录","90","RegisterImage","Safe","唯一高置信度实体，可在确认后建立或修正关联。","True","False"
"13246","2162","ABW-087","Z:\bcbcbcbc\ca-ES\data\已命名电影\ABW-087+五星+持续输出+高颜值+涼森れむ.mp4","Preview","","","Z:\bcbcbcbc\ca-ES\LocalMediaManager\Previews\ABW-087\12.jpg","位于标准化番号同名资源目录","90","RegisterImage","Safe","唯一高置信度实体，可在确认后建立或修正关联。","True","False"
"13246","2577","ABW-209","Z:\bcbcbcbc\ca-ES\data\未分类\ABW-209.mp4","Preview","","","Z:\bcbcbcbc\ca-ES\LocalMediaManager\Previews\ABW-209\01.jpg","位于标准化番号同名资源目录","90","RegisterImage","Safe","唯一高置信度实体，可在确认后建立或修正关联。","True","False"
"13246","2577","ABW-209","Z:\bcbcbcbc\ca-ES\data\未分类\ABW-209.mp4","Preview","","","Z:\bcbcbcbc\ca-ES\LocalMediaManager\Previews\ABW-209\02.jpg","位于标准化番号同名资源目录","90","RegisterImage","Safe","唯一高置信度实体，可在确认后建立或修正关联。","True","False"
"13246","2577","ABW-209","Z:\bcbcbcbc\ca-ES\data\未分类\ABW-209.mp4","Preview","","","Z:\bcbcbcbc\ca-ES\LocalMediaManager\Previews\ABW-209\03.jpg","位于标准化番号同名资源目录","90","RegisterImage","Safe","唯一高置信度实体，可在确认后建立或修正关联。","True","False"
"13246","2577","ABW-209","Z:\bcbcbcbc\ca-ES\data\未分类\ABW-209.mp4","Preview","","","Z:\bcbcbcbc\ca-ES\LocalMediaManager\Previews\ABW-209\04.jpg","位于标准化番号同名资源目录","90","RegisterImage","Safe","唯一高置信度实体，可在确认后建立或修正关联。","True","False"
"13246","2577","ABW-209","Z:\bcbcbcbc\ca-ES\data\未分类\ABW-209.mp4","Preview","","","Z:\bcbcbcbc\ca-ES\LocalMediaManager\Previews\ABW-209\05.jpg","位于标准化番号同名资源目录","90","RegisterImage","Safe","唯一高置信度实体，可在确认后建立或修正关联。","True","False"
"13246","2577","ABW-209","Z:\bcbcbcbc\ca-ES\data\未分类\ABW-209.mp4","Preview","","","Z:\bcbcbcbc\ca-ES\LocalMediaManager\Previews\ABW-209\06.jpg","位于标准化番号同名资源目录","90","RegisterImage","Safe","唯一高置信度实体，可在确认后建立或修正关联。","True","False"
"13246","2577","ABW-209","Z:\bcbcbcbc\ca-ES\data\未分类\ABW-209.mp4","Preview","","","Z:\bcbcbcbc\ca-ES\LocalMediaManager\Previews\ABW-209\07.jpg","位于标准化番号同名资源目录","90","RegisterImage","Safe","唯一高置信度实体，可在确认后建立或修正关联。","True","False"
"13246","2577","ABW-209","Z:\bcbcbcbc\ca-ES\data\未分类\ABW-209.mp4","Preview","","","Z:\bcbcbcbc\ca-ES\LocalMediaManager\Previews\ABW-209\08.jpg","位于标准化番号同名资源目录","90","RegisterImage","Safe","唯一高置信度实体，可在确认后建立或修正关联。","True","False"
"13246","2577","ABW-209","Z:\bcbcbcbc\ca-ES\data\未分类\ABW-209.mp4","Preview","","","Z:\bcbcbcbc\ca-ES\LocalMediaManager\Previews\ABW-209\09.jpg","位于标准化番号同名资源目录","90","RegisterImage","Safe","唯一高置信度实体，可在确认后建立或修正关联。","True","False"
"13246","2577","ABW-209","Z:\bcbcbcbc\ca-ES\data\未分类\ABW-209.mp4","Preview","","","Z:\bcbcbcbc\ca-ES\LocalMediaManager\Previews\ABW-209\10.jpg","位于标准化番号同名资源目录","90","RegisterImage","Safe","唯一高置信度实体，可在确认后建立或修正关联。","True","False"
"13246","2577","ABW-209","Z:\bcbcbcbc\ca-ES\data\未分类\ABW-209.mp4","Preview","","","Z:\bcbcbcbc\ca-ES\LocalMediaManager\Previews\ABW-209\11.jpg","位于标准化番号同名资源目录","90","RegisterImage","Safe","唯一高置信度实体，可在确认后建立或修正关联。","True","False"
"13246","2577","ABW-209","Z:\bcbcbcbc\ca-ES\data\未分类\ABW-209.mp4","Preview","","","Z:\bcbcbcbc\ca-ES\LocalMediaManager\Previews\ABW-209\12.jpg","位于标准化番号同名资源目录","90","RegisterImage","Safe","唯一高置信度实体，可在确认后建立或修正关联。","True","False"
"13246","2733","MRSS-137","Z:\bcbcbcbc\ca-ES\data\未分类\MRSS-137.mp4","Preview","","","Z:\bcbcbcbc\ca-ES\LocalMediaManager\Previews\MRSS-137\01.jpg","实体已登记到 MovieId 2732，禁止自动复用","70","ManualReview","LowConfidence","置信度低于 80，仅供人工核对。","False","False"
"13246","2733","MRSS-137","Z:\bcbcbcbc\ca-ES\data\未分类\MRSS-137.mp4","Preview","","","Z:\bcbcbcbc\ca-ES\LocalMediaManager\Previews\MRSS-137\02.jpg","实体已登记到 MovieId 2732，禁止自动复用","70","ManualReview","LowConfidence","置信度低于 80，仅供人工核对。","False","False"
"13246","2733","MRSS-137","Z:\bcbcbcbc\ca-ES\data\未分类\MRSS-137.mp4","Preview","","","Z:\bcbcbcbc\ca-ES\LocalMediaManager\Previews\MRSS-137\03.jpg","实体已登记到 MovieId 2732，禁止自动复用","70","ManualReview","LowConfidence","置信度低于 80，仅供人工核对。","False","False"
"13246","2733","MRSS-137","Z:\bcbcbcbc\ca-ES\data\未分类\MRSS-137.mp4","Preview","","","Z:\bcbcbcbc\ca-ES\LocalMediaManager\Previews\MRSS-137\04.jpg","实体已登记到 MovieId 2732，禁止自动复用","70","ManualReview","LowConfidence","置信度低于 80，仅供人工核对。","False","False"
"13246","2733","MRSS-137","Z:\bcbcbcbc\ca-ES\data\未分类\MRSS-137.mp4","Preview","","","Z:\bcbcbcbc\ca-ES\LocalMediaManager\Previews\MRSS-137\05.jpg","实体已登记到 MovieId 2732，禁止自动复用","70","ManualReview","LowConfidence","置信度低于 80，仅供人工核对。","False","False"
"13246","2733","MRSS-137","Z:\bcbcbcbc\ca-ES\data\未分类\MRSS-137.mp4","Preview","","","Z:\bcbcbcbc\ca-ES\LocalMediaManager\Previews\MRSS-137\06.jpg","实体已登记到 MovieId 2732，禁止自动复用","70","ManualReview","LowConfidence","置信度低于 80，仅供人工核对。","False","False"
"13246","2733","MRSS-137","Z:\bcbcbcbc\ca-ES\data\未分类\MRSS-137.mp4","Preview","","","Z:\bcbcbcbc\ca-ES\LocalMediaManager\Previews\MRSS-137\07.jpg","实体已登记到 MovieId 2732，禁止自动复用","70","ManualReview","LowConfidence","置信度低于 80，仅供人工核对。","False","False"
"13246","2733","MRSS-137","Z:\bcbcbcbc\ca-ES\data\未分类\MRSS-137.mp4","Preview","","","Z:\bcbcbcbc\ca-ES\LocalMediaManager\Previews\MRSS-137\08.jpg","实体已登记到 MovieId 2732，禁止自动复用","70","ManualReview","LowConfidence","置信度低于 80，仅供人工核对。","False","False"
"13246","2733","MRSS-137","Z:\bcbcbcbc\ca-ES\data\未分类\MRSS-137.mp4","Preview","","","Z:\bcbcbcbc\ca-ES\LocalMediaManager\Previews\MRSS-137\09.jpg","实体已登记到 MovieId 2732，禁止自动复用","70","ManualReview","LowConfidence","置信度低于 80，仅供人工核对。","False","False"
"13246","2733","MRSS-137","Z:\bcbcbcbc\ca-ES\data\未分类\MRSS-137.mp4","Preview","","","Z:\bcbcbcbc\ca-ES\LocalMediaManager\Previews\MRSS-137\10.jpg","实体已登记到 MovieId 2732，禁止自动复用","70","ManualReview","LowConfidence","置信度低于 80，仅供人工核对。","False","False"
"13246","2733","MRSS-137","Z:\bcbcbcbc\ca-ES\data\未分类\MRSS-137.mp4","Preview","","","Z:\bcbcbcbc\ca-ES\LocalMediaManager\Previews\MRSS-137\11.jpg","实体已登记到 MovieId 2732，禁止自动复用","70","ManualReview","LowConfidence","置信度低于 80，仅供人工核对。","False","False"
"13246","2733","MRSS-137","Z:\bcbcbcbc\ca-ES\data\未分类\MRSS-137.mp4","Preview","","","Z:\bcbcbcbc\ca-ES\LocalMediaManager\Previews\MRSS-137\12.jpg","实体已登记到 MovieId 2732，禁止自动复用","70","ManualReview","LowConfidence","置信度低于 80，仅供人工核对。","False","False"
"13246","2733","MRSS-137","Z:\bcbcbcbc\ca-ES\data\未分类\MRSS-137.mp4","Preview","","","Z:\bcbcbcbc\ca-ES\LocalMediaManager\Previews\MRSS-137\13.jpg","实体已登记到 MovieId 2732，禁止自动复用","70","ManualReview","LowConfidence","置信度低于 80，仅供人工核对。","False","False"
"13246","2733","MRSS-137","Z:\bcbcbcbc\ca-ES\data\未分类\MRSS-137.mp4","Preview","","","Z:\bcbcbcbc\ca-ES\LocalMediaManager\Previews\MRSS-137\14.jpg","实体已登记到 MovieId 2732，禁止自动复用","70","ManualReview","LowConfidence","置信度低于 80，仅供人工核对。","False","False"
"13246","2733","MRSS-137","Z:\bcbcbcbc\ca-ES\data\未分类\MRSS-137.mp4","Preview","","","Z:\bcbcbcbc\ca-ES\LocalMediaManager\Previews\MRSS-137\15.jpg","实体已登记到 MovieId 2732，禁止自动复用","70","ManualReview","LowConfidence","置信度低于 80，仅供人工核对。","False","False"
"13246","2733","MRSS-137","Z:\bcbcbcbc\ca-ES\data\未分类\MRSS-137.mp4","Preview","","","Z:\bcbcbcbc\ca-ES\LocalMediaManager\Previews\MRSS-137\16.jpg","实体已登记到 MovieId 2732，禁止自动复用","70","ManualReview","LowConfidence","置信度低于 80，仅供人工核对。","False","False"
"13246","2733","MRSS-137","Z:\bcbcbcbc\ca-ES\data\未分类\MRSS-137.mp4","Preview","","","Z:\bcbcbcbc\ca-ES\LocalMediaManager\Previews\MRSS-137\17.jpg","实体已登记到 MovieId 2732，禁止自动复用","70","ManualReview","LowConfidence","置信度低于 80，仅供人工核对。","False","False"
"13246","2733","MRSS-137","Z:\bcbcbcbc\ca-ES\data\未分类\MRSS-137.mp4","Preview","","","Z:\bcbcbcbc\ca-ES\LocalMediaManager\Previews\MRSS-137\18.jpg","实体已登记到 MovieId 2732，禁止自动复用","70","ManualReview","LowConfidence","置信度低于 80，仅供人工核对。","False","False"
"13246","2733","MRSS-137","Z:\bcbcbcbc\ca-ES\data\未分类\MRSS-137.mp4","Preview","","","Z:\bcbcbcbc\ca-ES\LocalMediaManager\Previews\MRSS-137\19.jpg","实体已登记到 MovieId 2732，禁止自动复用","70","ManualReview","LowConfidence","置信度低于 80，仅供人工核对。","False","False"
"13246","2733","MRSS-137","Z:\bcbcbcbc\ca-ES\data\未分类\MRSS-137.mp4","Preview","","","Z:\bcbcbcbc\ca-ES\LocalMediaManager\Previews\MRSS-137\20.jpg","实体已登记到 MovieId 2732，禁止自动复用","70","ManualReview","LowConfidence","置信度低于 80，仅供人工核对。","False","False"
"13246","2743","PGD-287","Z:\bcbcbcbc\ca-ES\data\未分类\PGD-287.avi","Preview","","","Z:\bcbcbcbc\ca-ES\LocalMediaManager\Previews\PGD-287\PGD-287_001.jpg","位于标准化番号同名资源目录","90","RegisterImage","Safe","唯一高置信度实体，可在确认后建立或修正关联。","True","False"
"13246","2743","PGD-287","Z:\bcbcbcbc\ca-ES\data\未分类\PGD-287.avi","Preview","","","Z:\bcbcbcbc\ca-ES\LocalMediaManager\Previews\PGD-287\PGD-287_002.jpg","位于标准化番号同名资源目录","90","RegisterImage","Safe","唯一高置信度实体，可在确认后建立或修正关联。","True","False"
"13246","2743","PGD-287","Z:\bcbcbcbc\ca-ES\data\未分类\PGD-287.avi","Preview","","","Z:\bcbcbcbc\ca-ES\LocalMediaManager\Previews\PGD-287\PGD-287_003.jpg","位于标准化番号同名资源目录","90","RegisterImage","Safe","唯一高置信度实体，可在确认后建立或修正关联。","True","False"
"13246","2743","PGD-287","Z:\bcbcbcbc\ca-ES\data\未分类\PGD-287.avi","Preview","","","Z:\bcbcbcbc\ca-ES\LocalMediaManager\Previews\PGD-287\PGD-287_004.jpg","位于标准化番号同名资源目录","90","RegisterImage","Safe","唯一高置信度实体，可在确认后建立或修正关联。","True","False"
"13246","2743","PGD-287","Z:\bcbcbcbc\ca-ES\data\未分类\PGD-287.avi","Preview","","","Z:\bcbcbcbc\ca-ES\LocalMediaManager\Previews\PGD-287\PGD-287_005.jpg","位于标准化番号同名资源目录","90","RegisterImage","Safe","唯一高置信度实体，可在确认后建立或修正关联。","True","False"
"13246","2743","PGD-287","Z:\bcbcbcbc\ca-ES\data\未分类\PGD-287.avi","Preview","","","Z:\bcbcbcbc\ca-ES\LocalMediaManager\Previews\PGD-287\PGD-287_006.jpg","位于标准化番号同名资源目录","90","RegisterImage","Safe","唯一高置信度实体，可在确认后建立或修正关联。","True","False"
"13246","2743","PGD-287","Z:\bcbcbcbc\ca-ES\data\未分类\PGD-287.avi","Preview","","","Z:\bcbcbcbc\ca-ES\LocalMediaManager\Previews\PGD-287\PGD-287_007.jpg","位于标准化番号同名资源目录","90","RegisterImage","Safe","唯一高置信度实体，可在确认后建立或修正关联。","True","False"
"13246","2759","SKMJ-360","Z:\bcbcbcbc\ca-ES\data\未分类\SKMJ-360.mp4","Preview","","","Z:\bcbcbcbc\ca-ES\LocalMediaManager\Previews\SKMJ-360\SKMJ-360_001.jpg","位于标准化番号同名资源目录","90","RegisterImage","Safe","唯一高置信度实体，可在确认后建立或修正关联。","True","False"
"13246","2759","SKMJ-360","Z:\bcbcbcbc\ca-ES\data\未分类\SKMJ-360.mp4","Preview","","","Z:\bcbcbcbc\ca-ES\LocalMediaManager\Previews\SKMJ-360\SKMJ-360_002.jpg","位于标准化番号同名资源目录","90","RegisterImage","Safe","唯一高置信度实体，可在确认后建立或修正关联。","True","False"
"13246","2759","SKMJ-360","Z:\bcbcbcbc\ca-ES\data\未分类\SKMJ-360.mp4","Preview","","","Z:\bcbcbcbc\ca-ES\LocalMediaManager\Previews\SKMJ-360\SKMJ-360_003.jpg","位于标准化番号同名资源目录","90","RegisterImage","Safe","唯一高置信度实体，可在确认后建立或修正关联。","True","False"
"13246","2759","SKMJ-360","Z:\bcbcbcbc\ca-ES\data\未分类\SKMJ-360.mp4","Preview","","","Z:\bcbcbcbc\ca-ES\LocalMediaManager\Previews\SKMJ-360\SKMJ-360_004.jpg","位于标准化番号同名资源目录","90","RegisterImage","Safe","唯一高置信度实体，可在确认后建立或修正关联。","True","False"
"13246","2759","SKMJ-360","Z:\bcbcbcbc\ca-ES\data\未分类\SKMJ-360.mp4","Preview","","","Z:\bcbcbcbc\ca-ES\LocalMediaManager\Previews\SKMJ-360\SKMJ-360_005.jpg","位于标准化番号同名资源目录","90","RegisterImage","Safe","唯一高置信度实体，可在确认后建立或修正关联。","True","False"
"13246","2759","SKMJ-360","Z:\bcbcbcbc\ca-ES\data\未分类\SKMJ-360.mp4","Preview","","","Z:\bcbcbcbc\ca-ES\LocalMediaManager\Previews\SKMJ-360\SKMJ-360_006.jpg","位于标准化番号同名资源目录","90","RegisterImage","Safe","唯一高置信度实体，可在确认后建立或修正关联。","True","False"
"13246","2759","SKMJ-360","Z:\bcbcbcbc\ca-ES\data\未分类\SKMJ-360.mp4","Preview","","","Z:\bcbcbcbc\ca-ES\LocalMediaManager\Previews\SKMJ-360\SKMJ-360_007.jpg","位于标准化番号同名资源目录","90","RegisterImage","Safe","唯一高置信度实体，可在确认后建立或修正关联。","True","False"
"13246","2759","SKMJ-360","Z:\bcbcbcbc\ca-ES\data\未分类\SKMJ-360.mp4","Preview","","","Z:\bcbcbcbc\ca-ES\LocalMediaManager\Previews\SKMJ-360\SKMJ-360_008.jpg","位于标准化番号同名资源目录","90","RegisterImage","Safe","唯一高置信度实体，可在确认后建立或修正关联。","True","False"
"13246","2759","SKMJ-360","Z:\bcbcbcbc\ca-ES\data\未分类\SKMJ-360.mp4","Preview","","","Z:\bcbcbcbc\ca-ES\LocalMediaManager\Previews\SKMJ-360\SKMJ-360_009.jpg","位于标准化番号同名资源目录","90","RegisterImage","Safe","唯一高置信度实体，可在确认后建立或修正关联。","True","False"
"13246","2759","SKMJ-360","Z:\bcbcbcbc\ca-ES\data\未分类\SKMJ-360.mp4","Preview","","","Z:\bcbcbcbc\ca-ES\LocalMediaManager\Previews\SKMJ-360\SKMJ-360_010.jpg","位于标准化番号同名资源目录","90","RegisterImage","Safe","唯一高置信度实体，可在确认后建立或修正关联。","True","False"
"13246","2777","abf-094","Z:\bcbcbcbc\ca-ES\data\未分类\abf-094.mp4","Preview","4133","Z:\bcbcbcbc\ca-ES\LocalMediaManager\Previews\abf-094\abf-094_001.jpg","","数据库记录指向的实体文件不存在","0","MarkMissing","Skipped","磁盘或 NAS 当前不可访问，保留历史状态。","False","False"
"13246","2777","abf-094","Z:\bcbcbcbc\ca-ES\data\未分类\abf-094.mp4","Preview","4134","Z:\bcbcbcbc\ca-ES\LocalMediaManager\Previews\abf-094\abf-094_002.jpg","","数据库记录指向的实体文件不存在","0","MarkMissing","Skipped","磁盘或 NAS 当前不可访问，保留历史状态。","False","False"
"13246","2777","abf-094","Z:\bcbcbcbc\ca-ES\data\未分类\abf-094.mp4","Preview","4135","Z:\bcbcbcbc\ca-ES\LocalMediaManager\Previews\abf-094\abf-094_003.jpg","","数据库记录指向的实体文件不存在","0","MarkMissing","Skipped","磁盘或 NAS 当前不可访问，保留历史状态。","False","False"
"13246","2777","abf-094","Z:\bcbcbcbc\ca-ES\data\未分类\abf-094.mp4","Preview","4136","Z:\bcbcbcbc\ca-ES\LocalMediaManager\Previews\abf-094\abf-094_004.jpg","","数据库记录指向的实体文件不存在","0","MarkMissing","Skipped","磁盘或 NAS 当前不可访问，保留历史状态。","False","False"
"13246","2777","abf-094","Z:\bcbcbcbc\ca-ES\data\未分类\abf-094.mp4","Preview","4137","Z:\bcbcbcbc\ca-ES\LocalMediaManager\Previews\abf-094\abf-094_005.jpg","","数据库记录指向的实体文件不存在","0","MarkMissing","Skipped","磁盘或 NAS 当前不可访问，保留历史状态。","False","False"
"13246","2777","abf-094","Z:\bcbcbcbc\ca-ES\data\未分类\abf-094.mp4","Preview","4138","Z:\bcbcbcbc\ca-ES\LocalMediaManager\Previews\abf-094\abf-094_006.jpg","","数据库记录指向的实体文件不存在","0","MarkMissing","Skipped","磁盘或 NAS 当前不可访问，保留历史状态。","False","False"
"13246","2777","abf-094","Z:\bcbcbcbc\ca-ES\data\未分类\abf-094.mp4","Preview","4139","Z:\bcbcbcbc\ca-ES\LocalMediaManager\Previews\abf-094\abf-094_007.jpg","","数据库记录指向的实体文件不存在","0","MarkMissing","Skipped","磁盘或 NAS 当前不可访问，保留历史状态。","False","False"
"13246","2777","abf-094","Z:\bcbcbcbc\ca-ES\data\未分类\abf-094.mp4","Preview","4140","Z:\bcbcbcbc\ca-ES\LocalMediaManager\Previews\abf-094\abf-094_008.jpg","","数据库记录指向的实体文件不存在","0","MarkMissing","Skipped","磁盘或 NAS 当前不可访问，保留历史状态。","False","False"
"13246","2777","abf-094","Z:\bcbcbcbc\ca-ES\data\未分类\abf-094.mp4","Preview","4141","Z:\bcbcbcbc\ca-ES\LocalMediaManager\Previews\abf-094\abf-094_009.jpg","","数据库记录指向的实体文件不存在","0","MarkMissing","Skipped","磁盘或 NAS 当前不可访问，保留历史状态。","False","False"
"13246","2777","abf-094","Z:\bcbcbcbc\ca-ES\data\未分类\abf-094.mp4","Preview","4142","Z:\bcbcbcbc\ca-ES\LocalMediaManager\Previews\abf-094\abf-094_010.jpg","","数据库记录指向的实体文件不存在","0","MarkMissing","Skipped","磁盘或 NAS 当前不可访问，保留历史状态。","False","False"
"13246","2777","abf-094","Z:\bcbcbcbc\ca-ES\data\未分类\abf-094.mp4","Preview","4143","Z:\bcbcbcbc\ca-ES\LocalMediaManager\Previews\abf-094\abf-094_011.jpg","","数据库记录指向的实体文件不存在","0","MarkMissing","Skipped","磁盘或 NAS 当前不可访问，保留历史状态。","False","False"
"13246","2779","abw-230","Z:\bcbcbcbc\ca-ES\data\未分类\abw-230.mp4","Fanart","","","Z:\bcbcbcbc\ca-ES\LocalMediaManager\Fanart\ABW-230.jpg","文件名与当前视频文件名完全一致","100","RegisterImage","Safe","唯一高置信度实体，可在确认后建立或修正关联。","True","False"
"13246","2779","abw-230","Z:\bcbcbcbc\ca-ES\data\未分类\abw-230.mp4","Preview","4145","Z:\bcbcbcbc\ca-ES\LocalMediaManager\Previews\abw-230\abw-230_001.jpg","","数据库记录指向的实体文件不存在","0","MarkMissing","Skipped","磁盘或 NAS 当前不可访问，保留历史状态。","False","False"
"13246","2779","abw-230","Z:\bcbcbcbc\ca-ES\data\未分类\abw-230.mp4","Preview","4146","Z:\bcbcbcbc\ca-ES\LocalMediaManager\Previews\abw-230\abw-230_002.jpg","","数据库记录指向的实体文件不存在","0","MarkMissing","Skipped","磁盘或 NAS 当前不可访问，保留历史状态。","False","False"
"13246","2779","abw-230","Z:\bcbcbcbc\ca-ES\data\未分类\abw-230.mp4","Preview","4147","Z:\bcbcbcbc\ca-ES\LocalMediaManager\Previews\abw-230\abw-230_003.jpg","","数据库记录指向的实体文件不存在","0","MarkMissing","Skipped","磁盘或 NAS 当前不可访问，保留历史状态。","False","False"
"13246","2779","abw-230","Z:\bcbcbcbc\ca-ES\data\未分类\abw-230.mp4","Preview","4148","Z:\bcbcbcbc\ca-ES\LocalMediaManager\Previews\abw-230\abw-230_004.jpg","","数据库记录指向的实体文件不存在","0","MarkMissing","Skipped","磁盘或 NAS 当前不可访问，保留历史状态。","False","False"
"13246","2779","abw-230","Z:\bcbcbcbc\ca-ES\data\未分类\abw-230.mp4","Preview","4149","Z:\bcbcbcbc\ca-ES\LocalMediaManager\Previews\abw-230\abw-230_005.jpg","","数据库记录指向的实体文件不存在","0","MarkMissing","Skipped","磁盘或 NAS 当前不可访问，保留历史状态。","False","False"
"13246","2779","abw-230","Z:\bcbcbcbc\ca-ES\data\未分类\abw-230.mp4","Preview","4150","Z:\bcbcbcbc\ca-ES\LocalMediaManager\Previews\abw-230\abw-230_006.jpg","","数据库记录指向的实体文件不存在","0","MarkMissing","Skipped","磁盘或 NAS 当前不可访问，保留历史状态。","False","False"
"13246","2779","abw-230","Z:\bcbcbcbc\ca-ES\data\未分类\abw-230.mp4","Preview","4151","Z:\bcbcbcbc\ca-ES\LocalMediaManager\Previews\abw-230\abw-230_007.jpg","","数据库记录指向的实体文件不存在","0","MarkMissing","Skipped","磁盘或 NAS 当前不可访问，保留历史状态。","False","False"
"13246","2779","abw-230","Z:\bcbcbcbc\ca-ES\data\未分类\abw-230.mp4","Preview","4152","Z:\bcbcbcbc\ca-ES\LocalMediaManager\Previews\abw-230\abw-230_008.jpg","","数据库记录指向的实体文件不存在","0","MarkMissing","Skipped","磁盘或 NAS 当前不可访问，保留历史状态。","False","False"
"13246","2779","abw-230","Z:\bcbcbcbc\ca-ES\data\未分类\abw-230.mp4","Preview","4153","Z:\bcbcbcbc\ca-ES\LocalMediaManager\Previews\abw-230\abw-230_009.jpg","","数据库记录指向的实体文件不存在","0","MarkMissing","Skipped","磁盘或 NAS 当前不可访问，保留历史状态。","False","False"
"13246","2779","abw-230","Z:\bcbcbcbc\ca-ES\data\未分类\abw-230.mp4","Preview","4154","Z:\bcbcbcbc\ca-ES\LocalMediaManager\Previews\abw-230\abw-230_010.jpg","","数据库记录指向的实体文件不存在","0","MarkMissing","Skipped","磁盘或 NAS 当前不可访问，保留历史状态。","False","False"
"13246","2779","abw-230","Z:\bcbcbcbc\ca-ES\data\未分类\abw-230.mp4","Preview","4155","Z:\bcbcbcbc\ca-ES\LocalMediaManager\Previews\abw-230\abw-230_011.jpg","","数据库记录指向的实体文件不存在","0","MarkMissing","Skipped","磁盘或 NAS 当前不可访问，保留历史状态。","False","False"
"13246","2779","abw-230","Z:\bcbcbcbc\ca-ES\data\未分类\abw-230.mp4","Preview","4156","Z:\bcbcbcbc\ca-ES\LocalMediaManager\Previews\abw-230\abw-230_012.jpg","","数据库记录指向的实体文件不存在","0","MarkMissing","Skipped","磁盘或 NAS 当前不可访问，保留历史状态。","False","False"
"13246","2779","abw-230","Z:\bcbcbcbc\ca-ES\data\未分类\abw-230.mp4","Preview","","","Z:\bcbcbcbc\ca-ES\LocalMediaManager\Previews\ABW-230\01.jpg","位于标准化番号同名资源目录","90","RegisterImage","Safe","唯一高置信度实体，可在确认后建立或修正关联。","True","False"
"13246","2779","abw-230","Z:\bcbcbcbc\ca-ES\data\未分类\abw-230.mp4","Preview","","","Z:\bcbcbcbc\ca-ES\LocalMediaManager\Previews\ABW-230\02.jpg","位于标准化番号同名资源目录","90","RegisterImage","Safe","唯一高置信度实体，可在确认后建立或修正关联。","True","False"
"13246","2779","abw-230","Z:\bcbcbcbc\ca-ES\data\未分类\abw-230.mp4","Preview","","","Z:\bcbcbcbc\ca-ES\LocalMediaManager\Previews\ABW-230\03.jpg","位于标准化番号同名资源目录","90","RegisterImage","Safe","唯一高置信度实体，可在确认后建立或修正关联。","True","False"
"13246","2779","abw-230","Z:\bcbcbcbc\ca-ES\data\未分类\abw-230.mp4","Preview","","","Z:\bcbcbcbc\ca-ES\LocalMediaManager\Previews\ABW-230\04.jpg","位于标准化番号同名资源目录","90","RegisterImage","Safe","唯一高置信度实体，可在确认后建立或修正关联。","True","False"
"13246","2779","abw-230","Z:\bcbcbcbc\ca-ES\data\未分类\abw-230.mp4","Preview","","","Z:\bcbcbcbc\ca-ES\LocalMediaManager\Previews\ABW-230\05.jpg","位于标准化番号同名资源目录","90","RegisterImage","Safe","唯一高置信度实体，可在确认后建立或修正关联。","True","False"
"13246","2779","abw-230","Z:\bcbcbcbc\ca-ES\data\未分类\abw-230.mp4","Preview","","","Z:\bcbcbcbc\ca-ES\LocalMediaManager\Previews\ABW-230\06.jpg","位于标准化番号同名资源目录","90","RegisterImage","Safe","唯一高置信度实体，可在确认后建立或修正关联。","True","False"
"13246","2779","abw-230","Z:\bcbcbcbc\ca-ES\data\未分类\abw-230.mp4","Preview","","","Z:\bcbcbcbc\ca-ES\LocalMediaManager\Previews\ABW-230\07.jpg","位于标准化番号同名资源目录","90","RegisterImage","Safe","唯一高置信度实体，可在确认后建立或修正关联。","True","False"
"13246","2779","abw-230","Z:\bcbcbcbc\ca-ES\data\未分类\abw-230.mp4","Preview","","","Z:\bcbcbcbc\ca-ES\LocalMediaManager\Previews\ABW-230\08.jpg","位于标准化番号同名资源目录","90","RegisterImage","Safe","唯一高置信度实体，可在确认后建立或修正关联。","True","False"
"13246","2779","abw-230","Z:\bcbcbcbc\ca-ES\data\未分类\abw-230.mp4","Preview","","","Z:\bcbcbcbc\ca-ES\LocalMediaManager\Previews\ABW-230\09.jpg","位于标准化番号同名资源目录","90","RegisterImage","Safe","唯一高置信度实体，可在确认后建立或修正关联。","True","False"
"13246","2779","abw-230","Z:\bcbcbcbc\ca-ES\data\未分类\abw-230.mp4","Preview","","","Z:\bcbcbcbc\ca-ES\LocalMediaManager\Previews\ABW-230\10.jpg","位于标准化番号同名资源目录","90","RegisterImage","Safe","唯一高置信度实体，可在确认后建立或修正关联。","True","False"
"13246","2779","abw-230","Z:\bcbcbcbc\ca-ES\data\未分类\abw-230.mp4","Preview","","","Z:\bcbcbcbc\ca-ES\LocalMediaManager\Previews\ABW-230\11.jpg","位于标准化番号同名资源目录","90","RegisterImage","Safe","唯一高置信度实体，可在确认后建立或修正关联。","True","False"
"13246","2779","abw-230","Z:\bcbcbcbc\ca-ES\data\未分类\abw-230.mp4","Preview","","","Z:\bcbcbcbc\ca-ES\LocalMediaManager\Previews\ABW-230\12.jpg","位于标准化番号同名资源目录","90","RegisterImage","Safe","唯一高置信度实体，可在确认后建立或修正关联。","True","False"
"13246","2780","abw-239","Z:\bcbcbcbc\ca-ES\data\未分类\abw-239.mp4","Fanart","","","Z:\bcbcbcbc\ca-ES\LocalMediaManager\Fanart\ABW-239.jpg","文件名与当前视频文件名完全一致","100","RegisterImage","Safe","唯一高置信度实体，可在确认后建立或修正关联。","True","False"
"13246","2780","abw-239","Z:\bcbcbcbc\ca-ES\data\未分类\abw-239.mp4","Poster","","","Z:\bcbcbcbc\ca-ES\LocalMediaManager\Covers\ABW-239.jpg","文件名与当前视频文件名完全一致","100","ManualReview","Conflict","存在多个高置信度候选，禁止自动选择。","False","False"
"13246","2780","abw-239","Z:\bcbcbcbc\ca-ES\data\未分类\abw-239.mp4","Poster","","","Z:\bcbcbcbc\ca-ES\LocalMediaManager\Covers\abw-239\abw-239.jpg","文件名与当前视频文件名完全一致","100","ManualReview","Conflict","存在多个高置信度候选，禁止自动选择。","False","False"
"13246","2780","abw-239","Z:\bcbcbcbc\ca-ES\data\未分类\abw-239.mp4","Preview","12921","Z:\bcbcbcbc\ca-ES\LocalMediaManager\Previews\abw-239\abw-239_001.jpg","","数据库记录指向的实体文件不存在","0","MarkMissing","Skipped","磁盘或 NAS 当前不可访问，保留历史状态。","False","False"
"13246","2780","abw-239","Z:\bcbcbcbc\ca-ES\data\未分类\abw-239.mp4","Preview","12922","Z:\bcbcbcbc\ca-ES\LocalMediaManager\Previews\abw-239\abw-239_002.jpg","","数据库记录指向的实体文件不存在","0","MarkMissing","Skipped","磁盘或 NAS 当前不可访问，保留历史状态。","False","False"
"13246","2780","abw-239","Z:\bcbcbcbc\ca-ES\data\未分类\abw-239.mp4","Preview","12923","Z:\bcbcbcbc\ca-ES\LocalMediaManager\Previews\abw-239\abw-239_003.jpg","","数据库记录指向的实体文件不存在","0","MarkMissing","Skipped","磁盘或 NAS 当前不可访问，保留历史状态。","False","False"
"13246","2780","abw-239","Z:\bcbcbcbc\ca-ES\data\未分类\abw-239.mp4","Preview","12924","Z:\bcbcbcbc\ca-ES\LocalMediaManager\Previews\abw-239\abw-239_004.jpg","","数据库记录指向的实体文件不存在","0","MarkMissing","Skipped","磁盘或 NAS 当前不可访问，保留历史状态。","False","False"
"13246","2780","abw-239","Z:\bcbcbcbc\ca-ES\data\未分类\abw-239.mp4","Preview","12925","Z:\bcbcbcbc\ca-ES\LocalMediaManager\Previews\abw-239\abw-239_005.jpg","","数据库记录指向的实体文件不存在","0","MarkMissing","Skipped","磁盘或 NAS 当前不可访问，保留历史状态。","False","False"
"13246","2780","abw-239","Z:\bcbcbcbc\ca-ES\data\未分类\abw-239.mp4","Preview","12926","Z:\bcbcbcbc\ca-ES\LocalMediaManager\Previews\abw-239\abw-239_006.jpg","","数据库记录指向的实体文件不存在","0","MarkMissing","Skipped","磁盘或 NAS 当前不可访问，保留历史状态。","False","False"
"13246","2780","abw-239","Z:\bcbcbcbc\ca-ES\data\未分类\abw-239.mp4","Preview","12927","Z:\bcbcbcbc\ca-ES\LocalMediaManager\Previews\abw-239\abw-239_007.jpg","","数据库记录指向的实体文件不存在","0","MarkMissing","Skipped","磁盘或 NAS 当前不可访问，保留历史状态。","False","False"
"13246","2780","abw-239","Z:\bcbcbcbc\ca-ES\data\未分类\abw-239.mp4","Preview","12928","Z:\bcbcbcbc\ca-ES\LocalMediaManager\Previews\abw-239\abw-239_008.jpg","","数据库记录指向的实体文件不存在","0","MarkMissing","Skipped","磁盘或 NAS 当前不可访问，保留历史状态。","False","False"
"13246","2780","abw-239","Z:\bcbcbcbc\ca-ES\data\未分类\abw-239.mp4","Preview","12929","Z:\bcbcbcbc\ca-ES\LocalMediaManager\Previews\abw-239\abw-239_009.jpg","","数据库记录指向的实体文件不存在","0","MarkMissing","Skipped","磁盘或 NAS 当前不可访问，保留历史状态。","False","False"
"13246","2780","abw-239","Z:\bcbcbcbc\ca-ES\data\未分类\abw-239.mp4","Preview","12930","Z:\bcbcbcbc\ca-ES\LocalMediaManager\Previews\abw-239\abw-239_010.jpg","","数据库记录指向的实体文件不存在","0","MarkMissing","Skipped","磁盘或 NAS 当前不可访问，保留历史状态。","False","False"
"13246","2780","abw-239","Z:\bcbcbcbc\ca-ES\data\未分类\abw-239.mp4","Preview","","","Z:\bcbcbcbc\ca-ES\LocalMediaManager\Previews\ABW-239\01.jpg","位于标准化番号同名资源目录","90","RegisterImage","Safe","唯一高置信度实体，可在确认后建立或修正关联。","True","False"
"13246","2780","abw-239","Z:\bcbcbcbc\ca-ES\data\未分类\abw-239.mp4","Preview","","","Z:\bcbcbcbc\ca-ES\LocalMediaManager\Previews\ABW-239\02.jpg","位于标准化番号同名资源目录","90","RegisterImage","Safe","唯一高置信度实体，可在确认后建立或修正关联。","True","False"
"13246","2780","abw-239","Z:\bcbcbcbc\ca-ES\data\未分类\abw-239.mp4","Preview","","","Z:\bcbcbcbc\ca-ES\LocalMediaManager\Previews\ABW-239\03.jpg","位于标准化番号同名资源目录","90","RegisterImage","Safe","唯一高置信度实体，可在确认后建立或修正关联。","True","False"
"13246","2780","abw-239","Z:\bcbcbcbc\ca-ES\data\未分类\abw-239.mp4","Preview","","","Z:\bcbcbcbc\ca-ES\LocalMediaManager\Previews\ABW-239\04.jpg","位于标准化番号同名资源目录","90","RegisterImage","Safe","唯一高置信度实体，可在确认后建立或修正关联。","True","False"
"13246","2780","abw-239","Z:\bcbcbcbc\ca-ES\data\未分类\abw-239.mp4","Preview","","","Z:\bcbcbcbc\ca-ES\LocalMediaManager\Previews\ABW-239\05.jpg","位于标准化番号同名资源目录","90","RegisterImage","Safe","唯一高置信度实体，可在确认后建立或修正关联。","True","False"
"13246","2780","abw-239","Z:\bcbcbcbc\ca-ES\data\未分类\abw-239.mp4","Preview","","","Z:\bcbcbcbc\ca-ES\LocalMediaManager\Previews\ABW-239\06.jpg","位于标准化番号同名资源目录","90","RegisterImage","Safe","唯一高置信度实体，可在确认后建立或修正关联。","True","False"
"13246","2780","abw-239","Z:\bcbcbcbc\ca-ES\data\未分类\abw-239.mp4","Preview","","","Z:\bcbcbcbc\ca-ES\LocalMediaManager\Previews\ABW-239\07.jpg","位于标准化番号同名资源目录","90","RegisterImage","Safe","唯一高置信度实体，可在确认后建立或修正关联。","True","False"
"13246","2780","abw-239","Z:\bcbcbcbc\ca-ES\data\未分类\abw-239.mp4","Preview","","","Z:\bcbcbcbc\ca-ES\LocalMediaManager\Previews\ABW-239\08.jpg","位于标准化番号同名资源目录","90","RegisterImage","Safe","唯一高置信度实体，可在确认后建立或修正关联。","True","False"
"13246","2780","abw-239","Z:\bcbcbcbc\ca-ES\data\未分类\abw-239.mp4","Preview","","","Z:\bcbcbcbc\ca-ES\LocalMediaManager\Previews\ABW-239\09.jpg","位于标准化番号同名资源目录","90","RegisterImage","Safe","唯一高置信度实体，可在确认后建立或修正关联。","True","False"
"13246","2780","abw-239","Z:\bcbcbcbc\ca-ES\data\未分类\abw-239.mp4","Preview","","","Z:\bcbcbcbc\ca-ES\LocalMediaManager\Previews\ABW-239\10.jpg","位于标准化番号同名资源目录","90","RegisterImage","Safe","唯一高置信度实体，可在确认后建立或修正关联。","True","False"
"13246","2781","aka-024","Z:\bcbcbcbc\ca-ES\data\未分类\aka-024.mp4","Preview","4158","Z:\bcbcbcbc\ca-ES\LocalMediaManager\Previews\aka-024\aka-024_001.jpg","","数据库记录指向的实体文件不存在","0","MarkMissing","Skipped","磁盘或 NAS 当前不可访问，保留历史状态。","False","False"
"13246","2781","aka-024","Z:\bcbcbcbc\ca-ES\data\未分类\aka-024.mp4","Preview","4159","Z:\bcbcbcbc\ca-ES\LocalMediaManager\Previews\aka-024\aka-024_002.jpg","","数据库记录指向的实体文件不存在","0","MarkMissing","Skipped","磁盘或 NAS 当前不可访问，保留历史状态。","False","False"
"13246","2781","aka-024","Z:\bcbcbcbc\ca-ES\data\未分类\aka-024.mp4","Preview","4160","Z:\bcbcbcbc\ca-ES\LocalMediaManager\Previews\aka-024\aka-024_003.jpg","","数据库记录指向的实体文件不存在","0","MarkMissing","Skipped","磁盘或 NAS 当前不可访问，保留历史状态。","False","False"
"13246","2781","aka-024","Z:\bcbcbcbc\ca-ES\data\未分类\aka-024.mp4","Preview","4161","Z:\bcbcbcbc\ca-ES\LocalMediaManager\Previews\aka-024\aka-024_004.jpg","","数据库记录指向的实体文件不存在","0","MarkMissing","Skipped","磁盘或 NAS 当前不可访问，保留历史状态。","False","False"
"13246","2781","aka-024","Z:\bcbcbcbc\ca-ES\data\未分类\aka-024.mp4","Preview","4162","Z:\bcbcbcbc\ca-ES\LocalMediaManager\Previews\aka-024\aka-024_005.jpg","","数据库记录指向的实体文件不存在","0","MarkMissing","Skipped","磁盘或 NAS 当前不可访问，保留历史状态。","False","False"
"13246","2781","aka-024","Z:\bcbcbcbc\ca-ES\data\未分类\aka-024.mp4","Preview","4163","Z:\bcbcbcbc\ca-ES\LocalMediaManager\Previews\aka-024\aka-024_006.jpg","","数据库记录指向的实体文件不存在","0","MarkMissing","Skipped","磁盘或 NAS 当前不可访问，保留历史状态。","False","False"
"13246","2781","aka-024","Z:\bcbcbcbc\ca-ES\data\未分类\aka-024.mp4","Preview","4164","Z:\bcbcbcbc\ca-ES\LocalMediaManager\Previews\aka-024\aka-024_007.jpg","","数据库记录指向的实体文件不存在","0","MarkMissing","Skipped","磁盘或 NAS 当前不可访问，保留历史状态。","False","False"
"13246","2781","aka-024","Z:\bcbcbcbc\ca-ES\data\未分类\aka-024.mp4","Preview","4165","Z:\bcbcbcbc\ca-ES\LocalMediaManager\Previews\aka-024\aka-024_008.jpg","","数据库记录指向的实体文件不存在","0","MarkMissing","Skipped","磁盘或 NAS 当前不可访问，保留历史状态。","False","False"
"13246","2781","aka-024","Z:\bcbcbcbc\ca-ES\data\未分类\aka-024.mp4","Preview","4166","Z:\bcbcbcbc\ca-ES\LocalMediaManager\Previews\aka-024\aka-024_009.jpg","","数据库记录指向的实体文件不存在","0","MarkMissing","Skipped","磁盘或 NAS 当前不可访问，保留历史状态。","False","False"
"13246","2781","aka-024","Z:\bcbcbcbc\ca-ES\data\未分类\aka-024.mp4","Preview","4167","Z:\bcbcbcbc\ca-ES\LocalMediaManager\Previews\aka-024\aka-024_010.jpg","","数据库记录指向的实体文件不存在","0","MarkMissing","Skipped","磁盘或 NAS 当前不可访问，保留历史状态。","False","False"
"13246","2794","fsdss-634","Z:\bcbcbcbc\ca-ES\data\未分类\fsdss-634.mp4","Preview","4169","Z:\bcbcbcbc\ca-ES\LocalMediaManager\Previews\fsdss-634\fsdss-634_001.jpg","","数据库记录指向的实体文件不存在","0","MarkMissing","Skipped","磁盘或 NAS 当前不可访问，保留历史状态。","False","False"
"13246","2794","fsdss-634","Z:\bcbcbcbc\ca-ES\data\未分类\fsdss-634.mp4","Preview","4170","Z:\bcbcbcbc\ca-ES\LocalMediaManager\Previews\fsdss-634\fsdss-634_002.jpg","","数据库记录指向的实体文件不存在","0","MarkMissing","Skipped","磁盘或 NAS 当前不可访问，保留历史状态。","False","False"
"13246","2794","fsdss-634","Z:\bcbcbcbc\ca-ES\data\未分类\fsdss-634.mp4","Preview","4171","Z:\bcbcbcbc\ca-ES\LocalMediaManager\Previews\fsdss-634\fsdss-634_003.jpg","","数据库记录指向的实体文件不存在","0","MarkMissing","Skipped","磁盘或 NAS 当前不可访问，保留历史状态。","False","False"
"13246","2794","fsdss-634","Z:\bcbcbcbc\ca-ES\data\未分类\fsdss-634.mp4","Preview","4172","Z:\bcbcbcbc\ca-ES\LocalMediaManager\Previews\fsdss-634\fsdss-634_004.jpg","","数据库记录指向的实体文件不存在","0","MarkMissing","Skipped","磁盘或 NAS 当前不可访问，保留历史状态。","False","False"
"13246","2794","fsdss-634","Z:\bcbcbcbc\ca-ES\data\未分类\fsdss-634.mp4","Preview","4173","Z:\bcbcbcbc\ca-ES\LocalMediaManager\Previews\fsdss-634\fsdss-634_005.jpg","","数据库记录指向的实体文件不存在","0","MarkMissing","Skipped","磁盘或 NAS 当前不可访问，保留历史状态。","False","False"
"13246","2794","fsdss-634","Z:\bcbcbcbc\ca-ES\data\未分类\fsdss-634.mp4","Preview","4174","Z:\bcbcbcbc\ca-ES\LocalMediaManager\Previews\fsdss-634\fsdss-634_006.jpg","","数据库记录指向的实体文件不存在","0","MarkMissing","Skipped","磁盘或 NAS 当前不可访问，保留历史状态。","False","False"
"13246","2794","fsdss-634","Z:\bcbcbcbc\ca-ES\data\未分类\fsdss-634.mp4","Preview","4175","Z:\bcbcbcbc\ca-ES\LocalMediaManager\Previews\fsdss-634\fsdss-634_007.jpg","","数据库记录指向的实体文件不存在","0","MarkMissing","Skipped","磁盘或 NAS 当前不可访问，保留历史状态。","False","False"
"13246","2794","fsdss-634","Z:\bcbcbcbc\ca-ES\data\未分类\fsdss-634.mp4","Preview","4176","Z:\bcbcbcbc\ca-ES\LocalMediaManager\Previews\fsdss-634\fsdss-634_008.jpg","","数据库记录指向的实体文件不存在","0","MarkMissing","Skipped","磁盘或 NAS 当前不可访问，保留历史状态。","False","False"
"13246","2794","fsdss-634","Z:\bcbcbcbc\ca-ES\data\未分类\fsdss-634.mp4","Preview","4177","Z:\bcbcbcbc\ca-ES\LocalMediaManager\Previews\fsdss-634\fsdss-634_009.jpg","","数据库记录指向的实体文件不存在","0","MarkMissing","Skipped","磁盘或 NAS 当前不可访问，保留历史状态。","False","False"
"13246","2794","fsdss-634","Z:\bcbcbcbc\ca-ES\data\未分类\fsdss-634.mp4","Preview","4178","Z:\bcbcbcbc\ca-ES\LocalMediaManager\Previews\fsdss-634\fsdss-634_010.jpg","","数据库记录指向的实体文件不存在","0","MarkMissing","Skipped","磁盘或 NAS 当前不可访问，保留历史状态。","False","False"
"13246","2797","hmdnv-379","Z:\bcbcbcbc\ca-ES\data\未分类\hmdnv-379.mp4","Preview","4180","Z:\bcbcbcbc\ca-ES\LocalMediaManager\Previews\hmdnv-379\hmdnv-379_001.jpg","","数据库记录指向的实体文件不存在","0","MarkMissing","Skipped","磁盘或 NAS 当前不可访问，保留历史状态。","False","False"
"13246","2797","hmdnv-379","Z:\bcbcbcbc\ca-ES\data\未分类\hmdnv-379.mp4","Preview","4181","Z:\bcbcbcbc\ca-ES\LocalMediaManager\Previews\hmdnv-379\hmdnv-379_002.jpg","","数据库记录指向的实体文件不存在","0","MarkMissing","Skipped","磁盘或 NAS 当前不可访问，保留历史状态。","False","False"
"13246","2797","hmdnv-379","Z:\bcbcbcbc\ca-ES\data\未分类\hmdnv-379.mp4","Preview","4182","Z:\bcbcbcbc\ca-ES\LocalMediaManager\Previews\hmdnv-379\hmdnv-379_003.jpg","","数据库记录指向的实体文件不存在","0","MarkMissing","Skipped","磁盘或 NAS 当前不可访问，保留历史状态。","False","False"
"13246","2797","hmdnv-379","Z:\bcbcbcbc\ca-ES\data\未分类\hmdnv-379.mp4","Preview","4183","Z:\bcbcbcbc\ca-ES\LocalMediaManager\Previews\hmdnv-379\hmdnv-379_004.jpg","","数据库记录指向的实体文件不存在","0","MarkMissing","Skipped","磁盘或 NAS 当前不可访问，保留历史状态。","False","False"
"13246","2797","hmdnv-379","Z:\bcbcbcbc\ca-ES\data\未分类\hmdnv-379.mp4","Preview","4184","Z:\bcbcbcbc\ca-ES\LocalMediaManager\Previews\hmdnv-379\hmdnv-379_005.jpg","","数据库记录指向的实体文件不存在","0","MarkMissing","Skipped","磁盘或 NAS 当前不可访问，保留历史状态。","False","False"
"13246","2797","hmdnv-379","Z:\bcbcbcbc\ca-ES\data\未分类\hmdnv-379.mp4","Preview","4185","Z:\bcbcbcbc\ca-ES\LocalMediaManager\Previews\hmdnv-379\hmdnv-379_006.jpg","","数据库记录指向的实体文件不存在","0","MarkMissing","Skipped","磁盘或 NAS 当前不可访问，保留历史状态。","False","False"
"13246","2797","hmdnv-379","Z:\bcbcbcbc\ca-ES\data\未分类\hmdnv-379.mp4","Preview","4186","Z:\bcbcbcbc\ca-ES\LocalMediaManager\Previews\hmdnv-379\hmdnv-379_007.jpg","","数据库记录指向的实体文件不存在","0","MarkMissing","Skipped","磁盘或 NAS 当前不可访问，保留历史状态。","False","False"
"13246","2797","hmdnv-379","Z:\bcbcbcbc\ca-ES\data\未分类\hmdnv-379.mp4","Preview","4187","Z:\bcbcbcbc\ca-ES\LocalMediaManager\Previews\hmdnv-379\hmdnv-379_008.jpg","","数据库记录指向的实体文件不存在","0","MarkMissing","Skipped","磁盘或 NAS 当前不可访问，保留历史状态。","False","False"
"13246","2797","hmdnv-379","Z:\bcbcbcbc\ca-ES\data\未分类\hmdnv-379.mp4","Preview","4188","Z:\bcbcbcbc\ca-ES\LocalMediaManager\Previews\hmdnv-379\hmdnv-379_009.jpg","","数据库记录指向的实体文件不存在","0","MarkMissing","Skipped","磁盘或 NAS 当前不可访问，保留历史状态。","False","False"
"13246","2797","hmdnv-379","Z:\bcbcbcbc\ca-ES\data\未分类\hmdnv-379.mp4","Preview","4189","Z:\bcbcbcbc\ca-ES\LocalMediaManager\Previews\hmdnv-379\hmdnv-379_010.jpg","","数据库记录指向的实体文件不存在","0","MarkMissing","Skipped","磁盘或 NAS 当前不可访问，保留历史状态。","False","False"
"13246","2797","hmdnv-379","Z:\bcbcbcbc\ca-ES\data\未分类\hmdnv-379.mp4","Preview","4190","Z:\bcbcbcbc\ca-ES\LocalMediaManager\Previews\hmdnv-379\hmdnv-379_011.jpg","","数据库记录指向的实体文件不存在","0","MarkMissing","Skipped","磁盘或 NAS 当前不可访问，保留历史状态。","False","False"
"13246","2797","hmdnv-379","Z:\bcbcbcbc\ca-ES\data\未分类\hmdnv-379.mp4","Preview","4191","Z:\bcbcbcbc\ca-ES\LocalMediaManager\Previews\hmdnv-379\hmdnv-379_012.jpg","","数据库记录指向的实体文件不存在","0","MarkMissing","Skipped","磁盘或 NAS 当前不可访问，保留历史状态。","False","False"
"13246","2797","hmdnv-379","Z:\bcbcbcbc\ca-ES\data\未分类\hmdnv-379.mp4","Preview","4192","Z:\bcbcbcbc\ca-ES\LocalMediaManager\Previews\hmdnv-379\hmdnv-379_013.jpg","","数据库记录指向的实体文件不存在","0","MarkMissing","Skipped","磁盘或 NAS 当前不可访问，保留历史状态。","False","False"
"13246","2797","hmdnv-379","Z:\bcbcbcbc\ca-ES\data\未分类\hmdnv-379.mp4","Preview","4193","Z:\bcbcbcbc\ca-ES\LocalMediaManager\Previews\hmdnv-379\hmdnv-379_014.jpg","","数据库记录指向的实体文件不存在","0","MarkMissing","Skipped","磁盘或 NAS 当前不可访问，保留历史状态。","False","False"
"13246","2797","hmdnv-379","Z:\bcbcbcbc\ca-ES\data\未分类\hmdnv-379.mp4","Preview","4194","Z:\bcbcbcbc\ca-ES\LocalMediaManager\Previews\hmdnv-379\hmdnv-379_015.jpg","","数据库记录指向的实体文件不存在","0","MarkMissing","Skipped","磁盘或 NAS 当前不可访问，保留历史状态。","False","False"
"13246","2797","hmdnv-379","Z:\bcbcbcbc\ca-ES\data\未分类\hmdnv-379.mp4","Preview","4195","Z:\bcbcbcbc\ca-ES\LocalMediaManager\Previews\hmdnv-379\hmdnv-379_016.jpg","","数据库记录指向的实体文件不存在","0","MarkMissing","Skipped","磁盘或 NAS 当前不可访问，保留历史状态。","False","False"
"13246","2797","hmdnv-379","Z:\bcbcbcbc\ca-ES\data\未分类\hmdnv-379.mp4","Preview","4196","Z:\bcbcbcbc\ca-ES\LocalMediaManager\Previews\hmdnv-379\hmdnv-379_017.jpg","","数据库记录指向的实体文件不存在","0","MarkMissing","Skipped","磁盘或 NAS 当前不可访问，保留历史状态。","False","False"
"13246","2797","hmdnv-379","Z:\bcbcbcbc\ca-ES\data\未分类\hmdnv-379.mp4","Preview","4197","Z:\bcbcbcbc\ca-ES\LocalMediaManager\Previews\hmdnv-379\hmdnv-379_018.jpg","","数据库记录指向的实体文件不存在","0","MarkMissing","Skipped","磁盘或 NAS 当前不可访问，保留历史状态。","False","False"
"13246","2797","hmdnv-379","Z:\bcbcbcbc\ca-ES\data\未分类\hmdnv-379.mp4","Preview","4198","Z:\bcbcbcbc\ca-ES\LocalMediaManager\Previews\hmdnv-379\hmdnv-379_019.jpg","","数据库记录指向的实体文件不存在","0","MarkMissing","Skipped","磁盘或 NAS 当前不可访问，保留历史状态。","False","False"
"13246","2797","hmdnv-379","Z:\bcbcbcbc\ca-ES\data\未分类\hmdnv-379.mp4","Preview","4199","Z:\bcbcbcbc\ca-ES\LocalMediaManager\Previews\hmdnv-379\hmdnv-379_020.jpg","","数据库记录指向的实体文件不存在","0","MarkMissing","Skipped","磁盘或 NAS 当前不可访问，保留历史状态。","False","False"
"13246","2798","hmdnv-473","Z:\bcbcbcbc\ca-ES\data\未分类\hmdnv-473.mp4","Preview","4201","Z:\bcbcbcbc\ca-ES\LocalMediaManager\Previews\hmdnv-473\hmdnv-473_001.jpg","","数据库记录指向的实体文件不存在","0","MarkMissing","Skipped","磁盘或 NAS 当前不可访问，保留历史状态。","False","False"
"13246","2798","hmdnv-473","Z:\bcbcbcbc\ca-ES\data\未分类\hmdnv-473.mp4","Preview","4202","Z:\bcbcbcbc\ca-ES\LocalMediaManager\Previews\hmdnv-473\hmdnv-473_002.jpg","","数据库记录指向的实体文件不存在","0","MarkMissing","Skipped","磁盘或 NAS 当前不可访问，保留历史状态。","False","False"
"13246","2798","hmdnv-473","Z:\bcbcbcbc\ca-ES\data\未分类\hmdnv-473.mp4","Preview","4203","Z:\bcbcbcbc\ca-ES\LocalMediaManager\Previews\hmdnv-473\hmdnv-473_003.jpg","","数据库记录指向的实体文件不存在","0","MarkMissing","Skipped","磁盘或 NAS 当前不可访问，保留历史状态。","False","False"
"13246","2798","hmdnv-473","Z:\bcbcbcbc\ca-ES\data\未分类\hmdnv-473.mp4","Preview","4204","Z:\bcbcbcbc\ca-ES\LocalMediaManager\Previews\hmdnv-473\hmdnv-473_004.jpg","","数据库记录指向的实体文件不存在","0","MarkMissing","Skipped","磁盘或 NAS 当前不可访问，保留历史状态。","False","False"
"13246","2798","hmdnv-473","Z:\bcbcbcbc\ca-ES\data\未分类\hmdnv-473.mp4","Preview","4205","Z:\bcbcbcbc\ca-ES\LocalMediaManager\Previews\hmdnv-473\hmdnv-473_005.jpg","","数据库记录指向的实体文件不存在","0","MarkMissing","Skipped","磁盘或 NAS 当前不可访问，保留历史状态。","False","False"
"13246","2798","hmdnv-473","Z:\bcbcbcbc\ca-ES\data\未分类\hmdnv-473.mp4","Preview","4206","Z:\bcbcbcbc\ca-ES\LocalMediaManager\Previews\hmdnv-473\hmdnv-473_006.jpg","","数据库记录指向的实体文件不存在","0","MarkMissing","Skipped","磁盘或 NAS 当前不可访问，保留历史状态。","False","False"
"13246","2798","hmdnv-473","Z:\bcbcbcbc\ca-ES\data\未分类\hmdnv-473.mp4","Preview","4207","Z:\bcbcbcbc\ca-ES\LocalMediaManager\Previews\hmdnv-473\hmdnv-473_007.jpg","","数据库记录指向的实体文件不存在","0","MarkMissing","Skipped","磁盘或 NAS 当前不可访问，保留历史状态。","False","False"
"13246","2798","hmdnv-473","Z:\bcbcbcbc\ca-ES\data\未分类\hmdnv-473.mp4","Preview","4208","Z:\bcbcbcbc\ca-ES\LocalMediaManager\Previews\hmdnv-473\hmdnv-473_008.jpg","","数据库记录指向的实体文件不存在","0","MarkMissing","Skipped","磁盘或 NAS 当前不可访问，保留历史状态。","False","False"
"13246","2798","hmdnv-473","Z:\bcbcbcbc\ca-ES\data\未分类\hmdnv-473.mp4","Preview","4209","Z:\bcbcbcbc\ca-ES\LocalMediaManager\Previews\hmdnv-473\hmdnv-473_009.jpg","","数据库记录指向的实体文件不存在","0","MarkMissing","Skipped","磁盘或 NAS 当前不可访问，保留历史状态。","False","False"
"13246","2798","hmdnv-473","Z:\bcbcbcbc\ca-ES\data\未分类\hmdnv-473.mp4","Preview","4210","Z:\bcbcbcbc\ca-ES\LocalMediaManager\Previews\hmdnv-473\hmdnv-473_010.jpg","","数据库记录指向的实体文件不存在","0","MarkMissing","Skipped","磁盘或 NAS 当前不可访问，保留历史状态。","False","False"
"13246","2798","hmdnv-473","Z:\bcbcbcbc\ca-ES\data\未分类\hmdnv-473.mp4","Preview","4211","Z:\bcbcbcbc\ca-ES\LocalMediaManager\Previews\hmdnv-473\hmdnv-473_011.jpg","","数据库记录指向的实体文件不存在","0","MarkMissing","Skipped","磁盘或 NAS 当前不可访问，保留历史状态。","False","False"
"13246","2798","hmdnv-473","Z:\bcbcbcbc\ca-ES\data\未分类\hmdnv-473.mp4","Preview","4212","Z:\bcbcbcbc\ca-ES\LocalMediaManager\Previews\hmdnv-473\hmdnv-473_012.jpg","","数据库记录指向的实体文件不存在","0","MarkMissing","Skipped","磁盘或 NAS 当前不可访问，保留历史状态。","False","False"
"13246","2798","hmdnv-473","Z:\bcbcbcbc\ca-ES\data\未分类\hmdnv-473.mp4","Preview","4213","Z:\bcbcbcbc\ca-ES\LocalMediaManager\Previews\hmdnv-473\hmdnv-473_013.jpg","","数据库记录指向的实体文件不存在","0","MarkMissing","Skipped","磁盘或 NAS 当前不可访问，保留历史状态。","False","False"
"13246","2798","hmdnv-473","Z:\bcbcbcbc\ca-ES\data\未分类\hmdnv-473.mp4","Preview","4214","Z:\bcbcbcbc\ca-ES\LocalMediaManager\Previews\hmdnv-473\hmdnv-473_014.jpg","","数据库记录指向的实体文件不存在","0","MarkMissing","Skipped","磁盘或 NAS 当前不可访问，保留历史状态。","False","False"
"13246","2798","hmdnv-473","Z:\bcbcbcbc\ca-ES\data\未分类\hmdnv-473.mp4","Preview","4215","Z:\bcbcbcbc\ca-ES\LocalMediaManager\Previews\hmdnv-473\hmdnv-473_015.jpg","","数据库记录指向的实体文件不存在","0","MarkMissing","Skipped","磁盘或 NAS 当前不可访问，保留历史状态。","False","False"
"13246","2798","hmdnv-473","Z:\bcbcbcbc\ca-ES\data\未分类\hmdnv-473.mp4","Preview","4216","Z:\bcbcbcbc\ca-ES\LocalMediaManager\Previews\hmdnv-473\hmdnv-473_016.jpg","","数据库记录指向的实体文件不存在","0","MarkMissing","Skipped","磁盘或 NAS 当前不可访问，保留历史状态。","False","False"
"13246","2798","hmdnv-473","Z:\bcbcbcbc\ca-ES\data\未分类\hmdnv-473.mp4","Preview","4217","Z:\bcbcbcbc\ca-ES\LocalMediaManager\Previews\hmdnv-473\hmdnv-473_017.jpg","","数据库记录指向的实体文件不存在","0","MarkMissing","Skipped","磁盘或 NAS 当前不可访问，保留历史状态。","False","False"
"13246","2798","hmdnv-473","Z:\bcbcbcbc\ca-ES\data\未分类\hmdnv-473.mp4","Preview","4218","Z:\bcbcbcbc\ca-ES\LocalMediaManager\Previews\hmdnv-473\hmdnv-473_018.jpg","","数据库记录指向的实体文件不存在","0","MarkMissing","Skipped","磁盘或 NAS 当前不可访问，保留历史状态。","False","False"
"13246","2798","hmdnv-473","Z:\bcbcbcbc\ca-ES\data\未分类\hmdnv-473.mp4","Preview","4219","Z:\bcbcbcbc\ca-ES\LocalMediaManager\Previews\hmdnv-473\hmdnv-473_019.jpg","","数据库记录指向的实体文件不存在","0","MarkMissing","Skipped","磁盘或 NAS 当前不可访问，保留历史状态。","False","False"
"13246","2798","hmdnv-473","Z:\bcbcbcbc\ca-ES\data\未分类\hmdnv-473.mp4","Preview","4220","Z:\bcbcbcbc\ca-ES\LocalMediaManager\Previews\hmdnv-473\hmdnv-473_020.jpg","","数据库记录指向的实体文件不存在","0","MarkMissing","Skipped","磁盘或 NAS 当前不可访问，保留历史状态。","False","False"
"13246","2799","hmn-170","Z:\bcbcbcbc\ca-ES\data\未分类\hmn-170.mp4","Preview","4222","Z:\bcbcbcbc\ca-ES\LocalMediaManager\Previews\hmn-170\hmn-170_001.jpg","","数据库记录指向的实体文件不存在","0","MarkMissing","Skipped","磁盘或 NAS 当前不可访问，保留历史状态。","False","False"
"13246","2799","hmn-170","Z:\bcbcbcbc\ca-ES\data\未分类\hmn-170.mp4","Preview","4223","Z:\bcbcbcbc\ca-ES\LocalMediaManager\Previews\hmn-170\hmn-170_002.jpg","","数据库记录指向的实体文件不存在","0","MarkMissing","Skipped","磁盘或 NAS 当前不可访问，保留历史状态。","False","False"
"13246","2799","hmn-170","Z:\bcbcbcbc\ca-ES\data\未分类\hmn-170.mp4","Preview","4224","Z:\bcbcbcbc\ca-ES\LocalMediaManager\Previews\hmn-170\hmn-170_003.jpg","","数据库记录指向的实体文件不存在","0","MarkMissing","Skipped","磁盘或 NAS 当前不可访问，保留历史状态。","False","False"
"13246","2799","hmn-170","Z:\bcbcbcbc\ca-ES\data\未分类\hmn-170.mp4","Preview","4225","Z:\bcbcbcbc\ca-ES\LocalMediaManager\Previews\hmn-170\hmn-170_004.jpg","","数据库记录指向的实体文件不存在","0","MarkMissing","Skipped","磁盘或 NAS 当前不可访问，保留历史状态。","False","False"
"13246","2799","hmn-170","Z:\bcbcbcbc\ca-ES\data\未分类\hmn-170.mp4","Preview","4226","Z:\bcbcbcbc\ca-ES\LocalMediaManager\Previews\hmn-170\hmn-170_005.jpg","","数据库记录指向的实体文件不存在","0","MarkMissing","Skipped","磁盘或 NAS 当前不可访问，保留历史状态。","False","False"
"13246","2799","hmn-170","Z:\bcbcbcbc\ca-ES\data\未分类\hmn-170.mp4","Preview","4227","Z:\bcbcbcbc\ca-ES\LocalMediaManager\Previews\hmn-170\hmn-170_006.jpg","","数据库记录指向的实体文件不存在","0","MarkMissing","Skipped","磁盘或 NAS 当前不可访问，保留历史状态。","False","False"
"13246","2799","hmn-170","Z:\bcbcbcbc\ca-ES\data\未分类\hmn-170.mp4","Preview","4228","Z:\bcbcbcbc\ca-ES\LocalMediaManager\Previews\hmn-170\hmn-170_007.jpg","","数据库记录指向的实体文件不存在","0","MarkMissing","Skipped","磁盘或 NAS 当前不可访问，保留历史状态。","False","False"
"13246","2799","hmn-170","Z:\bcbcbcbc\ca-ES\data\未分类\hmn-170.mp4","Preview","4229","Z:\bcbcbcbc\ca-ES\LocalMediaManager\Previews\hmn-170\hmn-170_008.jpg","","数据库记录指向的实体文件不存在","0","MarkMissing","Skipped","磁盘或 NAS 当前不可访问，保留历史状态。","False","False"
"13246","2799","hmn-170","Z:\bcbcbcbc\ca-ES\data\未分类\hmn-170.mp4","Preview","4230","Z:\bcbcbcbc\ca-ES\LocalMediaManager\Previews\hmn-170\hmn-170_009.jpg","","数据库记录指向的实体文件不存在","0","MarkMissing","Skipped","磁盘或 NAS 当前不可访问，保留历史状态。","False","False"
"13246","2799","hmn-170","Z:\bcbcbcbc\ca-ES\data\未分类\hmn-170.mp4","Preview","4231","Z:\bcbcbcbc\ca-ES\LocalMediaManager\Previews\hmn-170\hmn-170_010.jpg","","数据库记录指向的实体文件不存在","0","MarkMissing","Skipped","磁盘或 NAS 当前不可访问，保留历史状态。","False","False"
"13246","2802","ipx-832","Z:\bcbcbcbc\ca-ES\data\未分类\ipx-832.mp4","Preview","4233","Z:\bcbcbcbc\ca-ES\LocalMediaManager\Previews\ipx-832\ipx-832_001.jpg","","数据库记录指向的实体文件不存在","0","MarkMissing","Skipped","磁盘或 NAS 当前不可访问，保留历史状态。","False","False"
"13246","2802","ipx-832","Z:\bcbcbcbc\ca-ES\data\未分类\ipx-832.mp4","Preview","4234","Z:\bcbcbcbc\ca-ES\LocalMediaManager\Previews\ipx-832\ipx-832_002.jpg","","数据库记录指向的实体文件不存在","0","MarkMissing","Skipped","磁盘或 NAS 当前不可访问，保留历史状态。","False","False"
"13246","2802","ipx-832","Z:\bcbcbcbc\ca-ES\data\未分类\ipx-832.mp4","Preview","4235","Z:\bcbcbcbc\ca-ES\LocalMediaManager\Previews\ipx-832\ipx-832_003.jpg","","数据库记录指向的实体文件不存在","0","MarkMissing","Skipped","磁盘或 NAS 当前不可访问，保留历史状态。","False","False"
"13246","2802","ipx-832","Z:\bcbcbcbc\ca-ES\data\未分类\ipx-832.mp4","Preview","4236","Z:\bcbcbcbc\ca-ES\LocalMediaManager\Previews\ipx-832\ipx-832_004.jpg","","数据库记录指向的实体文件不存在","0","MarkMissing","Skipped","磁盘或 NAS 当前不可访问，保留历史状态。","False","False"
"13246","2802","ipx-832","Z:\bcbcbcbc\ca-ES\data\未分类\ipx-832.mp4","Preview","4237","Z:\bcbcbcbc\ca-ES\LocalMediaManager\Previews\ipx-832\ipx-832_005.jpg","","数据库记录指向的实体文件不存在","0","MarkMissing","Skipped","磁盘或 NAS 当前不可访问，保留历史状态。","False","False"
"13246","2802","ipx-832","Z:\bcbcbcbc\ca-ES\data\未分类\ipx-832.mp4","Preview","4238","Z:\bcbcbcbc\ca-ES\LocalMediaManager\Previews\ipx-832\ipx-832_006.jpg","","数据库记录指向的实体文件不存在","0","MarkMissing","Skipped","磁盘或 NAS 当前不可访问，保留历史状态。","False","False"
"13246","2802","ipx-832","Z:\bcbcbcbc\ca-ES\data\未分类\ipx-832.mp4","Preview","4239","Z:\bcbcbcbc\ca-ES\LocalMediaManager\Previews\ipx-832\ipx-832_007.jpg","","数据库记录指向的实体文件不存在","0","MarkMissing","Skipped","磁盘或 NAS 当前不可访问，保留历史状态。","False","False"
"13246","2802","ipx-832","Z:\bcbcbcbc\ca-ES\data\未分类\ipx-832.mp4","Preview","4240","Z:\bcbcbcbc\ca-ES\LocalMediaManager\Previews\ipx-832\ipx-832_008.jpg","","数据库记录指向的实体文件不存在","0","MarkMissing","Skipped","磁盘或 NAS 当前不可访问，保留历史状态。","False","False"
"13246","2802","ipx-832","Z:\bcbcbcbc\ca-ES\data\未分类\ipx-832.mp4","Preview","4241","Z:\bcbcbcbc\ca-ES\LocalMediaManager\Previews\ipx-832\ipx-832_009.jpg","","数据库记录指向的实体文件不存在","0","MarkMissing","Skipped","磁盘或 NAS 当前不可访问，保留历史状态。","False","False"
"13246","2802","ipx-832","Z:\bcbcbcbc\ca-ES\data\未分类\ipx-832.mp4","Preview","4242","Z:\bcbcbcbc\ca-ES\LocalMediaManager\Previews\ipx-832\ipx-832_010.jpg","","数据库记录指向的实体文件不存在","0","MarkMissing","Skipped","磁盘或 NAS 当前不可访问，保留历史状态。","False","False"
"13246","2802","ipx-832","Z:\bcbcbcbc\ca-ES\data\未分类\ipx-832.mp4","Preview","4243","Z:\bcbcbcbc\ca-ES\LocalMediaManager\Previews\ipx-832\ipx-832_011.jpg","","数据库记录指向的实体文件不存在","0","MarkMissing","Skipped","磁盘或 NAS 当前不可访问，保留历史状态。","False","False"
"13246","2802","ipx-832","Z:\bcbcbcbc\ca-ES\data\未分类\ipx-832.mp4","Preview","4244","Z:\bcbcbcbc\ca-ES\LocalMediaManager\Previews\ipx-832\ipx-832_012.jpg","","数据库记录指向的实体文件不存在","0","MarkMissing","Skipped","磁盘或 NAS 当前不可访问，保留历史状态。","False","False"
"13246","2803","ipx-866","Z:\bcbcbcbc\ca-ES\data\未分类\ipx-866.mp4","Preview","4246","Z:\bcbcbcbc\ca-ES\LocalMediaManager\Previews\ipx-866\ipx-866_001.jpg","","数据库记录指向的实体文件不存在","0","MarkMissing","Skipped","磁盘或 NAS 当前不可访问，保留历史状态。","False","False"
"13246","2803","ipx-866","Z:\bcbcbcbc\ca-ES\data\未分类\ipx-866.mp4","Preview","4247","Z:\bcbcbcbc\ca-ES\LocalMediaManager\Previews\ipx-866\ipx-866_002.jpg","","数据库记录指向的实体文件不存在","0","MarkMissing","Skipped","磁盘或 NAS 当前不可访问，保留历史状态。","False","False"
"13246","2803","ipx-866","Z:\bcbcbcbc\ca-ES\data\未分类\ipx-866.mp4","Preview","4248","Z:\bcbcbcbc\ca-ES\LocalMediaManager\Previews\ipx-866\ipx-866_003.jpg","","数据库记录指向的实体文件不存在","0","MarkMissing","Skipped","磁盘或 NAS 当前不可访问，保留历史状态。","False","False"
"13246","2803","ipx-866","Z:\bcbcbcbc\ca-ES\data\未分类\ipx-866.mp4","Preview","4249","Z:\bcbcbcbc\ca-ES\LocalMediaManager\Previews\ipx-866\ipx-866_004.jpg","","数据库记录指向的实体文件不存在","0","MarkMissing","Skipped","磁盘或 NAS 当前不可访问，保留历史状态。","False","False"
"13246","2803","ipx-866","Z:\bcbcbcbc\ca-ES\data\未分类\ipx-866.mp4","Preview","4250","Z:\bcbcbcbc\ca-ES\LocalMediaManager\Previews\ipx-866\ipx-866_005.jpg","","数据库记录指向的实体文件不存在","0","MarkMissing","Skipped","磁盘或 NAS 当前不可访问，保留历史状态。","False","False"
"13246","2803","ipx-866","Z:\bcbcbcbc\ca-ES\data\未分类\ipx-866.mp4","Preview","4251","Z:\bcbcbcbc\ca-ES\LocalMediaManager\Previews\ipx-866\ipx-866_006.jpg","","数据库记录指向的实体文件不存在","0","MarkMissing","Skipped","磁盘或 NAS 当前不可访问，保留历史状态。","False","False"
"13246","2803","ipx-866","Z:\bcbcbcbc\ca-ES\data\未分类\ipx-866.mp4","Preview","4252","Z:\bcbcbcbc\ca-ES\LocalMediaManager\Previews\ipx-866\ipx-866_007.jpg","","数据库记录指向的实体文件不存在","0","MarkMissing","Skipped","磁盘或 NAS 当前不可访问，保留历史状态。","False","False"
"13246","2803","ipx-866","Z:\bcbcbcbc\ca-ES\data\未分类\ipx-866.mp4","Preview","4253","Z:\bcbcbcbc\ca-ES\LocalMediaManager\Previews\ipx-866\ipx-866_008.jpg","","数据库记录指向的实体文件不存在","0","MarkMissing","Skipped","磁盘或 NAS 当前不可访问，保留历史状态。","False","False"
"13246","2803","ipx-866","Z:\bcbcbcbc\ca-ES\data\未分类\ipx-866.mp4","Preview","4254","Z:\bcbcbcbc\ca-ES\LocalMediaManager\Previews\ipx-866\ipx-866_009.jpg","","数据库记录指向的实体文件不存在","0","MarkMissing","Skipped","磁盘或 NAS 当前不可访问，保留历史状态。","False","False"
"13246","2803","ipx-866","Z:\bcbcbcbc\ca-ES\data\未分类\ipx-866.mp4","Preview","4255","Z:\bcbcbcbc\ca-ES\LocalMediaManager\Previews\ipx-866\ipx-866_010.jpg","","数据库记录指向的实体文件不存在","0","MarkMissing","Skipped","磁盘或 NAS 当前不可访问，保留历史状态。","False","False"
"13246","2803","ipx-866","Z:\bcbcbcbc\ca-ES\data\未分类\ipx-866.mp4","Preview","4256","Z:\bcbcbcbc\ca-ES\LocalMediaManager\Previews\ipx-866\ipx-866_011.jpg","","数据库记录指向的实体文件不存在","0","MarkMissing","Skipped","磁盘或 NAS 当前不可访问，保留历史状态。","False","False"
"13246","2803","ipx-866","Z:\bcbcbcbc\ca-ES\data\未分类\ipx-866.mp4","Preview","4257","Z:\bcbcbcbc\ca-ES\LocalMediaManager\Previews\ipx-866\ipx-866_012.jpg","","数据库记录指向的实体文件不存在","0","MarkMissing","Skipped","磁盘或 NAS 当前不可访问，保留历史状态。","False","False"
"13246","2804","ipx-872","Z:\bcbcbcbc\ca-ES\data\未分类\ipx-872.mp4","Preview","4259","Z:\bcbcbcbc\ca-ES\LocalMediaManager\Previews\ipx-872\ipx-872_001.jpg","","数据库记录指向的实体文件不存在","0","MarkMissing","Skipped","磁盘或 NAS 当前不可访问，保留历史状态。","False","False"
"13246","2804","ipx-872","Z:\bcbcbcbc\ca-ES\data\未分类\ipx-872.mp4","Preview","4260","Z:\bcbcbcbc\ca-ES\LocalMediaManager\Previews\ipx-872\ipx-872_002.jpg","","数据库记录指向的实体文件不存在","0","MarkMissing","Skipped","磁盘或 NAS 当前不可访问，保留历史状态。","False","False"
"13246","2804","ipx-872","Z:\bcbcbcbc\ca-ES\data\未分类\ipx-872.mp4","Preview","4261","Z:\bcbcbcbc\ca-ES\LocalMediaManager\Previews\ipx-872\ipx-872_003.jpg","","数据库记录指向的实体文件不存在","0","MarkMissing","Skipped","磁盘或 NAS 当前不可访问，保留历史状态。","False","False"
"13246","2804","ipx-872","Z:\bcbcbcbc\ca-ES\data\未分类\ipx-872.mp4","Preview","4262","Z:\bcbcbcbc\ca-ES\LocalMediaManager\Previews\ipx-872\ipx-872_004.jpg","","数据库记录指向的实体文件不存在","0","MarkMissing","Skipped","磁盘或 NAS 当前不可访问，保留历史状态。","False","False"
"13246","2804","ipx-872","Z:\bcbcbcbc\ca-ES\data\未分类\ipx-872.mp4","Preview","4263","Z:\bcbcbcbc\ca-ES\LocalMediaManager\Previews\ipx-872\ipx-872_005.jpg","","数据库记录指向的实体文件不存在","0","MarkMissing","Skipped","磁盘或 NAS 当前不可访问，保留历史状态。","False","False"
"13246","2804","ipx-872","Z:\bcbcbcbc\ca-ES\data\未分类\ipx-872.mp4","Preview","4264","Z:\bcbcbcbc\ca-ES\LocalMediaManager\Previews\ipx-872\ipx-872_006.jpg","","数据库记录指向的实体文件不存在","0","MarkMissing","Skipped","磁盘或 NAS 当前不可访问，保留历史状态。","False","False"
"13246","2804","ipx-872","Z:\bcbcbcbc\ca-ES\data\未分类\ipx-872.mp4","Preview","4265","Z:\bcbcbcbc\ca-ES\LocalMediaManager\Previews\ipx-872\ipx-872_007.jpg","","数据库记录指向的实体文件不存在","0","MarkMissing","Skipped","磁盘或 NAS 当前不可访问，保留历史状态。","False","False"
"13246","2804","ipx-872","Z:\bcbcbcbc\ca-ES\data\未分类\ipx-872.mp4","Preview","4266","Z:\bcbcbcbc\ca-ES\LocalMediaManager\Previews\ipx-872\ipx-872_008.jpg","","数据库记录指向的实体文件不存在","0","MarkMissing","Skipped","磁盘或 NAS 当前不可访问，保留历史状态。","False","False"
"13246","2804","ipx-872","Z:\bcbcbcbc\ca-ES\data\未分类\ipx-872.mp4","Preview","4267","Z:\bcbcbcbc\ca-ES\LocalMediaManager\Previews\ipx-872\ipx-872_009.jpg","","数据库记录指向的实体文件不存在","0","MarkMissing","Skipped","磁盘或 NAS 当前不可访问，保留历史状态。","False","False"
"13246","2804","ipx-872","Z:\bcbcbcbc\ca-ES\data\未分类\ipx-872.mp4","Preview","4268","Z:\bcbcbcbc\ca-ES\LocalMediaManager\Previews\ipx-872\ipx-872_010.jpg","","数据库记录指向的实体文件不存在","0","MarkMissing","Skipped","磁盘或 NAS 当前不可访问，保留历史状态。","False","False"
"13246","2804","ipx-872","Z:\bcbcbcbc\ca-ES\data\未分类\ipx-872.mp4","Preview","4269","Z:\bcbcbcbc\ca-ES\LocalMediaManager\Previews\ipx-872\ipx-872_011.jpg","","数据库记录指向的实体文件不存在","0","MarkMissing","Skipped","磁盘或 NAS 当前不可访问，保留历史状态。","False","False"
"13246","2804","ipx-872","Z:\bcbcbcbc\ca-ES\data\未分类\ipx-872.mp4","Preview","4270","Z:\bcbcbcbc\ca-ES\LocalMediaManager\Previews\ipx-872\ipx-872_012.jpg","","数据库记录指向的实体文件不存在","0","MarkMissing","Skipped","磁盘或 NAS 当前不可访问，保留历史状态。","False","False"
"13246","2805","ipx-877","Z:\bcbcbcbc\ca-ES\data\未分类\ipx-877.mp4","Preview","4272","Z:\bcbcbcbc\ca-ES\LocalMediaManager\Previews\ipx-877\ipx-877_001.jpg","","数据库记录指向的实体文件不存在","0","MarkMissing","Skipped","磁盘或 NAS 当前不可访问，保留历史状态。","False","False"
"13246","2805","ipx-877","Z:\bcbcbcbc\ca-ES\data\未分类\ipx-877.mp4","Preview","4273","Z:\bcbcbcbc\ca-ES\LocalMediaManager\Previews\ipx-877\ipx-877_002.jpg","","数据库记录指向的实体文件不存在","0","MarkMissing","Skipped","磁盘或 NAS 当前不可访问，保留历史状态。","False","False"
"13246","2805","ipx-877","Z:\bcbcbcbc\ca-ES\data\未分类\ipx-877.mp4","Preview","4274","Z:\bcbcbcbc\ca-ES\LocalMediaManager\Previews\ipx-877\ipx-877_003.jpg","","数据库记录指向的实体文件不存在","0","MarkMissing","Skipped","磁盘或 NAS 当前不可访问，保留历史状态。","False","False"
"13246","2805","ipx-877","Z:\bcbcbcbc\ca-ES\data\未分类\ipx-877.mp4","Preview","4275","Z:\bcbcbcbc\ca-ES\LocalMediaManager\Previews\ipx-877\ipx-877_004.jpg","","数据库记录指向的实体文件不存在","0","MarkMissing","Skipped","磁盘或 NAS 当前不可访问，保留历史状态。","False","False"
"13246","2805","ipx-877","Z:\bcbcbcbc\ca-ES\data\未分类\ipx-877.mp4","Preview","4276","Z:\bcbcbcbc\ca-ES\LocalMediaManager\Previews\ipx-877\ipx-877_005.jpg","","数据库记录指向的实体文件不存在","0","MarkMissing","Skipped","磁盘或 NAS 当前不可访问，保留历史状态。","False","False"
"13246","2805","ipx-877","Z:\bcbcbcbc\ca-ES\data\未分类\ipx-877.mp4","Preview","4277","Z:\bcbcbcbc\ca-ES\LocalMediaManager\Previews\ipx-877\ipx-877_006.jpg","","数据库记录指向的实体文件不存在","0","MarkMissing","Skipped","磁盘或 NAS 当前不可访问，保留历史状态。","False","False"
"13246","2805","ipx-877","Z:\bcbcbcbc\ca-ES\data\未分类\ipx-877.mp4","Preview","4278","Z:\bcbcbcbc\ca-ES\LocalMediaManager\Previews\ipx-877\ipx-877_007.jpg","","数据库记录指向的实体文件不存在","0","MarkMissing","Skipped","磁盘或 NAS 当前不可访问，保留历史状态。","False","False"
"13246","2805","ipx-877","Z:\bcbcbcbc\ca-ES\data\未分类\ipx-877.mp4","Preview","4279","Z:\bcbcbcbc\ca-ES\LocalMediaManager\Previews\ipx-877\ipx-877_008.jpg","","数据库记录指向的实体文件不存在","0","MarkMissing","Skipped","磁盘或 NAS 当前不可访问，保留历史状态。","False","False"
"13246","2805","ipx-877","Z:\bcbcbcbc\ca-ES\data\未分类\ipx-877.mp4","Preview","4280","Z:\bcbcbcbc\ca-ES\LocalMediaManager\Previews\ipx-877\ipx-877_009.jpg","","数据库记录指向的实体文件不存在","0","MarkMissing","Skipped","磁盘或 NAS 当前不可访问，保留历史状态。","False","False"
"13246","2805","ipx-877","Z:\bcbcbcbc\ca-ES\data\未分类\ipx-877.mp4","Preview","4281","Z:\bcbcbcbc\ca-ES\LocalMediaManager\Previews\ipx-877\ipx-877_010.jpg","","数据库记录指向的实体文件不存在","0","MarkMissing","Skipped","磁盘或 NAS 当前不可访问，保留历史状态。","False","False"
"13246","2805","ipx-877","Z:\bcbcbcbc\ca-ES\data\未分类\ipx-877.mp4","Preview","4282","Z:\bcbcbcbc\ca-ES\LocalMediaManager\Previews\ipx-877\ipx-877_011.jpg","","数据库记录指向的实体文件不存在","0","MarkMissing","Skipped","磁盘或 NAS 当前不可访问，保留历史状态。","False","False"
"13246","2805","ipx-877","Z:\bcbcbcbc\ca-ES\data\未分类\ipx-877.mp4","Preview","4283","Z:\bcbcbcbc\ca-ES\LocalMediaManager\Previews\ipx-877\ipx-877_012.jpg","","数据库记录指向的实体文件不存在","0","MarkMissing","Skipped","磁盘或 NAS 当前不可访问，保留历史状态。","False","False"
"13246","2806","ipx-901","Z:\bcbcbcbc\ca-ES\data\未分类\ipx-901.mp4","Preview","4285","Z:\bcbcbcbc\ca-ES\LocalMediaManager\Previews\ipx-901\ipx-901_001.jpg","","数据库记录指向的实体文件不存在","0","MarkMissing","Skipped","磁盘或 NAS 当前不可访问，保留历史状态。","False","False"
"13246","2806","ipx-901","Z:\bcbcbcbc\ca-ES\data\未分类\ipx-901.mp4","Preview","4286","Z:\bcbcbcbc\ca-ES\LocalMediaManager\Previews\ipx-901\ipx-901_002.jpg","","数据库记录指向的实体文件不存在","0","MarkMissing","Skipped","磁盘或 NAS 当前不可访问，保留历史状态。","False","False"
"13246","2806","ipx-901","Z:\bcbcbcbc\ca-ES\data\未分类\ipx-901.mp4","Preview","4287","Z:\bcbcbcbc\ca-ES\LocalMediaManager\Previews\ipx-901\ipx-901_003.jpg","","数据库记录指向的实体文件不存在","0","MarkMissing","Skipped","磁盘或 NAS 当前不可访问，保留历史状态。","False","False"
"13246","2806","ipx-901","Z:\bcbcbcbc\ca-ES\data\未分类\ipx-901.mp4","Preview","4288","Z:\bcbcbcbc\ca-ES\LocalMediaManager\Previews\ipx-901\ipx-901_004.jpg","","数据库记录指向的实体文件不存在","0","MarkMissing","Skipped","磁盘或 NAS 当前不可访问，保留历史状态。","False","False"
"13246","2806","ipx-901","Z:\bcbcbcbc\ca-ES\data\未分类\ipx-901.mp4","Preview","4289","Z:\bcbcbcbc\ca-ES\LocalMediaManager\Previews\ipx-901\ipx-901_005.jpg","","数据库记录指向的实体文件不存在","0","MarkMissing","Skipped","磁盘或 NAS 当前不可访问，保留历史状态。","False","False"
"13246","2806","ipx-901","Z:\bcbcbcbc\ca-ES\data\未分类\ipx-901.mp4","Preview","4290","Z:\bcbcbcbc\ca-ES\LocalMediaManager\Previews\ipx-901\ipx-901_006.jpg","","数据库记录指向的实体文件不存在","0","MarkMissing","Skipped","磁盘或 NAS 当前不可访问，保留历史状态。","False","False"
"13246","2806","ipx-901","Z:\bcbcbcbc\ca-ES\data\未分类\ipx-901.mp4","Preview","4291","Z:\bcbcbcbc\ca-ES\LocalMediaManager\Previews\ipx-901\ipx-901_007.jpg","","数据库记录指向的实体文件不存在","0","MarkMissing","Skipped","磁盘或 NAS 当前不可访问，保留历史状态。","False","False"
"13246","2806","ipx-901","Z:\bcbcbcbc\ca-ES\data\未分类\ipx-901.mp4","Preview","4292","Z:\bcbcbcbc\ca-ES\LocalMediaManager\Previews\ipx-901\ipx-901_008.jpg","","数据库记录指向的实体文件不存在","0","MarkMissing","Skipped","磁盘或 NAS 当前不可访问，保留历史状态。","False","False"
"13246","2806","ipx-901","Z:\bcbcbcbc\ca-ES\data\未分类\ipx-901.mp4","Preview","4293","Z:\bcbcbcbc\ca-ES\LocalMediaManager\Previews\ipx-901\ipx-901_009.jpg","","数据库记录指向的实体文件不存在","0","MarkMissing","Skipped","磁盘或 NAS 当前不可访问，保留历史状态。","False","False"
"13246","2806","ipx-901","Z:\bcbcbcbc\ca-ES\data\未分类\ipx-901.mp4","Preview","4294","Z:\bcbcbcbc\ca-ES\LocalMediaManager\Previews\ipx-901\ipx-901_010.jpg","","数据库记录指向的实体文件不存在","0","MarkMissing","Skipped","磁盘或 NAS 当前不可访问，保留历史状态。","False","False"
"13246","2806","ipx-901","Z:\bcbcbcbc\ca-ES\data\未分类\ipx-901.mp4","Preview","4295","Z:\bcbcbcbc\ca-ES\LocalMediaManager\Previews\ipx-901\ipx-901_011.jpg","","数据库记录指向的实体文件不存在","0","MarkMissing","Skipped","磁盘或 NAS 当前不可访问，保留历史状态。","False","False"
"13246","2806","ipx-901","Z:\bcbcbcbc\ca-ES\data\未分类\ipx-901.mp4","Preview","4296","Z:\bcbcbcbc\ca-ES\LocalMediaManager\Previews\ipx-901\ipx-901_012.jpg","","数据库记录指向的实体文件不存在","0","MarkMissing","Skipped","磁盘或 NAS 当前不可访问，保留历史状态。","False","False"
"13246","2807","ipx-980","Z:\bcbcbcbc\ca-ES\data\未分类\ipx-980.mp4","Preview","4298","Z:\bcbcbcbc\ca-ES\LocalMediaManager\Previews\ipx-980\ipx-980_001.jpg","","数据库记录指向的实体文件不存在","0","MarkMissing","Skipped","磁盘或 NAS 当前不可访问，保留历史状态。","False","False"
"13246","2807","ipx-980","Z:\bcbcbcbc\ca-ES\data\未分类\ipx-980.mp4","Preview","4299","Z:\bcbcbcbc\ca-ES\LocalMediaManager\Previews\ipx-980\ipx-980_002.jpg","","数据库记录指向的实体文件不存在","0","MarkMissing","Skipped","磁盘或 NAS 当前不可访问，保留历史状态。","False","False"
"13246","2807","ipx-980","Z:\bcbcbcbc\ca-ES\data\未分类\ipx-980.mp4","Preview","4300","Z:\bcbcbcbc\ca-ES\LocalMediaManager\Previews\ipx-980\ipx-980_003.jpg","","数据库记录指向的实体文件不存在","0","MarkMissing","Skipped","磁盘或 NAS 当前不可访问，保留历史状态。","False","False"
"13246","2807","ipx-980","Z:\bcbcbcbc\ca-ES\data\未分类\ipx-980.mp4","Preview","4301","Z:\bcbcbcbc\ca-ES\LocalMediaManager\Previews\ipx-980\ipx-980_004.jpg","","数据库记录指向的实体文件不存在","0","MarkMissing","Skipped","磁盘或 NAS 当前不可访问，保留历史状态。","False","False"
"13246","2807","ipx-980","Z:\bcbcbcbc\ca-ES\data\未分类\ipx-980.mp4","Preview","4302","Z:\bcbcbcbc\ca-ES\LocalMediaManager\Previews\ipx-980\ipx-980_005.jpg","","数据库记录指向的实体文件不存在","0","MarkMissing","Skipped","磁盘或 NAS 当前不可访问，保留历史状态。","False","False"
"13246","2807","ipx-980","Z:\bcbcbcbc\ca-ES\data\未分类\ipx-980.mp4","Preview","4303","Z:\bcbcbcbc\ca-ES\LocalMediaManager\Previews\ipx-980\ipx-980_006.jpg","","数据库记录指向的实体文件不存在","0","MarkMissing","Skipped","磁盘或 NAS 当前不可访问，保留历史状态。","False","False"
"13246","2807","ipx-980","Z:\bcbcbcbc\ca-ES\data\未分类\ipx-980.mp4","Preview","4304","Z:\bcbcbcbc\ca-ES\LocalMediaManager\Previews\ipx-980\ipx-980_007.jpg","","数据库记录指向的实体文件不存在","0","MarkMissing","Skipped","磁盘或 NAS 当前不可访问，保留历史状态。","False","False"
"13246","2807","ipx-980","Z:\bcbcbcbc\ca-ES\data\未分类\ipx-980.mp4","Preview","4305","Z:\bcbcbcbc\ca-ES\LocalMediaManager\Previews\ipx-980\ipx-980_008.jpg","","数据库记录指向的实体文件不存在","0","MarkMissing","Skipped","磁盘或 NAS 当前不可访问，保留历史状态。","False","False"
"13246","2807","ipx-980","Z:\bcbcbcbc\ca-ES\data\未分类\ipx-980.mp4","Preview","4306","Z:\bcbcbcbc\ca-ES\LocalMediaManager\Previews\ipx-980\ipx-980_009.jpg","","数据库记录指向的实体文件不存在","0","MarkMissing","Skipped","磁盘或 NAS 当前不可访问，保留历史状态。","False","False"
"13246","2807","ipx-980","Z:\bcbcbcbc\ca-ES\data\未分类\ipx-980.mp4","Preview","4307","Z:\bcbcbcbc\ca-ES\LocalMediaManager\Previews\ipx-980\ipx-980_010.jpg","","数据库记录指向的实体文件不存在","0","MarkMissing","Skipped","磁盘或 NAS 当前不可访问，保留历史状态。","False","False"
"13246","2808","ipx-990","Z:\bcbcbcbc\ca-ES\data\未分类\ipx-990.mp4","Preview","4309","Z:\bcbcbcbc\ca-ES\LocalMediaManager\Previews\ipx-990\ipx-990_001.jpg","","数据库记录指向的实体文件不存在","0","MarkMissing","Skipped","磁盘或 NAS 当前不可访问，保留历史状态。","False","False"
"13246","2808","ipx-990","Z:\bcbcbcbc\ca-ES\data\未分类\ipx-990.mp4","Preview","4310","Z:\bcbcbcbc\ca-ES\LocalMediaManager\Previews\ipx-990\ipx-990_002.jpg","","数据库记录指向的实体文件不存在","0","MarkMissing","Skipped","磁盘或 NAS 当前不可访问，保留历史状态。","False","False"
"13246","2808","ipx-990","Z:\bcbcbcbc\ca-ES\data\未分类\ipx-990.mp4","Preview","4311","Z:\bcbcbcbc\ca-ES\LocalMediaManager\Previews\ipx-990\ipx-990_003.jpg","","数据库记录指向的实体文件不存在","0","MarkMissing","Skipped","磁盘或 NAS 当前不可访问，保留历史状态。","False","False"
"13246","2808","ipx-990","Z:\bcbcbcbc\ca-ES\data\未分类\ipx-990.mp4","Preview","4312","Z:\bcbcbcbc\ca-ES\LocalMediaManager\Previews\ipx-990\ipx-990_004.jpg","","数据库记录指向的实体文件不存在","0","MarkMissing","Skipped","磁盘或 NAS 当前不可访问，保留历史状态。","False","False"
"13246","2808","ipx-990","Z:\bcbcbcbc\ca-ES\data\未分类\ipx-990.mp4","Preview","4313","Z:\bcbcbcbc\ca-ES\LocalMediaManager\Previews\ipx-990\ipx-990_005.jpg","","数据库记录指向的实体文件不存在","0","MarkMissing","Skipped","磁盘或 NAS 当前不可访问，保留历史状态。","False","False"
"13246","2808","ipx-990","Z:\bcbcbcbc\ca-ES\data\未分类\ipx-990.mp4","Preview","4314","Z:\bcbcbcbc\ca-ES\LocalMediaManager\Previews\ipx-990\ipx-990_006.jpg","","数据库记录指向的实体文件不存在","0","MarkMissing","Skipped","磁盘或 NAS 当前不可访问，保留历史状态。","False","False"
"13246","2808","ipx-990","Z:\bcbcbcbc\ca-ES\data\未分类\ipx-990.mp4","Preview","4315","Z:\bcbcbcbc\ca-ES\LocalMediaManager\Previews\ipx-990\ipx-990_007.jpg","","数据库记录指向的实体文件不存在","0","MarkMissing","Skipped","磁盘或 NAS 当前不可访问，保留历史状态。","False","False"
"13246","2808","ipx-990","Z:\bcbcbcbc\ca-ES\data\未分类\ipx-990.mp4","Preview","4316","Z:\bcbcbcbc\ca-ES\LocalMediaManager\Previews\ipx-990\ipx-990_008.jpg","","数据库记录指向的实体文件不存在","0","MarkMissing","Skipped","磁盘或 NAS 当前不可访问，保留历史状态。","False","False"
"13246","2808","ipx-990","Z:\bcbcbcbc\ca-ES\data\未分类\ipx-990.mp4","Preview","4317","Z:\bcbcbcbc\ca-ES\LocalMediaManager\Previews\ipx-990\ipx-990_009.jpg","","数据库记录指向的实体文件不存在","0","MarkMissing","Skipped","磁盘或 NAS 当前不可访问，保留历史状态。","False","False"
"13246","2808","ipx-990","Z:\bcbcbcbc\ca-ES\data\未分类\ipx-990.mp4","Preview","4318","Z:\bcbcbcbc\ca-ES\LocalMediaManager\Previews\ipx-990\ipx-990_010.jpg","","数据库记录指向的实体文件不存在","0","MarkMissing","Skipped","磁盘或 NAS 当前不可访问，保留历史状态。","False","False"
"13246","2808","ipx-990","Z:\bcbcbcbc\ca-ES\data\未分类\ipx-990.mp4","Preview","4319","Z:\bcbcbcbc\ca-ES\LocalMediaManager\Previews\ipx-990\ipx-990_011.jpg","","数据库记录指向的实体文件不存在","0","MarkMissing","Skipped","磁盘或 NAS 当前不可访问，保留历史状态。","False","False"
"13246","2808","ipx-990","Z:\bcbcbcbc\ca-ES\data\未分类\ipx-990.mp4","Preview","4320","Z:\bcbcbcbc\ca-ES\LocalMediaManager\Previews\ipx-990\ipx-990_012.jpg","","数据库记录指向的实体文件不存在","0","MarkMissing","Skipped","磁盘或 NAS 当前不可访问，保留历史状态。","False","False"
"13246","2809","jufd-994","Z:\bcbcbcbc\ca-ES\data\未分类\jufd-994.mp4","Preview","4322","Z:\bcbcbcbc\ca-ES\LocalMediaManager\Previews\jufd-994\jufd-994_001.jpg","","数据库记录指向的实体文件不存在","0","MarkMissing","Skipped","磁盘或 NAS 当前不可访问，保留历史状态。","False","False"
"13246","2809","jufd-994","Z:\bcbcbcbc\ca-ES\data\未分类\jufd-994.mp4","Preview","4323","Z:\bcbcbcbc\ca-ES\LocalMediaManager\Previews\jufd-994\jufd-994_002.jpg","","数据库记录指向的实体文件不存在","0","MarkMissing","Skipped","磁盘或 NAS 当前不可访问，保留历史状态。","False","False"
"13246","2809","jufd-994","Z:\bcbcbcbc\ca-ES\data\未分类\jufd-994.mp4","Preview","4324","Z:\bcbcbcbc\ca-ES\LocalMediaManager\Previews\jufd-994\jufd-994_003.jpg","","数据库记录指向的实体文件不存在","0","MarkMissing","Skipped","磁盘或 NAS 当前不可访问，保留历史状态。","False","False"
"13246","2809","jufd-994","Z:\bcbcbcbc\ca-ES\data\未分类\jufd-994.mp4","Preview","4325","Z:\bcbcbcbc\ca-ES\LocalMediaManager\Previews\jufd-994\jufd-994_004.jpg","","数据库记录指向的实体文件不存在","0","MarkMissing","Skipped","磁盘或 NAS 当前不可访问，保留历史状态。","False","False"
"13246","2809","jufd-994","Z:\bcbcbcbc\ca-ES\data\未分类\jufd-994.mp4","Preview","4326","Z:\bcbcbcbc\ca-ES\LocalMediaManager\Previews\jufd-994\jufd-994_005.jpg","","数据库记录指向的实体文件不存在","0","MarkMissing","Skipped","磁盘或 NAS 当前不可访问，保留历史状态。","False","False"
"13246","2809","jufd-994","Z:\bcbcbcbc\ca-ES\data\未分类\jufd-994.mp4","Preview","4327","Z:\bcbcbcbc\ca-ES\LocalMediaManager\Previews\jufd-994\jufd-994_006.jpg","","数据库记录指向的实体文件不存在","0","MarkMissing","Skipped","磁盘或 NAS 当前不可访问，保留历史状态。","False","False"
"13246","2809","jufd-994","Z:\bcbcbcbc\ca-ES\data\未分类\jufd-994.mp4","Preview","4328","Z:\bcbcbcbc\ca-ES\LocalMediaManager\Previews\jufd-994\jufd-994_007.jpg","","数据库记录指向的实体文件不存在","0","MarkMissing","Skipped","磁盘或 NAS 当前不可访问，保留历史状态。","False","False"
"13246","2809","jufd-994","Z:\bcbcbcbc\ca-ES\data\未分类\jufd-994.mp4","Preview","4329","Z:\bcbcbcbc\ca-ES\LocalMediaManager\Previews\jufd-994\jufd-994_008.jpg","","数据库记录指向的实体文件不存在","0","MarkMissing","Skipped","磁盘或 NAS 当前不可访问，保留历史状态。","False","False"
"13246","2809","jufd-994","Z:\bcbcbcbc\ca-ES\data\未分类\jufd-994.mp4","Preview","4330","Z:\bcbcbcbc\ca-ES\LocalMediaManager\Previews\jufd-994\jufd-994_009.jpg","","数据库记录指向的实体文件不存在","0","MarkMissing","Skipped","磁盘或 NAS 当前不可访问，保留历史状态。","False","False"
"13246","2809","jufd-994","Z:\bcbcbcbc\ca-ES\data\未分类\jufd-994.mp4","Preview","4331","Z:\bcbcbcbc\ca-ES\LocalMediaManager\Previews\jufd-994\jufd-994_010.jpg","","数据库记录指向的实体文件不存在","0","MarkMissing","Skipped","磁盘或 NAS 当前不可访问，保留历史状态。","False","False"
"13246","2809","jufd-994","Z:\bcbcbcbc\ca-ES\data\未分类\jufd-994.mp4","Preview","4332","Z:\bcbcbcbc\ca-ES\LocalMediaManager\Previews\jufd-994\jufd-994_011.jpg","","数据库记录指向的实体文件不存在","0","MarkMissing","Skipped","磁盘或 NAS 当前不可访问，保留历史状态。","False","False"
"13246","2809","jufd-994","Z:\bcbcbcbc\ca-ES\data\未分类\jufd-994.mp4","Preview","4333","Z:\bcbcbcbc\ca-ES\LocalMediaManager\Previews\jufd-994\jufd-994_012.jpg","","数据库记录指向的实体文件不存在","0","MarkMissing","Skipped","磁盘或 NAS 当前不可访问，保留历史状态。","False","False"
"13246","2810","juq-369","Z:\bcbcbcbc\ca-ES\data\未分类\juq-369.mp4","Preview","4335","Z:\bcbcbcbc\ca-ES\LocalMediaManager\Previews\juq-369\juq-369_001.jpg","","数据库记录指向的实体文件不存在","0","MarkMissing","Skipped","磁盘或 NAS 当前不可访问，保留历史状态。","False","False"
"13246","2810","juq-369","Z:\bcbcbcbc\ca-ES\data\未分类\juq-369.mp4","Preview","4336","Z:\bcbcbcbc\ca-ES\LocalMediaManager\Previews\juq-369\juq-369_002.jpg","","数据库记录指向的实体文件不存在","0","MarkMissing","Skipped","磁盘或 NAS 当前不可访问，保留历史状态。","False","False"
"13246","2810","juq-369","Z:\bcbcbcbc\ca-ES\data\未分类\juq-369.mp4","Preview","4337","Z:\bcbcbcbc\ca-ES\LocalMediaManager\Previews\juq-369\juq-369_003.jpg","","数据库记录指向的实体文件不存在","0","MarkMissing","Skipped","磁盘或 NAS 当前不可访问，保留历史状态。","False","False"
"13246","2810","juq-369","Z:\bcbcbcbc\ca-ES\data\未分类\juq-369.mp4","Preview","4338","Z:\bcbcbcbc\ca-ES\LocalMediaManager\Previews\juq-369\juq-369_004.jpg","","数据库记录指向的实体文件不存在","0","MarkMissing","Skipped","磁盘或 NAS 当前不可访问，保留历史状态。","False","False"
"13246","2810","juq-369","Z:\bcbcbcbc\ca-ES\data\未分类\juq-369.mp4","Preview","4339","Z:\bcbcbcbc\ca-ES\LocalMediaManager\Previews\juq-369\juq-369_005.jpg","","数据库记录指向的实体文件不存在","0","MarkMissing","Skipped","磁盘或 NAS 当前不可访问，保留历史状态。","False","False"
"13246","2810","juq-369","Z:\bcbcbcbc\ca-ES\data\未分类\juq-369.mp4","Preview","4340","Z:\bcbcbcbc\ca-ES\LocalMediaManager\Previews\juq-369\juq-369_006.jpg","","数据库记录指向的实体文件不存在","0","MarkMissing","Skipped","磁盘或 NAS 当前不可访问，保留历史状态。","False","False"
"13246","2810","juq-369","Z:\bcbcbcbc\ca-ES\data\未分类\juq-369.mp4","Preview","4341","Z:\bcbcbcbc\ca-ES\LocalMediaManager\Previews\juq-369\juq-369_007.jpg","","数据库记录指向的实体文件不存在","0","MarkMissing","Skipped","磁盘或 NAS 当前不可访问，保留历史状态。","False","False"
"13246","2810","juq-369","Z:\bcbcbcbc\ca-ES\data\未分类\juq-369.mp4","Preview","4342","Z:\bcbcbcbc\ca-ES\LocalMediaManager\Previews\juq-369\juq-369_008.jpg","","数据库记录指向的实体文件不存在","0","MarkMissing","Skipped","磁盘或 NAS 当前不可访问，保留历史状态。","False","False"
"13246","2810","juq-369","Z:\bcbcbcbc\ca-ES\data\未分类\juq-369.mp4","Preview","4343","Z:\bcbcbcbc\ca-ES\LocalMediaManager\Previews\juq-369\juq-369_009.jpg","","数据库记录指向的实体文件不存在","0","MarkMissing","Skipped","磁盘或 NAS 当前不可访问，保留历史状态。","False","False"
"13246","2810","juq-369","Z:\bcbcbcbc\ca-ES\data\未分类\juq-369.mp4","Preview","4344","Z:\bcbcbcbc\ca-ES\LocalMediaManager\Previews\juq-369\juq-369_010.jpg","","数据库记录指向的实体文件不存在","0","MarkMissing","Skipped","磁盘或 NAS 当前不可访问，保留历史状态。","False","False"
"13246","2812","knsm-007","Z:\bcbcbcbc\ca-ES\data\未分类\knsm-007.mp4","Preview","4346","Z:\bcbcbcbc\ca-ES\LocalMediaManager\Previews\knsm-007\knsm-007_001.jpg","","数据库记录指向的实体文件不存在","0","MarkMissing","Skipped","磁盘或 NAS 当前不可访问，保留历史状态。","False","False"
"13246","2812","knsm-007","Z:\bcbcbcbc\ca-ES\data\未分类\knsm-007.mp4","Preview","4347","Z:\bcbcbcbc\ca-ES\LocalMediaManager\Previews\knsm-007\knsm-007_002.jpg","","数据库记录指向的实体文件不存在","0","MarkMissing","Skipped","磁盘或 NAS 当前不可访问，保留历史状态。","False","False"
"13246","2812","knsm-007","Z:\bcbcbcbc\ca-ES\data\未分类\knsm-007.mp4","Preview","4348","Z:\bcbcbcbc\ca-ES\LocalMediaManager\Previews\knsm-007\knsm-007_003.jpg","","数据库记录指向的实体文件不存在","0","MarkMissing","Skipped","磁盘或 NAS 当前不可访问，保留历史状态。","False","False"
"13246","2812","knsm-007","Z:\bcbcbcbc\ca-ES\data\未分类\knsm-007.mp4","Preview","4349","Z:\bcbcbcbc\ca-ES\LocalMediaManager\Previews\knsm-007\knsm-007_004.jpg","","数据库记录指向的实体文件不存在","0","MarkMissing","Skipped","磁盘或 NAS 当前不可访问，保留历史状态。","False","False"
"13246","2812","knsm-007","Z:\bcbcbcbc\ca-ES\data\未分类\knsm-007.mp4","Preview","4350","Z:\bcbcbcbc\ca-ES\LocalMediaManager\Previews\knsm-007\knsm-007_005.jpg","","数据库记录指向的实体文件不存在","0","MarkMissing","Skipped","磁盘或 NAS 当前不可访问，保留历史状态。","False","False"
"13246","2812","knsm-007","Z:\bcbcbcbc\ca-ES\data\未分类\knsm-007.mp4","Preview","4351","Z:\bcbcbcbc\ca-ES\LocalMediaManager\Previews\knsm-007\knsm-007_006.jpg","","数据库记录指向的实体文件不存在","0","MarkMissing","Skipped","磁盘或 NAS 当前不可访问，保留历史状态。","False","False"
"13246","2812","knsm-007","Z:\bcbcbcbc\ca-ES\data\未分类\knsm-007.mp4","Preview","4352","Z:\bcbcbcbc\ca-ES\LocalMediaManager\Previews\knsm-007\knsm-007_007.jpg","","数据库记录指向的实体文件不存在","0","MarkMissing","Skipped","磁盘或 NAS 当前不可访问，保留历史状态。","False","False"
"13246","2812","knsm-007","Z:\bcbcbcbc\ca-ES\data\未分类\knsm-007.mp4","Preview","4353","Z:\bcbcbcbc\ca-ES\LocalMediaManager\Previews\knsm-007\knsm-007_008.jpg","","数据库记录指向的实体文件不存在","0","MarkMissing","Skipped","磁盘或 NAS 当前不可访问，保留历史状态。","False","False"
"13246","2812","knsm-007","Z:\bcbcbcbc\ca-ES\data\未分类\knsm-007.mp4","Preview","4354","Z:\bcbcbcbc\ca-ES\LocalMediaManager\Previews\knsm-007\knsm-007_009.jpg","","数据库记录指向的实体文件不存在","0","MarkMissing","Skipped","磁盘或 NAS 当前不可访问，保留历史状态。","False","False"
"13246","2812","knsm-007","Z:\bcbcbcbc\ca-ES\data\未分类\knsm-007.mp4","Preview","4355","Z:\bcbcbcbc\ca-ES\LocalMediaManager\Previews\knsm-007\knsm-007_010.jpg","","数据库记录指向的实体文件不存在","0","MarkMissing","Skipped","磁盘或 NAS 当前不可访问，保留历史状态。","False","False"
"13246","2812","knsm-007","Z:\bcbcbcbc\ca-ES\data\未分类\knsm-007.mp4","Preview","4356","Z:\bcbcbcbc\ca-ES\LocalMediaManager\Previews\knsm-007\knsm-007_011.jpg","","数据库记录指向的实体文件不存在","0","MarkMissing","Skipped","磁盘或 NAS 当前不可访问，保留历史状态。","False","False"
"13246","2812","knsm-007","Z:\bcbcbcbc\ca-ES\data\未分类\knsm-007.mp4","Preview","4357","Z:\bcbcbcbc\ca-ES\LocalMediaManager\Previews\knsm-007\knsm-007_012.jpg","","数据库记录指向的实体文件不存在","0","MarkMissing","Skipped","磁盘或 NAS 当前不可访问，保留历史状态。","False","False"
"13246","2812","knsm-007","Z:\bcbcbcbc\ca-ES\data\未分类\knsm-007.mp4","Preview","4358","Z:\bcbcbcbc\ca-ES\LocalMediaManager\Previews\knsm-007\knsm-007_013.jpg","","数据库记录指向的实体文件不存在","0","MarkMissing","Skipped","磁盘或 NAS 当前不可访问，保留历史状态。","False","False"
"13246","2812","knsm-007","Z:\bcbcbcbc\ca-ES\data\未分类\knsm-007.mp4","Preview","4359","Z:\bcbcbcbc\ca-ES\LocalMediaManager\Previews\knsm-007\knsm-007_014.jpg","","数据库记录指向的实体文件不存在","0","MarkMissing","Skipped","磁盘或 NAS 当前不可访问，保留历史状态。","False","False"
"13246","2813","kre-002","Z:\bcbcbcbc\ca-ES\data\未分类\kre-002.wmv","Preview","4361","Z:\bcbcbcbc\ca-ES\LocalMediaManager\Previews\kre-002\kre-002_001.jpg","","数据库记录指向的实体文件不存在","0","MarkMissing","Skipped","磁盘或 NAS 当前不可访问，保留历史状态。","False","False"
"13246","2813","kre-002","Z:\bcbcbcbc\ca-ES\data\未分类\kre-002.wmv","Preview","4362","Z:\bcbcbcbc\ca-ES\LocalMediaManager\Previews\kre-002\kre-002_002.jpg","","数据库记录指向的实体文件不存在","0","MarkMissing","Skipped","磁盘或 NAS 当前不可访问，保留历史状态。","False","False"
"13246","2813","kre-002","Z:\bcbcbcbc\ca-ES\data\未分类\kre-002.wmv","Preview","4363","Z:\bcbcbcbc\ca-ES\LocalMediaManager\Previews\kre-002\kre-002_003.jpg","","数据库记录指向的实体文件不存在","0","MarkMissing","Skipped","磁盘或 NAS 当前不可访问，保留历史状态。","False","False"
"13246","2813","kre-002","Z:\bcbcbcbc\ca-ES\data\未分类\kre-002.wmv","Preview","4364","Z:\bcbcbcbc\ca-ES\LocalMediaManager\Previews\kre-002\kre-002_004.jpg","","数据库记录指向的实体文件不存在","0","MarkMissing","Skipped","磁盘或 NAS 当前不可访问，保留历史状态。","False","False"
"13246","2813","kre-002","Z:\bcbcbcbc\ca-ES\data\未分类\kre-002.wmv","Preview","4365","Z:\bcbcbcbc\ca-ES\LocalMediaManager\Previews\kre-002\kre-002_005.jpg","","数据库记录指向的实体文件不存在","0","MarkMissing","Skipped","磁盘或 NAS 当前不可访问，保留历史状态。","False","False"
"13246","2813","kre-002","Z:\bcbcbcbc\ca-ES\data\未分类\kre-002.wmv","Preview","4366","Z:\bcbcbcbc\ca-ES\LocalMediaManager\Previews\kre-002\kre-002_006.jpg","","数据库记录指向的实体文件不存在","0","MarkMissing","Skipped","磁盘或 NAS 当前不可访问，保留历史状态。","False","False"
"13246","2813","kre-002","Z:\bcbcbcbc\ca-ES\data\未分类\kre-002.wmv","Preview","4367","Z:\bcbcbcbc\ca-ES\LocalMediaManager\Previews\kre-002\kre-002_007.jpg","","数据库记录指向的实体文件不存在","0","MarkMissing","Skipped","磁盘或 NAS 当前不可访问，保留历史状态。","False","False"
"13246","2813","kre-002","Z:\bcbcbcbc\ca-ES\data\未分类\kre-002.wmv","Preview","4368","Z:\bcbcbcbc\ca-ES\LocalMediaManager\Previews\kre-002\kre-002_008.jpg","","数据库记录指向的实体文件不存在","0","MarkMissing","Skipped","磁盘或 NAS 当前不可访问，保留历史状态。","False","False"
"13246","2816","mdc-002","Z:\bcbcbcbc\ca-ES\data\未分类\mdc-002.wmv","Preview","4370","Z:\bcbcbcbc\ca-ES\LocalMediaManager\Previews\mdc-002\mdc-002_001.jpg","","数据库记录指向的实体文件不存在","0","MarkMissing","Skipped","磁盘或 NAS 当前不可访问，保留历史状态。","False","False"
"13246","2816","mdc-002","Z:\bcbcbcbc\ca-ES\data\未分类\mdc-002.wmv","Preview","4371","Z:\bcbcbcbc\ca-ES\LocalMediaManager\Previews\mdc-002\mdc-002_002.jpg","","数据库记录指向的实体文件不存在","0","MarkMissing","Skipped","磁盘或 NAS 当前不可访问，保留历史状态。","False","False"
"13246","2816","mdc-002","Z:\bcbcbcbc\ca-ES\data\未分类\mdc-002.wmv","Preview","4372","Z:\bcbcbcbc\ca-ES\LocalMediaManager\Previews\mdc-002\mdc-002_003.jpg","","数据库记录指向的实体文件不存在","0","MarkMissing","Skipped","磁盘或 NAS 当前不可访问，保留历史状态。","False","False"
"13246","2816","mdc-002","Z:\bcbcbcbc\ca-ES\data\未分类\mdc-002.wmv","Preview","4373","Z:\bcbcbcbc\ca-ES\LocalMediaManager\Previews\mdc-002\mdc-002_004.jpg","","数据库记录指向的实体文件不存在","0","MarkMissing","Skipped","磁盘或 NAS 当前不可访问，保留历史状态。","False","False"
"13246","2816","mdc-002","Z:\bcbcbcbc\ca-ES\data\未分类\mdc-002.wmv","Preview","4374","Z:\bcbcbcbc\ca-ES\LocalMediaManager\Previews\mdc-002\mdc-002_005.jpg","","数据库记录指向的实体文件不存在","0","MarkMissing","Skipped","磁盘或 NAS 当前不可访问，保留历史状态。","False","False"
"13246","2816","mdc-002","Z:\bcbcbcbc\ca-ES\data\未分类\mdc-002.wmv","Preview","4375","Z:\bcbcbcbc\ca-ES\LocalMediaManager\Previews\mdc-002\mdc-002_006.jpg","","数据库记录指向的实体文件不存在","0","MarkMissing","Skipped","磁盘或 NAS 当前不可访问，保留历史状态。","False","False"
"13246","2816","mdc-002","Z:\bcbcbcbc\ca-ES\data\未分类\mdc-002.wmv","Preview","4376","Z:\bcbcbcbc\ca-ES\LocalMediaManager\Previews\mdc-002\mdc-002_007.jpg","","数据库记录指向的实体文件不存在","0","MarkMissing","Skipped","磁盘或 NAS 当前不可访问，保留历史状态。","False","False"
"13246","2816","mdc-002","Z:\bcbcbcbc\ca-ES\data\未分类\mdc-002.wmv","Preview","4377","Z:\bcbcbcbc\ca-ES\LocalMediaManager\Previews\mdc-002\mdc-002_008.jpg","","数据库记录指向的实体文件不存在","0","MarkMissing","Skipped","磁盘或 NAS 当前不可访问，保留历史状态。","False","False"
"13246","2816","mdc-002","Z:\bcbcbcbc\ca-ES\data\未分类\mdc-002.wmv","Preview","4378","Z:\bcbcbcbc\ca-ES\LocalMediaManager\Previews\mdc-002\mdc-002_009.jpg","","数据库记录指向的实体文件不存在","0","MarkMissing","Skipped","磁盘或 NAS 当前不可访问，保留历史状态。","False","False"
"13246","2816","mdc-002","Z:\bcbcbcbc\ca-ES\data\未分类\mdc-002.wmv","Preview","4379","Z:\bcbcbcbc\ca-ES\LocalMediaManager\Previews\mdc-002\mdc-002_010.jpg","","数据库记录指向的实体文件不存在","0","MarkMissing","Skipped","磁盘或 NAS 当前不可访问，保留历史状态。","False","False"
"13246","2816","mdc-002","Z:\bcbcbcbc\ca-ES\data\未分类\mdc-002.wmv","Preview","4380","Z:\bcbcbcbc\ca-ES\LocalMediaManager\Previews\mdc-002\mdc-002_011.jpg","","数据库记录指向的实体文件不存在","0","MarkMissing","Skipped","磁盘或 NAS 当前不可访问，保留历史状态。","False","False"
"13246","2816","mdc-002","Z:\bcbcbcbc\ca-ES\data\未分类\mdc-002.wmv","Preview","4381","Z:\bcbcbcbc\ca-ES\LocalMediaManager\Previews\mdc-002\mdc-002_012.jpg","","数据库记录指向的实体文件不存在","0","MarkMissing","Skipped","磁盘或 NAS 当前不可访问，保留历史状态。","False","False"
"13246","2816","mdc-002","Z:\bcbcbcbc\ca-ES\data\未分类\mdc-002.wmv","Preview","4382","Z:\bcbcbcbc\ca-ES\LocalMediaManager\Previews\mdc-002\mdc-002_013.jpg","","数据库记录指向的实体文件不存在","0","MarkMissing","Skipped","磁盘或 NAS 当前不可访问，保留历史状态。","False","False"
"13246","2816","mdc-002","Z:\bcbcbcbc\ca-ES\data\未分类\mdc-002.wmv","Preview","4383","Z:\bcbcbcbc\ca-ES\LocalMediaManager\Previews\mdc-002\mdc-002_014.jpg","","数据库记录指向的实体文件不存在","0","MarkMissing","Skipped","磁盘或 NAS 当前不可访问，保留历史状态。","False","False"
"13246","2816","mdc-002","Z:\bcbcbcbc\ca-ES\data\未分类\mdc-002.wmv","Preview","4384","Z:\bcbcbcbc\ca-ES\LocalMediaManager\Previews\mdc-002\mdc-002_015.jpg","","数据库记录指向的实体文件不存在","0","MarkMissing","Skipped","磁盘或 NAS 当前不可访问，保留历史状态。","False","False"
"13246","2816","mdc-002","Z:\bcbcbcbc\ca-ES\data\未分类\mdc-002.wmv","Preview","4385","Z:\bcbcbcbc\ca-ES\LocalMediaManager\Previews\mdc-002\mdc-002_016.jpg","","数据库记录指向的实体文件不存在","0","MarkMissing","Skipped","磁盘或 NAS 当前不可访问，保留历史状态。","False","False"
"13246","2816","mdc-002","Z:\bcbcbcbc\ca-ES\data\未分类\mdc-002.wmv","Preview","4386","Z:\bcbcbcbc\ca-ES\LocalMediaManager\Previews\mdc-002\mdc-002_017.jpg","","数据库记录指向的实体文件不存在","0","MarkMissing","Skipped","磁盘或 NAS 当前不可访问，保留历史状态。","False","False"
"13246","2816","mdc-002","Z:\bcbcbcbc\ca-ES\data\未分类\mdc-002.wmv","Preview","4387","Z:\bcbcbcbc\ca-ES\LocalMediaManager\Previews\mdc-002\mdc-002_018.jpg","","数据库记录指向的实体文件不存在","0","MarkMissing","Skipped","磁盘或 NAS 当前不可访问，保留历史状态。","False","False"
"13246","2816","mdc-002","Z:\bcbcbcbc\ca-ES\data\未分类\mdc-002.wmv","Preview","4388","Z:\bcbcbcbc\ca-ES\LocalMediaManager\Previews\mdc-002\mdc-002_019.jpg","","数据库记录指向的实体文件不存在","0","MarkMissing","Skipped","磁盘或 NAS 当前不可访问，保留历史状态。","False","False"
"13246","2816","mdc-002","Z:\bcbcbcbc\ca-ES\data\未分类\mdc-002.wmv","Preview","4389","Z:\bcbcbcbc\ca-ES\LocalMediaManager\Previews\mdc-002\mdc-002_020.jpg","","数据库记录指向的实体文件不存在","0","MarkMissing","Skipped","磁盘或 NAS 当前不可访问，保留历史状态。","False","False"
"13246","2817","meyd-754","Z:\bcbcbcbc\ca-ES\data\未分类\meyd-754.mp4","Preview","4391","Z:\bcbcbcbc\ca-ES\LocalMediaManager\Previews\meyd-754\meyd-754_001.jpg","","数据库记录指向的实体文件不存在","0","MarkMissing","Skipped","磁盘或 NAS 当前不可访问，保留历史状态。","False","False"
"13246","2817","meyd-754","Z:\bcbcbcbc\ca-ES\data\未分类\meyd-754.mp4","Preview","4392","Z:\bcbcbcbc\ca-ES\LocalMediaManager\Previews\meyd-754\meyd-754_002.jpg","","数据库记录指向的实体文件不存在","0","MarkMissing","Skipped","磁盘或 NAS 当前不可访问，保留历史状态。","False","False"
"13246","2817","meyd-754","Z:\bcbcbcbc\ca-ES\data\未分类\meyd-754.mp4","Preview","4393","Z:\bcbcbcbc\ca-ES\LocalMediaManager\Previews\meyd-754\meyd-754_003.jpg","","数据库记录指向的实体文件不存在","0","MarkMissing","Skipped","磁盘或 NAS 当前不可访问，保留历史状态。","False","False"
"13246","2817","meyd-754","Z:\bcbcbcbc\ca-ES\data\未分类\meyd-754.mp4","Preview","4394","Z:\bcbcbcbc\ca-ES\LocalMediaManager\Previews\meyd-754\meyd-754_004.jpg","","数据库记录指向的实体文件不存在","0","MarkMissing","Skipped","磁盘或 NAS 当前不可访问，保留历史状态。","False","False"
"13246","2817","meyd-754","Z:\bcbcbcbc\ca-ES\data\未分类\meyd-754.mp4","Preview","4395","Z:\bcbcbcbc\ca-ES\LocalMediaManager\Previews\meyd-754\meyd-754_005.jpg","","数据库记录指向的实体文件不存在","0","MarkMissing","Skipped","磁盘或 NAS 当前不可访问，保留历史状态。","False","False"
"13246","2817","meyd-754","Z:\bcbcbcbc\ca-ES\data\未分类\meyd-754.mp4","Preview","4396","Z:\bcbcbcbc\ca-ES\LocalMediaManager\Previews\meyd-754\meyd-754_006.jpg","","数据库记录指向的实体文件不存在","0","MarkMissing","Skipped","磁盘或 NAS 当前不可访问，保留历史状态。","False","False"
"13246","2817","meyd-754","Z:\bcbcbcbc\ca-ES\data\未分类\meyd-754.mp4","Preview","4397","Z:\bcbcbcbc\ca-ES\LocalMediaManager\Previews\meyd-754\meyd-754_007.jpg","","数据库记录指向的实体文件不存在","0","MarkMissing","Skipped","磁盘或 NAS 当前不可访问，保留历史状态。","False","False"
"13246","2817","meyd-754","Z:\bcbcbcbc\ca-ES\data\未分类\meyd-754.mp4","Preview","4398","Z:\bcbcbcbc\ca-ES\LocalMediaManager\Previews\meyd-754\meyd-754_008.jpg","","数据库记录指向的实体文件不存在","0","MarkMissing","Skipped","磁盘或 NAS 当前不可访问，保留历史状态。","False","False"
"13246","2817","meyd-754","Z:\bcbcbcbc\ca-ES\data\未分类\meyd-754.mp4","Preview","4399","Z:\bcbcbcbc\ca-ES\LocalMediaManager\Previews\meyd-754\meyd-754_009.jpg","","数据库记录指向的实体文件不存在","0","MarkMissing","Skipped","磁盘或 NAS 当前不可访问，保留历史状态。","False","False"
"13246","2817","meyd-754","Z:\bcbcbcbc\ca-ES\data\未分类\meyd-754.mp4","Preview","4400","Z:\bcbcbcbc\ca-ES\LocalMediaManager\Previews\meyd-754\meyd-754_010.jpg","","数据库记录指向的实体文件不存在","0","MarkMissing","Skipped","磁盘或 NAS 当前不可访问，保留历史状态。","False","False"
"13246","2817","meyd-754","Z:\bcbcbcbc\ca-ES\data\未分类\meyd-754.mp4","Preview","4401","Z:\bcbcbcbc\ca-ES\LocalMediaManager\Previews\meyd-754\meyd-754_011.jpg","","数据库记录指向的实体文件不存在","0","MarkMissing","Skipped","磁盘或 NAS 当前不可访问，保留历史状态。","False","False"
"13246","2817","meyd-754","Z:\bcbcbcbc\ca-ES\data\未分类\meyd-754.mp4","Preview","4402","Z:\bcbcbcbc\ca-ES\LocalMediaManager\Previews\meyd-754\meyd-754_012.jpg","","数据库记录指向的实体文件不存在","0","MarkMissing","Skipped","磁盘或 NAS 当前不可访问，保留历史状态。","False","False"
"13246","2819","midv-149","Z:\bcbcbcbc\ca-ES\data\未分类\midv-149.mp4","Preview","4417","Z:\bcbcbcbc\ca-ES\LocalMediaManager\Previews\midv-149\midv-149_001.jpg","","数据库记录指向的实体文件不存在","0","MarkMissing","Skipped","磁盘或 NAS 当前不可访问，保留历史状态。","False","False"
"13246","2819","midv-149","Z:\bcbcbcbc\ca-ES\data\未分类\midv-149.mp4","Preview","4418","Z:\bcbcbcbc\ca-ES\LocalMediaManager\Previews\midv-149\midv-149_002.jpg","","数据库记录指向的实体文件不存在","0","MarkMissing","Skipped","磁盘或 NAS 当前不可访问，保留历史状态。","False","False"
"13246","2819","midv-149","Z:\bcbcbcbc\ca-ES\data\未分类\midv-149.mp4","Preview","4419","Z:\bcbcbcbc\ca-ES\LocalMediaManager\Previews\midv-149\midv-149_003.jpg","","数据库记录指向的实体文件不存在","0","MarkMissing","Skipped","磁盘或 NAS 当前不可访问，保留历史状态。","False","False"
"13246","2819","midv-149","Z:\bcbcbcbc\ca-ES\data\未分类\midv-149.mp4","Preview","4420","Z:\bcbcbcbc\ca-ES\LocalMediaManager\Previews\midv-149\midv-149_004.jpg","","数据库记录指向的实体文件不存在","0","MarkMissing","Skipped","磁盘或 NAS 当前不可访问，保留历史状态。","False","False"
"13246","2819","midv-149","Z:\bcbcbcbc\ca-ES\data\未分类\midv-149.mp4","Preview","4421","Z:\bcbcbcbc\ca-ES\LocalMediaManager\Previews\midv-149\midv-149_005.jpg","","数据库记录指向的实体文件不存在","0","MarkMissing","Skipped","磁盘或 NAS 当前不可访问，保留历史状态。","False","False"
"13246","2819","midv-149","Z:\bcbcbcbc\ca-ES\data\未分类\midv-149.mp4","Preview","4422","Z:\bcbcbcbc\ca-ES\LocalMediaManager\Previews\midv-149\midv-149_006.jpg","","数据库记录指向的实体文件不存在","0","MarkMissing","Skipped","磁盘或 NAS 当前不可访问，保留历史状态。","False","False"
"13246","2819","midv-149","Z:\bcbcbcbc\ca-ES\data\未分类\midv-149.mp4","Preview","4423","Z:\bcbcbcbc\ca-ES\LocalMediaManager\Previews\midv-149\midv-149_007.jpg","","数据库记录指向的实体文件不存在","0","MarkMissing","Skipped","磁盘或 NAS 当前不可访问，保留历史状态。","False","False"
"13246","2819","midv-149","Z:\bcbcbcbc\ca-ES\data\未分类\midv-149.mp4","Preview","4424","Z:\bcbcbcbc\ca-ES\LocalMediaManager\Previews\midv-149\midv-149_008.jpg","","数据库记录指向的实体文件不存在","0","MarkMissing","Skipped","磁盘或 NAS 当前不可访问，保留历史状态。","False","False"
"13246","2819","midv-149","Z:\bcbcbcbc\ca-ES\data\未分类\midv-149.mp4","Preview","4425","Z:\bcbcbcbc\ca-ES\LocalMediaManager\Previews\midv-149\midv-149_009.jpg","","数据库记录指向的实体文件不存在","0","MarkMissing","Skipped","磁盘或 NAS 当前不可访问，保留历史状态。","False","False"
"13246","2819","midv-149","Z:\bcbcbcbc\ca-ES\data\未分类\midv-149.mp4","Preview","4426","Z:\bcbcbcbc\ca-ES\LocalMediaManager\Previews\midv-149\midv-149_010.jpg","","数据库记录指向的实体文件不存在","0","MarkMissing","Skipped","磁盘或 NAS 当前不可访问，保留历史状态。","False","False"
"13246","2820","mxgs-1034","Z:\bcbcbcbc\ca-ES\data\未分类\mxgs-1034.mp4","Preview","4428","Z:\bcbcbcbc\ca-ES\LocalMediaManager\Previews\mxgs-1034\mxgs-1034_001.jpg","","数据库记录指向的实体文件不存在","0","MarkMissing","Skipped","磁盘或 NAS 当前不可访问，保留历史状态。","False","False"
"13246","2820","mxgs-1034","Z:\bcbcbcbc\ca-ES\data\未分类\mxgs-1034.mp4","Preview","4429","Z:\bcbcbcbc\ca-ES\LocalMediaManager\Previews\mxgs-1034\mxgs-1034_002.jpg","","数据库记录指向的实体文件不存在","0","MarkMissing","Skipped","磁盘或 NAS 当前不可访问，保留历史状态。","False","False"
"13246","2820","mxgs-1034","Z:\bcbcbcbc\ca-ES\data\未分类\mxgs-1034.mp4","Preview","4430","Z:\bcbcbcbc\ca-ES\LocalMediaManager\Previews\mxgs-1034\mxgs-1034_003.jpg","","数据库记录指向的实体文件不存在","0","MarkMissing","Skipped","磁盘或 NAS 当前不可访问，保留历史状态。","False","False"
"13246","2820","mxgs-1034","Z:\bcbcbcbc\ca-ES\data\未分类\mxgs-1034.mp4","Preview","4431","Z:\bcbcbcbc\ca-ES\LocalMediaManager\Previews\mxgs-1034\mxgs-1034_004.jpg","","数据库记录指向的实体文件不存在","0","MarkMissing","Skipped","磁盘或 NAS 当前不可访问，保留历史状态。","False","False"
"13246","2820","mxgs-1034","Z:\bcbcbcbc\ca-ES\data\未分类\mxgs-1034.mp4","Preview","4432","Z:\bcbcbcbc\ca-ES\LocalMediaManager\Previews\mxgs-1034\mxgs-1034_005.jpg","","数据库记录指向的实体文件不存在","0","MarkMissing","Skipped","磁盘或 NAS 当前不可访问，保留历史状态。","False","False"
"13246","2820","mxgs-1034","Z:\bcbcbcbc\ca-ES\data\未分类\mxgs-1034.mp4","Preview","4433","Z:\bcbcbcbc\ca-ES\LocalMediaManager\Previews\mxgs-1034\mxgs-1034_006.jpg","","数据库记录指向的实体文件不存在","0","MarkMissing","Skipped","磁盘或 NAS 当前不可访问，保留历史状态。","False","False"
"13246","2820","mxgs-1034","Z:\bcbcbcbc\ca-ES\data\未分类\mxgs-1034.mp4","Preview","4434","Z:\bcbcbcbc\ca-ES\LocalMediaManager\Previews\mxgs-1034\mxgs-1034_007.jpg","","数据库记录指向的实体文件不存在","0","MarkMissing","Skipped","磁盘或 NAS 当前不可访问，保留历史状态。","False","False"
"13246","2820","mxgs-1034","Z:\bcbcbcbc\ca-ES\data\未分类\mxgs-1034.mp4","Preview","4435","Z:\bcbcbcbc\ca-ES\LocalMediaManager\Previews\mxgs-1034\mxgs-1034_008.jpg","","数据库记录指向的实体文件不存在","0","MarkMissing","Skipped","磁盘或 NAS 当前不可访问，保留历史状态。","False","False"
"13246","2820","mxgs-1034","Z:\bcbcbcbc\ca-ES\data\未分类\mxgs-1034.mp4","Preview","4436","Z:\bcbcbcbc\ca-ES\LocalMediaManager\Previews\mxgs-1034\mxgs-1034_009.jpg","","数据库记录指向的实体文件不存在","0","MarkMissing","Skipped","磁盘或 NAS 当前不可访问，保留历史状态。","False","False"
"13246","2820","mxgs-1034","Z:\bcbcbcbc\ca-ES\data\未分类\mxgs-1034.mp4","Preview","4437","Z:\bcbcbcbc\ca-ES\LocalMediaManager\Previews\mxgs-1034\mxgs-1034_010.jpg","","数据库记录指向的实体文件不存在","0","MarkMissing","Skipped","磁盘或 NAS 当前不可访问，保留历史状态。","False","False"
"13246","2822","ngod-171","Z:\bcbcbcbc\ca-ES\data\未分类\ngod-171.mp4","Preview","4440","Z:\bcbcbcbc\ca-ES\LocalMediaManager\Previews\ngod-171\ngod-171_001.jpg","","数据库记录指向的实体文件不存在","0","MarkMissing","Skipped","磁盘或 NAS 当前不可访问，保留历史状态。","False","False"
"13246","2822","ngod-171","Z:\bcbcbcbc\ca-ES\data\未分类\ngod-171.mp4","Preview","4441","Z:\bcbcbcbc\ca-ES\LocalMediaManager\Previews\ngod-171\ngod-171_002.jpg","","数据库记录指向的实体文件不存在","0","MarkMissing","Skipped","磁盘或 NAS 当前不可访问，保留历史状态。","False","False"
"13246","2822","ngod-171","Z:\bcbcbcbc\ca-ES\data\未分类\ngod-171.mp4","Preview","4442","Z:\bcbcbcbc\ca-ES\LocalMediaManager\Previews\ngod-171\ngod-171_003.jpg","","数据库记录指向的实体文件不存在","0","MarkMissing","Skipped","磁盘或 NAS 当前不可访问，保留历史状态。","False","False"
"13246","2822","ngod-171","Z:\bcbcbcbc\ca-ES\data\未分类\ngod-171.mp4","Preview","4443","Z:\bcbcbcbc\ca-ES\LocalMediaManager\Previews\ngod-171\ngod-171_004.jpg","","数据库记录指向的实体文件不存在","0","MarkMissing","Skipped","磁盘或 NAS 当前不可访问，保留历史状态。","False","False"
"13246","2822","ngod-171","Z:\bcbcbcbc\ca-ES\data\未分类\ngod-171.mp4","Preview","4444","Z:\bcbcbcbc\ca-ES\LocalMediaManager\Previews\ngod-171\ngod-171_005.jpg","","数据库记录指向的实体文件不存在","0","MarkMissing","Skipped","磁盘或 NAS 当前不可访问，保留历史状态。","False","False"
"13246","2822","ngod-171","Z:\bcbcbcbc\ca-ES\data\未分类\ngod-171.mp4","Preview","4445","Z:\bcbcbcbc\ca-ES\LocalMediaManager\Previews\ngod-171\ngod-171_006.jpg","","数据库记录指向的实体文件不存在","0","MarkMissing","Skipped","磁盘或 NAS 当前不可访问，保留历史状态。","False","False"
"13246","2822","ngod-171","Z:\bcbcbcbc\ca-ES\data\未分类\ngod-171.mp4","Preview","4446","Z:\bcbcbcbc\ca-ES\LocalMediaManager\Previews\ngod-171\ngod-171_007.jpg","","数据库记录指向的实体文件不存在","0","MarkMissing","Skipped","磁盘或 NAS 当前不可访问，保留历史状态。","False","False"
"13246","2822","ngod-171","Z:\bcbcbcbc\ca-ES\data\未分类\ngod-171.mp4","Preview","4447","Z:\bcbcbcbc\ca-ES\LocalMediaManager\Previews\ngod-171\ngod-171_008.jpg","","数据库记录指向的实体文件不存在","0","MarkMissing","Skipped","磁盘或 NAS 当前不可访问，保留历史状态。","False","False"
"13246","2822","ngod-171","Z:\bcbcbcbc\ca-ES\data\未分类\ngod-171.mp4","Preview","4448","Z:\bcbcbcbc\ca-ES\LocalMediaManager\Previews\ngod-171\ngod-171_009.jpg","","数据库记录指向的实体文件不存在","0","MarkMissing","Skipped","磁盘或 NAS 当前不可访问，保留历史状态。","False","False"
"13246","2822","ngod-171","Z:\bcbcbcbc\ca-ES\data\未分类\ngod-171.mp4","Preview","4449","Z:\bcbcbcbc\ca-ES\LocalMediaManager\Previews\ngod-171\ngod-171_010.jpg","","数据库记录指向的实体文件不存在","0","MarkMissing","Skipped","磁盘或 NAS 当前不可访问，保留历史状态。","False","False"
"13246","2822","ngod-171","Z:\bcbcbcbc\ca-ES\data\未分类\ngod-171.mp4","Preview","4450","Z:\bcbcbcbc\ca-ES\LocalMediaManager\Previews\ngod-171\ngod-171_011.jpg","","数据库记录指向的实体文件不存在","0","MarkMissing","Skipped","磁盘或 NAS 当前不可访问，保留历史状态。","False","False"
"13246","2822","ngod-171","Z:\bcbcbcbc\ca-ES\data\未分类\ngod-171.mp4","Preview","4451","Z:\bcbcbcbc\ca-ES\LocalMediaManager\Previews\ngod-171\ngod-171_012.jpg","","数据库记录指向的实体文件不存在","0","MarkMissing","Skipped","磁盘或 NAS 当前不可访问，保留历史状态。","False","False"
"13246","2822","ngod-171","Z:\bcbcbcbc\ca-ES\data\未分类\ngod-171.mp4","Preview","4452","Z:\bcbcbcbc\ca-ES\LocalMediaManager\Previews\ngod-171\ngod-171_013.jpg","","数据库记录指向的实体文件不存在","0","MarkMissing","Skipped","磁盘或 NAS 当前不可访问，保留历史状态。","False","False"
"13246","2822","ngod-171","Z:\bcbcbcbc\ca-ES\data\未分类\ngod-171.mp4","Preview","4453","Z:\bcbcbcbc\ca-ES\LocalMediaManager\Previews\ngod-171\ngod-171_014.jpg","","数据库记录指向的实体文件不存在","0","MarkMissing","Skipped","磁盘或 NAS 当前不可访问，保留历史状态。","False","False"
"13246","2822","ngod-171","Z:\bcbcbcbc\ca-ES\data\未分类\ngod-171.mp4","Preview","4454","Z:\bcbcbcbc\ca-ES\LocalMediaManager\Previews\ngod-171\ngod-171_015.jpg","","数据库记录指向的实体文件不存在","0","MarkMissing","Skipped","磁盘或 NAS 当前不可访问，保留历史状态。","False","False"
"13246","2822","ngod-171","Z:\bcbcbcbc\ca-ES\data\未分类\ngod-171.mp4","Preview","4455","Z:\bcbcbcbc\ca-ES\LocalMediaManager\Previews\ngod-171\ngod-171_016.jpg","","数据库记录指向的实体文件不存在","0","MarkMissing","Skipped","磁盘或 NAS 当前不可访问，保留历史状态。","False","False"
"13246","2822","ngod-171","Z:\bcbcbcbc\ca-ES\data\未分类\ngod-171.mp4","Preview","4456","Z:\bcbcbcbc\ca-ES\LocalMediaManager\Previews\ngod-171\ngod-171_017.jpg","","数据库记录指向的实体文件不存在","0","MarkMissing","Skipped","磁盘或 NAS 当前不可访问，保留历史状态。","False","False"
"13246","2822","ngod-171","Z:\bcbcbcbc\ca-ES\data\未分类\ngod-171.mp4","Preview","4457","Z:\bcbcbcbc\ca-ES\LocalMediaManager\Previews\ngod-171\ngod-171_018.jpg","","数据库记录指向的实体文件不存在","0","MarkMissing","Skipped","磁盘或 NAS 当前不可访问，保留历史状态。","False","False"
"13246","2822","ngod-171","Z:\bcbcbcbc\ca-ES\data\未分类\ngod-171.mp4","Preview","4458","Z:\bcbcbcbc\ca-ES\LocalMediaManager\Previews\ngod-171\ngod-171_019.jpg","","数据库记录指向的实体文件不存在","0","MarkMissing","Skipped","磁盘或 NAS 当前不可访问，保留历史状态。","False","False"
"13246","2822","ngod-171","Z:\bcbcbcbc\ca-ES\data\未分类\ngod-171.mp4","Preview","4459","Z:\bcbcbcbc\ca-ES\LocalMediaManager\Previews\ngod-171\ngod-171_020.jpg","","数据库记录指向的实体文件不存在","0","MarkMissing","Skipped","磁盘或 NAS 当前不可访问，保留历史状态。","False","False"
"13246","2824","pfes-038","Z:\bcbcbcbc\ca-ES\data\未分类\pfes-038.mp4","Preview","4461","Z:\bcbcbcbc\ca-ES\LocalMediaManager\Previews\pfes-038\pfes-038_001.jpg","","数据库记录指向的实体文件不存在","0","MarkMissing","Skipped","磁盘或 NAS 当前不可访问，保留历史状态。","False","False"
"13246","2824","pfes-038","Z:\bcbcbcbc\ca-ES\data\未分类\pfes-038.mp4","Preview","4462","Z:\bcbcbcbc\ca-ES\LocalMediaManager\Previews\pfes-038\pfes-038_002.jpg","","数据库记录指向的实体文件不存在","0","MarkMissing","Skipped","磁盘或 NAS 当前不可访问，保留历史状态。","False","False"
"13246","2824","pfes-038","Z:\bcbcbcbc\ca-ES\data\未分类\pfes-038.mp4","Preview","4463","Z:\bcbcbcbc\ca-ES\LocalMediaManager\Previews\pfes-038\pfes-038_003.jpg","","数据库记录指向的实体文件不存在","0","MarkMissing","Skipped","磁盘或 NAS 当前不可访问，保留历史状态。","False","False"
"13246","2824","pfes-038","Z:\bcbcbcbc\ca-ES\data\未分类\pfes-038.mp4","Preview","4464","Z:\bcbcbcbc\ca-ES\LocalMediaManager\Previews\pfes-038\pfes-038_004.jpg","","数据库记录指向的实体文件不存在","0","MarkMissing","Skipped","磁盘或 NAS 当前不可访问，保留历史状态。","False","False"
"13246","2824","pfes-038","Z:\bcbcbcbc\ca-ES\data\未分类\pfes-038.mp4","Preview","4465","Z:\bcbcbcbc\ca-ES\LocalMediaManager\Previews\pfes-038\pfes-038_005.jpg","","数据库记录指向的实体文件不存在","0","MarkMissing","Skipped","磁盘或 NAS 当前不可访问，保留历史状态。","False","False"
"13246","2824","pfes-038","Z:\bcbcbcbc\ca-ES\data\未分类\pfes-038.mp4","Preview","4466","Z:\bcbcbcbc\ca-ES\LocalMediaManager\Previews\pfes-038\pfes-038_006.jpg","","数据库记录指向的实体文件不存在","0","MarkMissing","Skipped","磁盘或 NAS 当前不可访问，保留历史状态。","False","False"
"13246","2824","pfes-038","Z:\bcbcbcbc\ca-ES\data\未分类\pfes-038.mp4","Preview","4467","Z:\bcbcbcbc\ca-ES\LocalMediaManager\Previews\pfes-038\pfes-038_007.jpg","","数据库记录指向的实体文件不存在","0","MarkMissing","Skipped","磁盘或 NAS 当前不可访问，保留历史状态。","False","False"
"13246","2824","pfes-038","Z:\bcbcbcbc\ca-ES\data\未分类\pfes-038.mp4","Preview","4468","Z:\bcbcbcbc\ca-ES\LocalMediaManager\Previews\pfes-038\pfes-038_008.jpg","","数据库记录指向的实体文件不存在","0","MarkMissing","Skipped","磁盘或 NAS 当前不可访问，保留历史状态。","False","False"
"13246","2824","pfes-038","Z:\bcbcbcbc\ca-ES\data\未分类\pfes-038.mp4","Preview","4469","Z:\bcbcbcbc\ca-ES\LocalMediaManager\Previews\pfes-038\pfes-038_009.jpg","","数据库记录指向的实体文件不存在","0","MarkMissing","Skipped","磁盘或 NAS 当前不可访问，保留历史状态。","False","False"
"13246","2824","pfes-038","Z:\bcbcbcbc\ca-ES\data\未分类\pfes-038.mp4","Preview","4470","Z:\bcbcbcbc\ca-ES\LocalMediaManager\Previews\pfes-038\pfes-038_010.jpg","","数据库记录指向的实体文件不存在","0","MarkMissing","Skipped","磁盘或 NAS 当前不可访问，保留历史状态。","False","False"
"13246","2824","pfes-038","Z:\bcbcbcbc\ca-ES\data\未分类\pfes-038.mp4","Preview","4471","Z:\bcbcbcbc\ca-ES\LocalMediaManager\Previews\pfes-038\pfes-038_011.jpg","","数据库记录指向的实体文件不存在","0","MarkMissing","Skipped","磁盘或 NAS 当前不可访问，保留历史状态。","False","False"
"13246","2824","pfes-038","Z:\bcbcbcbc\ca-ES\data\未分类\pfes-038.mp4","Preview","4472","Z:\bcbcbcbc\ca-ES\LocalMediaManager\Previews\pfes-038\pfes-038_012.jpg","","数据库记录指向的实体文件不存在","0","MarkMissing","Skipped","磁盘或 NAS 当前不可访问，保留历史状态。","False","False"
"13246","2825","pih-002","Z:\bcbcbcbc\ca-ES\data\未分类\pih-002.mp4","Preview","4474","Z:\bcbcbcbc\ca-ES\LocalMediaManager\Previews\pih-002\pih-002_001.jpg","","数据库记录指向的实体文件不存在","0","MarkMissing","Skipped","磁盘或 NAS 当前不可访问，保留历史状态。","False","False"
"13246","2825","pih-002","Z:\bcbcbcbc\ca-ES\data\未分类\pih-002.mp4","Preview","4475","Z:\bcbcbcbc\ca-ES\LocalMediaManager\Previews\pih-002\pih-002_002.jpg","","数据库记录指向的实体文件不存在","0","MarkMissing","Skipped","磁盘或 NAS 当前不可访问，保留历史状态。","False","False"
"13246","2825","pih-002","Z:\bcbcbcbc\ca-ES\data\未分类\pih-002.mp4","Preview","4476","Z:\bcbcbcbc\ca-ES\LocalMediaManager\Previews\pih-002\pih-002_003.jpg","","数据库记录指向的实体文件不存在","0","MarkMissing","Skipped","磁盘或 NAS 当前不可访问，保留历史状态。","False","False"
"13246","2825","pih-002","Z:\bcbcbcbc\ca-ES\data\未分类\pih-002.mp4","Preview","4477","Z:\bcbcbcbc\ca-ES\LocalMediaManager\Previews\pih-002\pih-002_004.jpg","","数据库记录指向的实体文件不存在","0","MarkMissing","Skipped","磁盘或 NAS 当前不可访问，保留历史状态。","False","False"
"13246","2825","pih-002","Z:\bcbcbcbc\ca-ES\data\未分类\pih-002.mp4","Preview","4478","Z:\bcbcbcbc\ca-ES\LocalMediaManager\Previews\pih-002\pih-002_005.jpg","","数据库记录指向的实体文件不存在","0","MarkMissing","Skipped","磁盘或 NAS 当前不可访问，保留历史状态。","False","False"
"13246","2825","pih-002","Z:\bcbcbcbc\ca-ES\data\未分类\pih-002.mp4","Preview","4479","Z:\bcbcbcbc\ca-ES\LocalMediaManager\Previews\pih-002\pih-002_006.jpg","","数据库记录指向的实体文件不存在","0","MarkMissing","Skipped","磁盘或 NAS 当前不可访问，保留历史状态。","False","False"
"13246","2825","pih-002","Z:\bcbcbcbc\ca-ES\data\未分类\pih-002.mp4","Preview","4480","Z:\bcbcbcbc\ca-ES\LocalMediaManager\Previews\pih-002\pih-002_007.jpg","","数据库记录指向的实体文件不存在","0","MarkMissing","Skipped","磁盘或 NAS 当前不可访问，保留历史状态。","False","False"
"13246","2825","pih-002","Z:\bcbcbcbc\ca-ES\data\未分类\pih-002.mp4","Preview","4481","Z:\bcbcbcbc\ca-ES\LocalMediaManager\Previews\pih-002\pih-002_008.jpg","","数据库记录指向的实体文件不存在","0","MarkMissing","Skipped","磁盘或 NAS 当前不可访问，保留历史状态。","False","False"
"13246","2825","pih-002","Z:\bcbcbcbc\ca-ES\data\未分类\pih-002.mp4","Preview","4482","Z:\bcbcbcbc\ca-ES\LocalMediaManager\Previews\pih-002\pih-002_009.jpg","","数据库记录指向的实体文件不存在","0","MarkMissing","Skipped","磁盘或 NAS 当前不可访问，保留历史状态。","False","False"
"13246","2825","pih-002","Z:\bcbcbcbc\ca-ES\data\未分类\pih-002.mp4","Preview","4483","Z:\bcbcbcbc\ca-ES\LocalMediaManager\Previews\pih-002\pih-002_010.jpg","","数据库记录指向的实体文件不存在","0","MarkMissing","Skipped","磁盘或 NAS 当前不可访问，保留历史状态。","False","False"
"13246","2825","pih-002","Z:\bcbcbcbc\ca-ES\data\未分类\pih-002.mp4","Preview","4484","Z:\bcbcbcbc\ca-ES\LocalMediaManager\Previews\pih-002\pih-002_011.jpg","","数据库记录指向的实体文件不存在","0","MarkMissing","Skipped","磁盘或 NAS 当前不可访问，保留历史状态。","False","False"
"13246","2825","pih-002","Z:\bcbcbcbc\ca-ES\data\未分类\pih-002.mp4","Preview","4485","Z:\bcbcbcbc\ca-ES\LocalMediaManager\Previews\pih-002\pih-002_012.jpg","","数据库记录指向的实体文件不存在","0","MarkMissing","Skipped","磁盘或 NAS 当前不可访问，保留历史状态。","False","False"
"13246","2825","pih-002","Z:\bcbcbcbc\ca-ES\data\未分类\pih-002.mp4","Preview","4486","Z:\bcbcbcbc\ca-ES\LocalMediaManager\Previews\pih-002\pih-002_013.jpg","","数据库记录指向的实体文件不存在","0","MarkMissing","Skipped","磁盘或 NAS 当前不可访问，保留历史状态。","False","False"
"13246","2825","pih-002","Z:\bcbcbcbc\ca-ES\data\未分类\pih-002.mp4","Preview","4487","Z:\bcbcbcbc\ca-ES\LocalMediaManager\Previews\pih-002\pih-002_014.jpg","","数据库记录指向的实体文件不存在","0","MarkMissing","Skipped","磁盘或 NAS 当前不可访问，保留历史状态。","False","False"
"13246","2825","pih-002","Z:\bcbcbcbc\ca-ES\data\未分类\pih-002.mp4","Preview","4488","Z:\bcbcbcbc\ca-ES\LocalMediaManager\Previews\pih-002\pih-002_015.jpg","","数据库记录指向的实体文件不存在","0","MarkMissing","Skipped","磁盘或 NAS 当前不可访问，保留历史状态。","False","False"
"13246","2825","pih-002","Z:\bcbcbcbc\ca-ES\data\未分类\pih-002.mp4","Preview","4489","Z:\bcbcbcbc\ca-ES\LocalMediaManager\Previews\pih-002\pih-002_016.jpg","","数据库记录指向的实体文件不存在","0","MarkMissing","Skipped","磁盘或 NAS 当前不可访问，保留历史状态。","False","False"
"13246","2825","pih-002","Z:\bcbcbcbc\ca-ES\data\未分类\pih-002.mp4","Preview","4490","Z:\bcbcbcbc\ca-ES\LocalMediaManager\Previews\pih-002\pih-002_017.jpg","","数据库记录指向的实体文件不存在","0","MarkMissing","Skipped","磁盘或 NAS 当前不可访问，保留历史状态。","False","False"
"13246","2825","pih-002","Z:\bcbcbcbc\ca-ES\data\未分类\pih-002.mp4","Preview","4491","Z:\bcbcbcbc\ca-ES\LocalMediaManager\Previews\pih-002\pih-002_018.jpg","","数据库记录指向的实体文件不存在","0","MarkMissing","Skipped","磁盘或 NAS 当前不可访问，保留历史状态。","False","False"
"13246","2825","pih-002","Z:\bcbcbcbc\ca-ES\data\未分类\pih-002.mp4","Preview","4492","Z:\bcbcbcbc\ca-ES\LocalMediaManager\Previews\pih-002\pih-002_019.jpg","","数据库记录指向的实体文件不存在","0","MarkMissing","Skipped","磁盘或 NAS 当前不可访问，保留历史状态。","False","False"
"13246","2825","pih-002","Z:\bcbcbcbc\ca-ES\data\未分类\pih-002.mp4","Preview","4493","Z:\bcbcbcbc\ca-ES\LocalMediaManager\Previews\pih-002\pih-002_020.jpg","","数据库记录指向的实体文件不存在","0","MarkMissing","Skipped","磁盘或 NAS 当前不可访问，保留历史状态。","False","False"
"13246","2826","pred-508","Z:\bcbcbcbc\ca-ES\data\未分类\pred-508.mp4","Preview","4495","Z:\bcbcbcbc\ca-ES\LocalMediaManager\Previews\pred-508\pred-508_001.jpg","","数据库记录指向的实体文件不存在","0","MarkMissing","Skipped","磁盘或 NAS 当前不可访问，保留历史状态。","False","False"
"13246","2826","pred-508","Z:\bcbcbcbc\ca-ES\data\未分类\pred-508.mp4","Preview","4496","Z:\bcbcbcbc\ca-ES\LocalMediaManager\Previews\pred-508\pred-508_002.jpg","","数据库记录指向的实体文件不存在","0","MarkMissing","Skipped","磁盘或 NAS 当前不可访问，保留历史状态。","False","False"
"13246","2826","pred-508","Z:\bcbcbcbc\ca-ES\data\未分类\pred-508.mp4","Preview","4497","Z:\bcbcbcbc\ca-ES\LocalMediaManager\Previews\pred-508\pred-508_003.jpg","","数据库记录指向的实体文件不存在","0","MarkMissing","Skipped","磁盘或 NAS 当前不可访问，保留历史状态。","False","False"
"13246","2826","pred-508","Z:\bcbcbcbc\ca-ES\data\未分类\pred-508.mp4","Preview","4498","Z:\bcbcbcbc\ca-ES\LocalMediaManager\Previews\pred-508\pred-508_004.jpg","","数据库记录指向的实体文件不存在","0","MarkMissing","Skipped","磁盘或 NAS 当前不可访问，保留历史状态。","False","False"
"13246","2826","pred-508","Z:\bcbcbcbc\ca-ES\data\未分类\pred-508.mp4","Preview","4499","Z:\bcbcbcbc\ca-ES\LocalMediaManager\Previews\pred-508\pred-508_005.jpg","","数据库记录指向的实体文件不存在","0","MarkMissing","Skipped","磁盘或 NAS 当前不可访问，保留历史状态。","False","False"
"13246","2826","pred-508","Z:\bcbcbcbc\ca-ES\data\未分类\pred-508.mp4","Preview","4500","Z:\bcbcbcbc\ca-ES\LocalMediaManager\Previews\pred-508\pred-508_006.jpg","","数据库记录指向的实体文件不存在","0","MarkMissing","Skipped","磁盘或 NAS 当前不可访问，保留历史状态。","False","False"
"13246","2826","pred-508","Z:\bcbcbcbc\ca-ES\data\未分类\pred-508.mp4","Preview","4501","Z:\bcbcbcbc\ca-ES\LocalMediaManager\Previews\pred-508\pred-508_007.jpg","","数据库记录指向的实体文件不存在","0","MarkMissing","Skipped","磁盘或 NAS 当前不可访问，保留历史状态。","False","False"
"13246","2826","pred-508","Z:\bcbcbcbc\ca-ES\data\未分类\pred-508.mp4","Preview","4502","Z:\bcbcbcbc\ca-ES\LocalMediaManager\Previews\pred-508\pred-508_008.jpg","","数据库记录指向的实体文件不存在","0","MarkMissing","Skipped","磁盘或 NAS 当前不可访问，保留历史状态。","False","False"
"13246","2826","pred-508","Z:\bcbcbcbc\ca-ES\data\未分类\pred-508.mp4","Preview","4503","Z:\bcbcbcbc\ca-ES\LocalMediaManager\Previews\pred-508\pred-508_009.jpg","","数据库记录指向的实体文件不存在","0","MarkMissing","Skipped","磁盘或 NAS 当前不可访问，保留历史状态。","False","False"
"13246","2826","pred-508","Z:\bcbcbcbc\ca-ES\data\未分类\pred-508.mp4","Preview","4504","Z:\bcbcbcbc\ca-ES\LocalMediaManager\Previews\pred-508\pred-508_010.jpg","","数据库记录指向的实体文件不存在","0","MarkMissing","Skipped","磁盘或 NAS 当前不可访问，保留历史状态。","False","False"
"13246","2827","rebd-648","Z:\bcbcbcbc\ca-ES\data\未分类\rebd-648.mp4","Preview","4506","Z:\bcbcbcbc\ca-ES\LocalMediaManager\Previews\rebd-648\rebd-648_001.jpg","","数据库记录指向的实体文件不存在","0","MarkMissing","Skipped","磁盘或 NAS 当前不可访问，保留历史状态。","False","False"
"13246","2827","rebd-648","Z:\bcbcbcbc\ca-ES\data\未分类\rebd-648.mp4","Preview","4507","Z:\bcbcbcbc\ca-ES\LocalMediaManager\Previews\rebd-648\rebd-648_002.jpg","","数据库记录指向的实体文件不存在","0","MarkMissing","Skipped","磁盘或 NAS 当前不可访问，保留历史状态。","False","False"
"13246","2827","rebd-648","Z:\bcbcbcbc\ca-ES\data\未分类\rebd-648.mp4","Preview","4508","Z:\bcbcbcbc\ca-ES\LocalMediaManager\Previews\rebd-648\rebd-648_003.jpg","","数据库记录指向的实体文件不存在","0","MarkMissing","Skipped","磁盘或 NAS 当前不可访问，保留历史状态。","False","False"
"13246","2827","rebd-648","Z:\bcbcbcbc\ca-ES\data\未分类\rebd-648.mp4","Preview","4509","Z:\bcbcbcbc\ca-ES\LocalMediaManager\Previews\rebd-648\rebd-648_004.jpg","","数据库记录指向的实体文件不存在","0","MarkMissing","Skipped","磁盘或 NAS 当前不可访问，保留历史状态。","False","False"
"13246","2827","rebd-648","Z:\bcbcbcbc\ca-ES\data\未分类\rebd-648.mp4","Preview","4510","Z:\bcbcbcbc\ca-ES\LocalMediaManager\Previews\rebd-648\rebd-648_005.jpg","","数据库记录指向的实体文件不存在","0","MarkMissing","Skipped","磁盘或 NAS 当前不可访问，保留历史状态。","False","False"
"13246","2827","rebd-648","Z:\bcbcbcbc\ca-ES\data\未分类\rebd-648.mp4","Preview","4511","Z:\bcbcbcbc\ca-ES\LocalMediaManager\Previews\rebd-648\rebd-648_006.jpg","","数据库记录指向的实体文件不存在","0","MarkMissing","Skipped","磁盘或 NAS 当前不可访问，保留历史状态。","False","False"
"13246","2827","rebd-648","Z:\bcbcbcbc\ca-ES\data\未分类\rebd-648.mp4","Preview","4512","Z:\bcbcbcbc\ca-ES\LocalMediaManager\Previews\rebd-648\rebd-648_007.jpg","","数据库记录指向的实体文件不存在","0","MarkMissing","Skipped","磁盘或 NAS 当前不可访问，保留历史状态。","False","False"
"13246","2827","rebd-648","Z:\bcbcbcbc\ca-ES\data\未分类\rebd-648.mp4","Preview","4513","Z:\bcbcbcbc\ca-ES\LocalMediaManager\Previews\rebd-648\rebd-648_008.jpg","","数据库记录指向的实体文件不存在","0","MarkMissing","Skipped","磁盘或 NAS 当前不可访问，保留历史状态。","False","False"
"13246","2827","rebd-648","Z:\bcbcbcbc\ca-ES\data\未分类\rebd-648.mp4","Preview","4514","Z:\bcbcbcbc\ca-ES\LocalMediaManager\Previews\rebd-648\rebd-648_009.jpg","","数据库记录指向的实体文件不存在","0","MarkMissing","Skipped","磁盘或 NAS 当前不可访问，保留历史状态。","False","False"
"13246","2827","rebd-648","Z:\bcbcbcbc\ca-ES\data\未分类\rebd-648.mp4","Preview","4515","Z:\bcbcbcbc\ca-ES\LocalMediaManager\Previews\rebd-648\rebd-648_010.jpg","","数据库记录指向的实体文件不存在","0","MarkMissing","Skipped","磁盘或 NAS 当前不可访问，保留历史状态。","False","False"
"13246","2827","rebd-648","Z:\bcbcbcbc\ca-ES\data\未分类\rebd-648.mp4","Preview","4516","Z:\bcbcbcbc\ca-ES\LocalMediaManager\Previews\rebd-648\rebd-648_011.jpg","","数据库记录指向的实体文件不存在","0","MarkMissing","Skipped","磁盘或 NAS 当前不可访问，保留历史状态。","False","False"
"13246","2827","rebd-648","Z:\bcbcbcbc\ca-ES\data\未分类\rebd-648.mp4","Preview","4517","Z:\bcbcbcbc\ca-ES\LocalMediaManager\Previews\rebd-648\rebd-648_012.jpg","","数据库记录指向的实体文件不存在","0","MarkMissing","Skipped","磁盘或 NAS 当前不可访问，保留历史状态。","False","False"
"13246","2827","rebd-648","Z:\bcbcbcbc\ca-ES\data\未分类\rebd-648.mp4","Preview","4518","Z:\bcbcbcbc\ca-ES\LocalMediaManager\Previews\rebd-648\rebd-648_013.jpg","","数据库记录指向的实体文件不存在","0","MarkMissing","Skipped","磁盘或 NAS 当前不可访问，保留历史状态。","False","False"
"13246","2827","rebd-648","Z:\bcbcbcbc\ca-ES\data\未分类\rebd-648.mp4","Preview","4519","Z:\bcbcbcbc\ca-ES\LocalMediaManager\Previews\rebd-648\rebd-648_014.jpg","","数据库记录指向的实体文件不存在","0","MarkMissing","Skipped","磁盘或 NAS 当前不可访问，保留历史状态。","False","False"
"13246","2827","rebd-648","Z:\bcbcbcbc\ca-ES\data\未分类\rebd-648.mp4","Preview","4520","Z:\bcbcbcbc\ca-ES\LocalMediaManager\Previews\rebd-648\rebd-648_015.jpg","","数据库记录指向的实体文件不存在","0","MarkMissing","Skipped","磁盘或 NAS 当前不可访问，保留历史状态。","False","False"
"13246","2827","rebd-648","Z:\bcbcbcbc\ca-ES\data\未分类\rebd-648.mp4","Preview","4521","Z:\bcbcbcbc\ca-ES\LocalMediaManager\Previews\rebd-648\rebd-648_016.jpg","","数据库记录指向的实体文件不存在","0","MarkMissing","Skipped","磁盘或 NAS 当前不可访问，保留历史状态。","False","False"
"13246","2827","rebd-648","Z:\bcbcbcbc\ca-ES\data\未分类\rebd-648.mp4","Preview","4522","Z:\bcbcbcbc\ca-ES\LocalMediaManager\Previews\rebd-648\rebd-648_017.jpg","","数据库记录指向的实体文件不存在","0","MarkMissing","Skipped","磁盘或 NAS 当前不可访问，保留历史状态。","False","False"
"13246","2827","rebd-648","Z:\bcbcbcbc\ca-ES\data\未分类\rebd-648.mp4","Preview","4523","Z:\bcbcbcbc\ca-ES\LocalMediaManager\Previews\rebd-648\rebd-648_018.jpg","","数据库记录指向的实体文件不存在","0","MarkMissing","Skipped","磁盘或 NAS 当前不可访问，保留历史状态。","False","False"
"13246","2827","rebd-648","Z:\bcbcbcbc\ca-ES\data\未分类\rebd-648.mp4","Preview","4524","Z:\bcbcbcbc\ca-ES\LocalMediaManager\Previews\rebd-648\rebd-648_019.jpg","","数据库记录指向的实体文件不存在","0","MarkMissing","Skipped","磁盘或 NAS 当前不可访问，保留历史状态。","False","False"
"13246","2827","rebd-648","Z:\bcbcbcbc\ca-ES\data\未分类\rebd-648.mp4","Preview","4525","Z:\bcbcbcbc\ca-ES\LocalMediaManager\Previews\rebd-648\rebd-648_020.jpg","","数据库记录指向的实体文件不存在","0","MarkMissing","Skipped","磁盘或 NAS 当前不可访问，保留历史状态。","False","False"
"13246","2828","ssis-430","Z:\bcbcbcbc\ca-ES\data\未分类\ssis-430.mp4","Preview","4527","Z:\bcbcbcbc\ca-ES\LocalMediaManager\Previews\ssis-430\ssis-430_001.jpg","","数据库记录指向的实体文件不存在","0","MarkMissing","Skipped","磁盘或 NAS 当前不可访问，保留历史状态。","False","False"
"13246","2828","ssis-430","Z:\bcbcbcbc\ca-ES\data\未分类\ssis-430.mp4","Preview","4528","Z:\bcbcbcbc\ca-ES\LocalMediaManager\Previews\ssis-430\ssis-430_002.jpg","","数据库记录指向的实体文件不存在","0","MarkMissing","Skipped","磁盘或 NAS 当前不可访问，保留历史状态。","False","False"
"13246","2828","ssis-430","Z:\bcbcbcbc\ca-ES\data\未分类\ssis-430.mp4","Preview","4529","Z:\bcbcbcbc\ca-ES\LocalMediaManager\Previews\ssis-430\ssis-430_003.jpg","","数据库记录指向的实体文件不存在","0","MarkMissing","Skipped","磁盘或 NAS 当前不可访问，保留历史状态。","False","False"
"13246","2828","ssis-430","Z:\bcbcbcbc\ca-ES\data\未分类\ssis-430.mp4","Preview","4530","Z:\bcbcbcbc\ca-ES\LocalMediaManager\Previews\ssis-430\ssis-430_004.jpg","","数据库记录指向的实体文件不存在","0","MarkMissing","Skipped","磁盘或 NAS 当前不可访问，保留历史状态。","False","False"
"13246","2828","ssis-430","Z:\bcbcbcbc\ca-ES\data\未分类\ssis-430.mp4","Preview","4531","Z:\bcbcbcbc\ca-ES\LocalMediaManager\Previews\ssis-430\ssis-430_005.jpg","","数据库记录指向的实体文件不存在","0","MarkMissing","Skipped","磁盘或 NAS 当前不可访问，保留历史状态。","False","False"
"13246","2828","ssis-430","Z:\bcbcbcbc\ca-ES\data\未分类\ssis-430.mp4","Preview","4532","Z:\bcbcbcbc\ca-ES\LocalMediaManager\Previews\ssis-430\ssis-430_006.jpg","","数据库记录指向的实体文件不存在","0","MarkMissing","Skipped","磁盘或 NAS 当前不可访问，保留历史状态。","False","False"
"13246","2828","ssis-430","Z:\bcbcbcbc\ca-ES\data\未分类\ssis-430.mp4","Preview","4533","Z:\bcbcbcbc\ca-ES\LocalMediaManager\Previews\ssis-430\ssis-430_007.jpg","","数据库记录指向的实体文件不存在","0","MarkMissing","Skipped","磁盘或 NAS 当前不可访问，保留历史状态。","False","False"
"13246","2828","ssis-430","Z:\bcbcbcbc\ca-ES\data\未分类\ssis-430.mp4","Preview","4534","Z:\bcbcbcbc\ca-ES\LocalMediaManager\Previews\ssis-430\ssis-430_008.jpg","","数据库记录指向的实体文件不存在","0","MarkMissing","Skipped","磁盘或 NAS 当前不可访问，保留历史状态。","False","False"
"13246","2828","ssis-430","Z:\bcbcbcbc\ca-ES\data\未分类\ssis-430.mp4","Preview","4535","Z:\bcbcbcbc\ca-ES\LocalMediaManager\Previews\ssis-430\ssis-430_009.jpg","","数据库记录指向的实体文件不存在","0","MarkMissing","Skipped","磁盘或 NAS 当前不可访问，保留历史状态。","False","False"
"13246","2828","ssis-430","Z:\bcbcbcbc\ca-ES\data\未分类\ssis-430.mp4","Preview","4536","Z:\bcbcbcbc\ca-ES\LocalMediaManager\Previews\ssis-430\ssis-430_010.jpg","","数据库记录指向的实体文件不存在","0","MarkMissing","Skipped","磁盘或 NAS 当前不可访问，保留历史状态。","False","False"
"13246","2829","ssni-624","Z:\bcbcbcbc\ca-ES\data\未分类\ssni-624.mp4","Preview","4538","Z:\bcbcbcbc\ca-ES\LocalMediaManager\Previews\ssni-624\ssni-624_001.jpg","","数据库记录指向的实体文件不存在","0","MarkMissing","Skipped","磁盘或 NAS 当前不可访问，保留历史状态。","False","False"
"13246","2829","ssni-624","Z:\bcbcbcbc\ca-ES\data\未分类\ssni-624.mp4","Preview","4539","Z:\bcbcbcbc\ca-ES\LocalMediaManager\Previews\ssni-624\ssni-624_002.jpg","","数据库记录指向的实体文件不存在","0","MarkMissing","Skipped","磁盘或 NAS 当前不可访问，保留历史状态。","False","False"
"13246","2829","ssni-624","Z:\bcbcbcbc\ca-ES\data\未分类\ssni-624.mp4","Preview","4540","Z:\bcbcbcbc\ca-ES\LocalMediaManager\Previews\ssni-624\ssni-624_003.jpg","","数据库记录指向的实体文件不存在","0","MarkMissing","Skipped","磁盘或 NAS 当前不可访问，保留历史状态。","False","False"
"13246","2829","ssni-624","Z:\bcbcbcbc\ca-ES\data\未分类\ssni-624.mp4","Preview","4541","Z:\bcbcbcbc\ca-ES\LocalMediaManager\Previews\ssni-624\ssni-624_004.jpg","","数据库记录指向的实体文件不存在","0","MarkMissing","Skipped","磁盘或 NAS 当前不可访问，保留历史状态。","False","False"
"13246","2829","ssni-624","Z:\bcbcbcbc\ca-ES\data\未分类\ssni-624.mp4","Preview","4542","Z:\bcbcbcbc\ca-ES\LocalMediaManager\Previews\ssni-624\ssni-624_005.jpg","","数据库记录指向的实体文件不存在","0","MarkMissing","Skipped","磁盘或 NAS 当前不可访问，保留历史状态。","False","False"
"13246","2829","ssni-624","Z:\bcbcbcbc\ca-ES\data\未分类\ssni-624.mp4","Preview","4543","Z:\bcbcbcbc\ca-ES\LocalMediaManager\Previews\ssni-624\ssni-624_006.jpg","","数据库记录指向的实体文件不存在","0","MarkMissing","Skipped","磁盘或 NAS 当前不可访问，保留历史状态。","False","False"
"13246","2829","ssni-624","Z:\bcbcbcbc\ca-ES\data\未分类\ssni-624.mp4","Preview","4544","Z:\bcbcbcbc\ca-ES\LocalMediaManager\Previews\ssni-624\ssni-624_007.jpg","","数据库记录指向的实体文件不存在","0","MarkMissing","Skipped","磁盘或 NAS 当前不可访问，保留历史状态。","False","False"
"13246","2829","ssni-624","Z:\bcbcbcbc\ca-ES\data\未分类\ssni-624.mp4","Preview","4545","Z:\bcbcbcbc\ca-ES\LocalMediaManager\Previews\ssni-624\ssni-624_008.jpg","","数据库记录指向的实体文件不存在","0","MarkMissing","Skipped","磁盘或 NAS 当前不可访问，保留历史状态。","False","False"
"13246","2829","ssni-624","Z:\bcbcbcbc\ca-ES\data\未分类\ssni-624.mp4","Preview","4546","Z:\bcbcbcbc\ca-ES\LocalMediaManager\Previews\ssni-624\ssni-624_009.jpg","","数据库记录指向的实体文件不存在","0","MarkMissing","Skipped","磁盘或 NAS 当前不可访问，保留历史状态。","False","False"
"13246","2829","ssni-624","Z:\bcbcbcbc\ca-ES\data\未分类\ssni-624.mp4","Preview","4547","Z:\bcbcbcbc\ca-ES\LocalMediaManager\Previews\ssni-624\ssni-624_010.jpg","","数据库记录指向的实体文件不存在","0","MarkMissing","Skipped","磁盘或 NAS 当前不可访问，保留历史状态。","False","False"
"13246","2888","300MIUM-1395","F:\完成2\300MIUM-1395.mp4","Preview","","","Z:\bcbcbcbc\ca-ES\LocalMediaManager\Previews\300MIUM-1395\300MIUM-1395_001.jpg","位于标准化番号同名资源目录","90","RegisterImage","Safe","唯一高置信度实体，可在确认后建立或修正关联。","True","False"
"13246","2888","300MIUM-1395","F:\完成2\300MIUM-1395.mp4","Preview","","","Z:\bcbcbcbc\ca-ES\LocalMediaManager\Previews\300MIUM-1395\300MIUM-1395_002.jpg","位于标准化番号同名资源目录","90","RegisterImage","Safe","唯一高置信度实体，可在确认后建立或修正关联。","True","False"
"13246","2888","300MIUM-1395","F:\完成2\300MIUM-1395.mp4","Preview","","","Z:\bcbcbcbc\ca-ES\LocalMediaManager\Previews\300MIUM-1395\300MIUM-1395_003.jpg","位于标准化番号同名资源目录","90","RegisterImage","Safe","唯一高置信度实体，可在确认后建立或修正关联。","True","False"
"13246","2888","300MIUM-1395","F:\完成2\300MIUM-1395.mp4","Preview","","","Z:\bcbcbcbc\ca-ES\LocalMediaManager\Previews\300MIUM-1395\300MIUM-1395_004.jpg","位于标准化番号同名资源目录","90","RegisterImage","Safe","唯一高置信度实体，可在确认后建立或修正关联。","True","False"
"13246","2889","300MIUM-947","F:\完成2\300MIUM-947.mp4","Preview","","","Z:\bcbcbcbc\ca-ES\LocalMediaManager\Previews\300MIUM-947\300MIUM-947_001.jpg","位于标准化番号同名资源目录","90","RegisterImage","Safe","唯一高置信度实体，可在确认后建立或修正关联。","True","False"
"13246","2895","390JAC-227","F:\完成2\390JAC-227.mp4","Preview","","","Z:\bcbcbcbc\ca-ES\LocalMediaManager\Previews\390JAC-227\390JAC-227_001.jpg","位于标准化番号同名资源目录","90","RegisterImage","Safe","唯一高置信度实体，可在确认后建立或修正关联。","True","False"
"13246","2895","390JAC-227","F:\完成2\390JAC-227.mp4","Preview","","","Z:\bcbcbcbc\ca-ES\LocalMediaManager\Previews\390JAC-227\390JAC-227_002.jpg","位于标准化番号同名资源目录","90","RegisterImage","Safe","唯一高置信度实体，可在确认后建立或修正关联。","True","False"
"13246","2895","390JAC-227","F:\完成2\390JAC-227.mp4","Preview","","","Z:\bcbcbcbc\ca-ES\LocalMediaManager\Previews\390JAC-227\390JAC-227_003.jpg","位于标准化番号同名资源目录","90","RegisterImage","Safe","唯一高置信度实体，可在确认后建立或修正关联。","True","False"
"13246","2895","390JAC-227","F:\完成2\390JAC-227.mp4","Preview","","","Z:\bcbcbcbc\ca-ES\LocalMediaManager\Previews\390JAC-227\390JAC-227_004.jpg","位于标准化番号同名资源目录","90","RegisterImage","Safe","唯一高置信度实体，可在确认后建立或修正关联。","True","False"
"13246","2895","390JAC-227","F:\完成2\390JAC-227.mp4","Preview","","","Z:\bcbcbcbc\ca-ES\LocalMediaManager\Previews\390JAC-227\390JAC-227_005.jpg","位于标准化番号同名资源目录","90","RegisterImage","Safe","唯一高置信度实体，可在确认后建立或修正关联。","True","False"
"13246","2895","390JAC-227","F:\完成2\390JAC-227.mp4","Preview","","","Z:\bcbcbcbc\ca-ES\LocalMediaManager\Previews\390JAC-227\390JAC-227_006.jpg","位于标准化番号同名资源目录","90","RegisterImage","Safe","唯一高置信度实体，可在确认后建立或修正关联。","True","False"
"13246","2905","ABF-087","F:\完成2\ABF-087.mp4","Preview","","","Z:\bcbcbcbc\ca-ES\LocalMediaManager\Previews\ABF-087\ABF-087_001.jpg","位于标准化番号同名资源目录","90","RegisterImage","Safe","唯一高置信度实体，可在确认后建立或修正关联。","True","False"
"13246","2910","abf-120","F:\完成2\abf-120.mp4","Preview","5155","Z:\bcbcbcbc\ca-ES\LocalMediaManager\Previews\abf-120\abf-120_001.jpg","","数据库记录指向的实体文件不存在","0","MarkMissing","Skipped","磁盘或 NAS 当前不可访问，保留历史状态。","False","False"
"13246","2910","abf-120","F:\完成2\abf-120.mp4","Preview","5156","Z:\bcbcbcbc\ca-ES\LocalMediaManager\Previews\abf-120\abf-120_002.jpg","","数据库记录指向的实体文件不存在","0","MarkMissing","Skipped","磁盘或 NAS 当前不可访问，保留历史状态。","False","False"
"13246","2910","abf-120","F:\完成2\abf-120.mp4","Preview","5157","Z:\bcbcbcbc\ca-ES\LocalMediaManager\Previews\abf-120\abf-120_003.jpg","","数据库记录指向的实体文件不存在","0","MarkMissing","Skipped","磁盘或 NAS 当前不可访问，保留历史状态。","False","False"
"13246","2910","abf-120","F:\完成2\abf-120.mp4","Preview","5158","Z:\bcbcbcbc\ca-ES\LocalMediaManager\Previews\abf-120\abf-120_004.jpg","","数据库记录指向的实体文件不存在","0","MarkMissing","Skipped","磁盘或 NAS 当前不可访问，保留历史状态。","False","False"
"13246","2910","abf-120","F:\完成2\abf-120.mp4","Preview","5159","Z:\bcbcbcbc\ca-ES\LocalMediaManager\Previews\abf-120\abf-120_005.jpg","","数据库记录指向的实体文件不存在","0","MarkMissing","Skipped","磁盘或 NAS 当前不可访问，保留历史状态。","False","False"
"13246","2910","abf-120","F:\完成2\abf-120.mp4","Preview","5160","Z:\bcbcbcbc\ca-ES\LocalMediaManager\Previews\abf-120\abf-120_006.jpg","","数据库记录指向的实体文件不存在","0","MarkMissing","Skipped","磁盘或 NAS 当前不可访问，保留历史状态。","False","False"
"13246","2910","abf-120","F:\完成2\abf-120.mp4","Preview","5161","Z:\bcbcbcbc\ca-ES\LocalMediaManager\Previews\abf-120\abf-120_007.jpg","","数据库记录指向的实体文件不存在","0","MarkMissing","Skipped","磁盘或 NAS 当前不可访问，保留历史状态。","False","False"
"13246","2910","abf-120","F:\完成2\abf-120.mp4","Preview","5162","Z:\bcbcbcbc\ca-ES\LocalMediaManager\Previews\abf-120\abf-120_008.jpg","","数据库记录指向的实体文件不存在","0","MarkMissing","Skipped","磁盘或 NAS 当前不可访问，保留历史状态。","False","False"
"13246","2910","abf-120","F:\完成2\abf-120.mp4","Preview","5163","Z:\bcbcbcbc\ca-ES\LocalMediaManager\Previews\abf-120\abf-120_009.jpg","","数据库记录指向的实体文件不存在","0","MarkMissing","Skipped","磁盘或 NAS 当前不可访问，保留历史状态。","False","False"
"13246","2910","abf-120","F:\完成2\abf-120.mp4","Preview","5164","Z:\bcbcbcbc\ca-ES\LocalMediaManager\Previews\abf-120\abf-120_010.jpg","","数据库记录指向的实体文件不存在","0","MarkMissing","Skipped","磁盘或 NAS 当前不可访问，保留历史状态。","False","False"
"13246","2912","abf-131","F:\完成2\abf-131.mp4","Preview","5178","Z:\bcbcbcbc\ca-ES\LocalMediaManager\Previews\abf-131\abf-131_001.jpg","","数据库记录指向的实体文件不存在","0","MarkMissing","Skipped","磁盘或 NAS 当前不可访问，保留历史状态。","False","False"
"13246","2912","abf-131","F:\完成2\abf-131.mp4","Preview","5179","Z:\bcbcbcbc\ca-ES\LocalMediaManager\Previews\abf-131\abf-131_002.jpg","","数据库记录指向的实体文件不存在","0","MarkMissing","Skipped","磁盘或 NAS 当前不可访问，保留历史状态。","False","False"
"13246","2912","abf-131","F:\完成2\abf-131.mp4","Preview","5180","Z:\bcbcbcbc\ca-ES\LocalMediaManager\Previews\abf-131\abf-131_003.jpg","","数据库记录指向的实体文件不存在","0","MarkMissing","Skipped","磁盘或 NAS 当前不可访问，保留历史状态。","False","False"
"13246","2912","abf-131","F:\完成2\abf-131.mp4","Preview","5181","Z:\bcbcbcbc\ca-ES\LocalMediaManager\Previews\abf-131\abf-131_004.jpg","","数据库记录指向的实体文件不存在","0","MarkMissing","Skipped","磁盘或 NAS 当前不可访问，保留历史状态。","False","False"
"13246","2912","abf-131","F:\完成2\abf-131.mp4","Preview","5182","Z:\bcbcbcbc\ca-ES\LocalMediaManager\Previews\abf-131\abf-131_005.jpg","","数据库记录指向的实体文件不存在","0","MarkMissing","Skipped","磁盘或 NAS 当前不可访问，保留历史状态。","False","False"
"13246","2912","abf-131","F:\完成2\abf-131.mp4","Preview","5183","Z:\bcbcbcbc\ca-ES\LocalMediaManager\Previews\abf-131\abf-131_006.jpg","","数据库记录指向的实体文件不存在","0","MarkMissing","Skipped","磁盘或 NAS 当前不可访问，保留历史状态。","False","False"
"13246","2912","abf-131","F:\完成2\abf-131.mp4","Preview","5184","Z:\bcbcbcbc\ca-ES\LocalMediaManager\Previews\abf-131\abf-131_007.jpg","","数据库记录指向的实体文件不存在","0","MarkMissing","Skipped","磁盘或 NAS 当前不可访问，保留历史状态。","False","False"
"13246","2912","abf-131","F:\完成2\abf-131.mp4","Preview","5185","Z:\bcbcbcbc\ca-ES\LocalMediaManager\Previews\abf-131\abf-131_008.jpg","","数据库记录指向的实体文件不存在","0","MarkMissing","Skipped","磁盘或 NAS 当前不可访问，保留历史状态。","False","False"
"13246","2912","abf-131","F:\完成2\abf-131.mp4","Preview","5186","Z:\bcbcbcbc\ca-ES\LocalMediaManager\Previews\abf-131\abf-131_009.jpg","","数据库记录指向的实体文件不存在","0","MarkMissing","Skipped","磁盘或 NAS 当前不可访问，保留历史状态。","False","False"
"13246","2912","abf-131","F:\完成2\abf-131.mp4","Preview","5187","Z:\bcbcbcbc\ca-ES\LocalMediaManager\Previews\abf-131\abf-131_010.jpg","","数据库记录指向的实体文件不存在","0","MarkMissing","Skipped","磁盘或 NAS 当前不可访问，保留历史状态。","False","False"
"13246","2923","ABF-219","F:\完成2\ABF-219.mp4","Preview","","","Z:\bcbcbcbc\ca-ES\LocalMediaManager\Previews\ABF-219\ABF-219_001.jpg","位于标准化番号同名资源目录","90","RegisterImage","Safe","唯一高置信度实体，可在确认后建立或修正关联。","True","False"
"13246","2923","ABF-219","F:\完成2\ABF-219.mp4","Preview","","","Z:\bcbcbcbc\ca-ES\LocalMediaManager\Previews\ABF-219\ABF-219_002.jpg","位于标准化番号同名资源目录","90","RegisterImage","Safe","唯一高置信度实体，可在确认后建立或修正关联。","True","False"
"13246","2923","ABF-219","F:\完成2\ABF-219.mp4","Preview","","","Z:\bcbcbcbc\ca-ES\LocalMediaManager\Previews\ABF-219\ABF-219_003.jpg","位于标准化番号同名资源目录","90","RegisterImage","Safe","唯一高置信度实体，可在确认后建立或修正关联。","True","False"
"13246","2923","ABF-219","F:\完成2\ABF-219.mp4","Preview","","","Z:\bcbcbcbc\ca-ES\LocalMediaManager\Previews\ABF-219\ABF-219_004.jpg","位于标准化番号同名资源目录","90","RegisterImage","Safe","唯一高置信度实体，可在确认后建立或修正关联。","True","False"
"13246","2923","ABF-219","F:\完成2\ABF-219.mp4","Preview","","","Z:\bcbcbcbc\ca-ES\LocalMediaManager\Previews\ABF-219\ABF-219_005.jpg","位于标准化番号同名资源目录","90","RegisterImage","Safe","唯一高置信度实体，可在确认后建立或修正关联。","True","False"
"13246","2923","ABF-219","F:\完成2\ABF-219.mp4","Preview","","","Z:\bcbcbcbc\ca-ES\LocalMediaManager\Previews\ABF-219\ABF-219_006.jpg","位于标准化番号同名资源目录","90","RegisterImage","Safe","唯一高置信度实体，可在确认后建立或修正关联。","True","False"
"13246","2923","ABF-219","F:\完成2\ABF-219.mp4","Preview","","","Z:\bcbcbcbc\ca-ES\LocalMediaManager\Previews\ABF-219\ABF-219_007.jpg","位于标准化番号同名资源目录","90","RegisterImage","Safe","唯一高置信度实体，可在确认后建立或修正关联。","True","False"
"13246","2923","ABF-219","F:\完成2\ABF-219.mp4","Preview","","","Z:\bcbcbcbc\ca-ES\LocalMediaManager\Previews\ABF-219\ABF-219_008.jpg","位于标准化番号同名资源目录","90","RegisterImage","Safe","唯一高置信度实体，可在确认后建立或修正关联。","True","False"
"13246","2923","ABF-219","F:\完成2\ABF-219.mp4","Preview","","","Z:\bcbcbcbc\ca-ES\LocalMediaManager\Previews\ABF-219\ABF-219_009.jpg","位于标准化番号同名资源目录","90","RegisterImage","Safe","唯一高置信度实体，可在确认后建立或修正关联。","True","False"
"13246","2923","ABF-219","F:\完成2\ABF-219.mp4","Preview","","","Z:\bcbcbcbc\ca-ES\LocalMediaManager\Previews\ABF-219\ABF-219_010.jpg","位于标准化番号同名资源目录","90","RegisterImage","Safe","唯一高置信度实体，可在确认后建立或修正关联。","True","False"
"13246","2923","ABF-219","F:\完成2\ABF-219.mp4","Preview","","","Z:\bcbcbcbc\ca-ES\LocalMediaManager\Previews\ABF-219\ABF-219_011.jpg","位于标准化番号同名资源目录","90","RegisterImage","Safe","唯一高置信度实体，可在确认后建立或修正关联。","True","False"
"13246","2946","ABF-327","F:\完成2\ABF-327.mp4","Preview","","","Z:\bcbcbcbc\ca-ES\LocalMediaManager\Previews\ABF-327\ABF-327_001.jpg","位于标准化番号同名资源目录","90","RegisterImage","Safe","唯一高置信度实体，可在确认后建立或修正关联。","True","False"
"13246","2946","ABF-327","F:\完成2\ABF-327.mp4","Preview","","","Z:\bcbcbcbc\ca-ES\LocalMediaManager\Previews\ABF-327\ABF-327_002.jpg","位于标准化番号同名资源目录","90","RegisterImage","Safe","唯一高置信度实体，可在确认后建立或修正关联。","True","False"
"13246","2946","ABF-327","F:\完成2\ABF-327.mp4","Preview","","","Z:\bcbcbcbc\ca-ES\LocalMediaManager\Previews\ABF-327\ABF-327_003.jpg","位于标准化番号同名资源目录","90","RegisterImage","Safe","唯一高置信度实体，可在确认后建立或修正关联。","True","False"
"13246","2946","ABF-327","F:\完成2\ABF-327.mp4","Preview","","","Z:\bcbcbcbc\ca-ES\LocalMediaManager\Previews\ABF-327\ABF-327_004.jpg","位于标准化番号同名资源目录","90","RegisterImage","Safe","唯一高置信度实体，可在确认后建立或修正关联。","True","False"
"13246","2946","ABF-327","F:\完成2\ABF-327.mp4","Preview","","","Z:\bcbcbcbc\ca-ES\LocalMediaManager\Previews\ABF-327\ABF-327_005.jpg","位于标准化番号同名资源目录","90","RegisterImage","Safe","唯一高置信度实体，可在确认后建立或修正关联。","True","False"
"13246","2946","ABF-327","F:\完成2\ABF-327.mp4","Preview","","","Z:\bcbcbcbc\ca-ES\LocalMediaManager\Previews\ABF-327\ABF-327_006.jpg","位于标准化番号同名资源目录","90","RegisterImage","Safe","唯一高置信度实体，可在确认后建立或修正关联。","True","False"
"13246","2946","ABF-327","F:\完成2\ABF-327.mp4","Preview","","","Z:\bcbcbcbc\ca-ES\LocalMediaManager\Previews\ABF-327\ABF-327_007.jpg","位于标准化番号同名资源目录","90","RegisterImage","Safe","唯一高置信度实体，可在确认后建立或修正关联。","True","False"
"13246","2946","ABF-327","F:\完成2\ABF-327.mp4","Preview","","","Z:\bcbcbcbc\ca-ES\LocalMediaManager\Previews\ABF-327\ABF-327_008.jpg","位于标准化番号同名资源目录","90","RegisterImage","Safe","唯一高置信度实体，可在确认后建立或修正关联。","True","False"
"13246","2946","ABF-327","F:\完成2\ABF-327.mp4","Preview","","","Z:\bcbcbcbc\ca-ES\LocalMediaManager\Previews\ABF-327\ABF-327_009.jpg","位于标准化番号同名资源目录","90","RegisterImage","Safe","唯一高置信度实体，可在确认后建立或修正关联。","True","False"
"13246","2959","abw-173","F:\完成2\abw-173.mp4","Fanart","","","Z:\bcbcbcbc\ca-ES\LocalMediaManager\Fanart\ABW-173.jpg","文件名与当前视频文件名完全一致","100","RegisterImage","Safe","唯一高置信度实体，可在确认后建立或修正关联。","True","False"
"13246","2959","abw-173","F:\完成2\abw-173.mp4","Preview","5670","Z:\bcbcbcbc\ca-ES\LocalMediaManager\Previews\abw-173\abw-173_001.jpg","","数据库记录指向的实体文件不存在","0","MarkMissing","Skipped","磁盘或 NAS 当前不可访问，保留历史状态。","False","False"
"13246","2959","abw-173","F:\完成2\abw-173.mp4","Preview","5671","Z:\bcbcbcbc\ca-ES\LocalMediaManager\Previews\abw-173\abw-173_002.jpg","","数据库记录指向的实体文件不存在","0","MarkMissing","Skipped","磁盘或 NAS 当前不可访问，保留历史状态。","False","False"
"13246","2959","abw-173","F:\完成2\abw-173.mp4","Preview","5672","Z:\bcbcbcbc\ca-ES\LocalMediaManager\Previews\abw-173\abw-173_003.jpg","","数据库记录指向的实体文件不存在","0","MarkMissing","Skipped","磁盘或 NAS 当前不可访问，保留历史状态。","False","False"
"13246","2959","abw-173","F:\完成2\abw-173.mp4","Preview","5673","Z:\bcbcbcbc\ca-ES\LocalMediaManager\Previews\abw-173\abw-173_004.jpg","","数据库记录指向的实体文件不存在","0","MarkMissing","Skipped","磁盘或 NAS 当前不可访问，保留历史状态。","False","False"
"13246","2959","abw-173","F:\完成2\abw-173.mp4","Preview","5674","Z:\bcbcbcbc\ca-ES\LocalMediaManager\Previews\abw-173\abw-173_005.jpg","","数据库记录指向的实体文件不存在","0","MarkMissing","Skipped","磁盘或 NAS 当前不可访问，保留历史状态。","False","False"
"13246","2959","abw-173","F:\完成2\abw-173.mp4","Preview","5675","Z:\bcbcbcbc\ca-ES\LocalMediaManager\Previews\abw-173\abw-173_006.jpg","","数据库记录指向的实体文件不存在","0","MarkMissing","Skipped","磁盘或 NAS 当前不可访问，保留历史状态。","False","False"
"13246","2959","abw-173","F:\完成2\abw-173.mp4","Preview","5676","Z:\bcbcbcbc\ca-ES\LocalMediaManager\Previews\abw-173\abw-173_007.jpg","","数据库记录指向的实体文件不存在","0","MarkMissing","Skipped","磁盘或 NAS 当前不可访问，保留历史状态。","False","False"
"13246","2959","abw-173","F:\完成2\abw-173.mp4","Preview","5677","Z:\bcbcbcbc\ca-ES\LocalMediaManager\Previews\abw-173\abw-173_008.jpg","","数据库记录指向的实体文件不存在","0","MarkMissing","Skipped","磁盘或 NAS 当前不可访问，保留历史状态。","False","False"
"13246","2959","abw-173","F:\完成2\abw-173.mp4","Preview","5678","Z:\bcbcbcbc\ca-ES\LocalMediaManager\Previews\abw-173\abw-173_009.jpg","","数据库记录指向的实体文件不存在","0","MarkMissing","Skipped","磁盘或 NAS 当前不可访问，保留历史状态。","False","False"
"13246","2959","abw-173","F:\完成2\abw-173.mp4","Preview","5679","Z:\bcbcbcbc\ca-ES\LocalMediaManager\Previews\abw-173\abw-173_010.jpg","","数据库记录指向的实体文件不存在","0","MarkMissing","Skipped","磁盘或 NAS 当前不可访问，保留历史状态。","False","False"
"13246","2959","abw-173","F:\完成2\abw-173.mp4","Preview","5680","Z:\bcbcbcbc\ca-ES\LocalMediaManager\Previews\abw-173\abw-173_011.jpg","","数据库记录指向的实体文件不存在","0","MarkMissing","Skipped","磁盘或 NAS 当前不可访问，保留历史状态。","False","False"
"13246","2959","abw-173","F:\完成2\abw-173.mp4","Preview","5681","Z:\bcbcbcbc\ca-ES\LocalMediaManager\Previews\abw-173\abw-173_012.jpg","","数据库记录指向的实体文件不存在","0","MarkMissing","Skipped","磁盘或 NAS 当前不可访问，保留历史状态。","False","False"
"13246","2959","abw-173","F:\完成2\abw-173.mp4","Preview","","","Z:\bcbcbcbc\ca-ES\LocalMediaManager\Previews\ABW-173\01.jpg","位于标准化番号同名资源目录","90","RegisterImage","Safe","唯一高置信度实体，可在确认后建立或修正关联。","True","False"
"13246","2959","abw-173","F:\完成2\abw-173.mp4","Preview","","","Z:\bcbcbcbc\ca-ES\LocalMediaManager\Previews\ABW-173\02.jpg","位于标准化番号同名资源目录","90","RegisterImage","Safe","唯一高置信度实体，可在确认后建立或修正关联。","True","False"
"13246","2959","abw-173","F:\完成2\abw-173.mp4","Preview","","","Z:\bcbcbcbc\ca-ES\LocalMediaManager\Previews\ABW-173\03.jpg","位于标准化番号同名资源目录","90","RegisterImage","Safe","唯一高置信度实体，可在确认后建立或修正关联。","True","False"
"13246","2959","abw-173","F:\完成2\abw-173.mp4","Preview","","","Z:\bcbcbcbc\ca-ES\LocalMediaManager\Previews\ABW-173\04.jpg","位于标准化番号同名资源目录","90","RegisterImage","Safe","唯一高置信度实体，可在确认后建立或修正关联。","True","False"
"13246","2959","abw-173","F:\完成2\abw-173.mp4","Preview","","","Z:\bcbcbcbc\ca-ES\LocalMediaManager\Previews\ABW-173\05.jpg","位于标准化番号同名资源目录","90","RegisterImage","Safe","唯一高置信度实体，可在确认后建立或修正关联。","True","False"
"13246","2959","abw-173","F:\完成2\abw-173.mp4","Preview","","","Z:\bcbcbcbc\ca-ES\LocalMediaManager\Previews\ABW-173\06.jpg","位于标准化番号同名资源目录","90","RegisterImage","Safe","唯一高置信度实体，可在确认后建立或修正关联。","True","False"
"13246","2959","abw-173","F:\完成2\abw-173.mp4","Preview","","","Z:\bcbcbcbc\ca-ES\LocalMediaManager\Previews\ABW-173\07.jpg","位于标准化番号同名资源目录","90","RegisterImage","Safe","唯一高置信度实体，可在确认后建立或修正关联。","True","False"
"13246","2959","abw-173","F:\完成2\abw-173.mp4","Preview","","","Z:\bcbcbcbc\ca-ES\LocalMediaManager\Previews\ABW-173\08.jpg","位于标准化番号同名资源目录","90","RegisterImage","Safe","唯一高置信度实体，可在确认后建立或修正关联。","True","False"
"13246","2959","abw-173","F:\完成2\abw-173.mp4","Preview","","","Z:\bcbcbcbc\ca-ES\LocalMediaManager\Previews\ABW-173\09.jpg","位于标准化番号同名资源目录","90","RegisterImage","Safe","唯一高置信度实体，可在确认后建立或修正关联。","True","False"
"13246","2959","abw-173","F:\完成2\abw-173.mp4","Preview","","","Z:\bcbcbcbc\ca-ES\LocalMediaManager\Previews\ABW-173\10.jpg","位于标准化番号同名资源目录","90","RegisterImage","Safe","唯一高置信度实体，可在确认后建立或修正关联。","True","False"
"13246","2959","abw-173","F:\完成2\abw-173.mp4","Preview","","","Z:\bcbcbcbc\ca-ES\LocalMediaManager\Previews\ABW-173\11.jpg","位于标准化番号同名资源目录","90","RegisterImage","Safe","唯一高置信度实体，可在确认后建立或修正关联。","True","False"
"13246","2959","abw-173","F:\完成2\abw-173.mp4","Preview","","","Z:\bcbcbcbc\ca-ES\LocalMediaManager\Previews\ABW-173\12.jpg","位于标准化番号同名资源目录","90","RegisterImage","Safe","唯一高置信度实体，可在确认后建立或修正关联。","True","False"
"13246","2960","ABW-192","F:\完成2\ABW-192.mp4","Preview","","","Z:\bcbcbcbc\ca-ES\LocalMediaManager\Previews\ABW-192\01.jpg","位于标准化番号同名资源目录","90","RegisterImage","Safe","唯一高置信度实体，可在确认后建立或修正关联。","True","False"
"13246","2960","ABW-192","F:\完成2\ABW-192.mp4","Preview","","","Z:\bcbcbcbc\ca-ES\LocalMediaManager\Previews\ABW-192\02.jpg","位于标准化番号同名资源目录","90","RegisterImage","Safe","唯一高置信度实体，可在确认后建立或修正关联。","True","False"
"13246","2960","ABW-192","F:\完成2\ABW-192.mp4","Preview","","","Z:\bcbcbcbc\ca-ES\LocalMediaManager\Previews\ABW-192\03.jpg","位于标准化番号同名资源目录","90","RegisterImage","Safe","唯一高置信度实体，可在确认后建立或修正关联。","True","False"
"13246","2960","ABW-192","F:\完成2\ABW-192.mp4","Preview","","","Z:\bcbcbcbc\ca-ES\LocalMediaManager\Previews\ABW-192\04.jpg","位于标准化番号同名资源目录","90","RegisterImage","Safe","唯一高置信度实体，可在确认后建立或修正关联。","True","False"
"13246","2960","ABW-192","F:\完成2\ABW-192.mp4","Preview","","","Z:\bcbcbcbc\ca-ES\LocalMediaManager\Previews\ABW-192\05.jpg","位于标准化番号同名资源目录","90","RegisterImage","Safe","唯一高置信度实体，可在确认后建立或修正关联。","True","False"
"13246","2960","ABW-192","F:\完成2\ABW-192.mp4","Preview","","","Z:\bcbcbcbc\ca-ES\LocalMediaManager\Previews\ABW-192\06.jpg","位于标准化番号同名资源目录","90","RegisterImage","Safe","唯一高置信度实体，可在确认后建立或修正关联。","True","False"
"13246","2960","ABW-192","F:\完成2\ABW-192.mp4","Preview","","","Z:\bcbcbcbc\ca-ES\LocalMediaManager\Previews\ABW-192\07.jpg","位于标准化番号同名资源目录","90","RegisterImage","Safe","唯一高置信度实体，可在确认后建立或修正关联。","True","False"
"13246","2960","ABW-192","F:\完成2\ABW-192.mp4","Preview","","","Z:\bcbcbcbc\ca-ES\LocalMediaManager\Previews\ABW-192\08.jpg","位于标准化番号同名资源目录","90","RegisterImage","Safe","唯一高置信度实体，可在确认后建立或修正关联。","True","False"
"13246","2960","ABW-192","F:\完成2\ABW-192.mp4","Preview","","","Z:\bcbcbcbc\ca-ES\LocalMediaManager\Previews\ABW-192\09.jpg","位于标准化番号同名资源目录","90","RegisterImage","Safe","唯一高置信度实体，可在确认后建立或修正关联。","True","False"
"13246","2960","ABW-192","F:\完成2\ABW-192.mp4","Preview","","","Z:\bcbcbcbc\ca-ES\LocalMediaManager\Previews\ABW-192\10.jpg","位于标准化番号同名资源目录","90","RegisterImage","Safe","唯一高置信度实体，可在确认后建立或修正关联。","True","False"
"13246","2961","ABW-206","F:\完成2\ABW-206.mp4","Preview","","","Z:\bcbcbcbc\ca-ES\LocalMediaManager\Previews\ABW-206\01.jpg","位于标准化番号同名资源目录","90","RegisterImage","Safe","唯一高置信度实体，可在确认后建立或修正关联。","True","False"
"13246","2961","ABW-206","F:\完成2\ABW-206.mp4","Preview","","","Z:\bcbcbcbc\ca-ES\LocalMediaManager\Previews\ABW-206\02.jpg","位于标准化番号同名资源目录","90","RegisterImage","Safe","唯一高置信度实体，可在确认后建立或修正关联。","True","False"
"13246","2961","ABW-206","F:\完成2\ABW-206.mp4","Preview","","","Z:\bcbcbcbc\ca-ES\LocalMediaManager\Previews\ABW-206\03.jpg","位于标准化番号同名资源目录","90","RegisterImage","Safe","唯一高置信度实体，可在确认后建立或修正关联。","True","False"
"13246","2961","ABW-206","F:\完成2\ABW-206.mp4","Preview","","","Z:\bcbcbcbc\ca-ES\LocalMediaManager\Previews\ABW-206\04.jpg","位于标准化番号同名资源目录","90","RegisterImage","Safe","唯一高置信度实体，可在确认后建立或修正关联。","True","False"
"13246","2961","ABW-206","F:\完成2\ABW-206.mp4","Preview","","","Z:\bcbcbcbc\ca-ES\LocalMediaManager\Previews\ABW-206\05.jpg","位于标准化番号同名资源目录","90","RegisterImage","Safe","唯一高置信度实体，可在确认后建立或修正关联。","True","False"
"13246","2961","ABW-206","F:\完成2\ABW-206.mp4","Preview","","","Z:\bcbcbcbc\ca-ES\LocalMediaManager\Previews\ABW-206\06.jpg","位于标准化番号同名资源目录","90","RegisterImage","Safe","唯一高置信度实体，可在确认后建立或修正关联。","True","False"
"13246","2961","ABW-206","F:\完成2\ABW-206.mp4","Preview","","","Z:\bcbcbcbc\ca-ES\LocalMediaManager\Previews\ABW-206\07.jpg","位于标准化番号同名资源目录","90","RegisterImage","Safe","唯一高置信度实体，可在确认后建立或修正关联。","True","False"
"13246","2961","ABW-206","F:\完成2\ABW-206.mp4","Preview","","","Z:\bcbcbcbc\ca-ES\LocalMediaManager\Previews\ABW-206\08.jpg","位于标准化番号同名资源目录","90","RegisterImage","Safe","唯一高置信度实体，可在确认后建立或修正关联。","True","False"
"13246","2961","ABW-206","F:\完成2\ABW-206.mp4","Preview","","","Z:\bcbcbcbc\ca-ES\LocalMediaManager\Previews\ABW-206\09.jpg","位于标准化番号同名资源目录","90","RegisterImage","Safe","唯一高置信度实体，可在确认后建立或修正关联。","True","False"
"13246","2961","ABW-206","F:\完成2\ABW-206.mp4","Preview","","","Z:\bcbcbcbc\ca-ES\LocalMediaManager\Previews\ABW-206\10.jpg","位于标准化番号同名资源目录","90","RegisterImage","Safe","唯一高置信度实体，可在确认后建立或修正关联。","True","False"
"13246","2961","ABW-206","F:\完成2\ABW-206.mp4","Preview","","","Z:\bcbcbcbc\ca-ES\LocalMediaManager\Previews\ABW-206\11.jpg","位于标准化番号同名资源目录","90","RegisterImage","Safe","唯一高置信度实体，可在确认后建立或修正关联。","True","False"
"13246","2965","abw-289","F:\完成2\abw-289.mp4","Preview","5706","Z:\bcbcbcbc\ca-ES\LocalMediaManager\Previews\abw-289\abw-289_001.jpg","","数据库记录指向的实体文件不存在","0","MarkMissing","Skipped","磁盘或 NAS 当前不可访问，保留历史状态。","False","False"
"13246","2965","abw-289","F:\完成2\abw-289.mp4","Preview","5707","Z:\bcbcbcbc\ca-ES\LocalMediaManager\Previews\abw-289\abw-289_002.jpg","","数据库记录指向的实体文件不存在","0","MarkMissing","Skipped","磁盘或 NAS 当前不可访问，保留历史状态。","False","False"
"13246","2965","abw-289","F:\完成2\abw-289.mp4","Preview","5708","Z:\bcbcbcbc\ca-ES\LocalMediaManager\Previews\abw-289\abw-289_003.jpg","","数据库记录指向的实体文件不存在","0","MarkMissing","Skipped","磁盘或 NAS 当前不可访问，保留历史状态。","False","False"
"13246","2965","abw-289","F:\完成2\abw-289.mp4","Preview","5709","Z:\bcbcbcbc\ca-ES\LocalMediaManager\Previews\abw-289\abw-289_004.jpg","","数据库记录指向的实体文件不存在","0","MarkMissing","Skipped","磁盘或 NAS 当前不可访问，保留历史状态。","False","False"
"13246","2965","abw-289","F:\完成2\abw-289.mp4","Preview","5710","Z:\bcbcbcbc\ca-ES\LocalMediaManager\Previews\abw-289\abw-289_005.jpg","","数据库记录指向的实体文件不存在","0","MarkMissing","Skipped","磁盘或 NAS 当前不可访问，保留历史状态。","False","False"
"13246","2965","abw-289","F:\完成2\abw-289.mp4","Preview","5711","Z:\bcbcbcbc\ca-ES\LocalMediaManager\Previews\abw-289\abw-289_006.jpg","","数据库记录指向的实体文件不存在","0","MarkMissing","Skipped","磁盘或 NAS 当前不可访问，保留历史状态。","False","False"
"13246","2965","abw-289","F:\完成2\abw-289.mp4","Preview","5712","Z:\bcbcbcbc\ca-ES\LocalMediaManager\Previews\abw-289\abw-289_007.jpg","","数据库记录指向的实体文件不存在","0","MarkMissing","Skipped","磁盘或 NAS 当前不可访问，保留历史状态。","False","False"
"13246","2965","abw-289","F:\完成2\abw-289.mp4","Preview","5713","Z:\bcbcbcbc\ca-ES\LocalMediaManager\Previews\abw-289\abw-289_008.jpg","","数据库记录指向的实体文件不存在","0","MarkMissing","Skipped","磁盘或 NAS 当前不可访问，保留历史状态。","False","False"
"13246","2965","abw-289","F:\完成2\abw-289.mp4","Preview","5714","Z:\bcbcbcbc\ca-ES\LocalMediaManager\Previews\abw-289\abw-289_009.jpg","","数据库记录指向的实体文件不存在","0","MarkMissing","Skipped","磁盘或 NAS 当前不可访问，保留历史状态。","False","False"
"13246","2965","abw-289","F:\完成2\abw-289.mp4","Preview","5715","Z:\bcbcbcbc\ca-ES\LocalMediaManager\Previews\abw-289\abw-289_010.jpg","","数据库记录指向的实体文件不存在","0","MarkMissing","Skipped","磁盘或 NAS 当前不可访问，保留历史状态。","False","False"
"13246","2965","abw-289","F:\完成2\abw-289.mp4","Preview","5716","Z:\bcbcbcbc\ca-ES\LocalMediaManager\Previews\abw-289\abw-289_011.jpg","","数据库记录指向的实体文件不存在","0","MarkMissing","Skipped","磁盘或 NAS 当前不可访问，保留历史状态。","False","False"
"13246","2969","abw-350","F:\完成2\abw-350.mp4","Preview","5756","Z:\bcbcbcbc\ca-ES\LocalMediaManager\Previews\abw-350\abw-350_001.jpg","","数据库记录指向的实体文件不存在","0","MarkMissing","Skipped","磁盘或 NAS 当前不可访问，保留历史状态。","False","False"
"13246","2969","abw-350","F:\完成2\abw-350.mp4","Preview","5757","Z:\bcbcbcbc\ca-ES\LocalMediaManager\Previews\abw-350\abw-350_002.jpg","","数据库记录指向的实体文件不存在","0","MarkMissing","Skipped","磁盘或 NAS 当前不可访问，保留历史状态。","False","False"
"13246","2969","abw-350","F:\完成2\abw-350.mp4","Preview","5758","Z:\bcbcbcbc\ca-ES\LocalMediaManager\Previews\abw-350\abw-350_003.jpg","","数据库记录指向的实体文件不存在","0","MarkMissing","Skipped","磁盘或 NAS 当前不可访问，保留历史状态。","False","False"
"13246","2969","abw-350","F:\完成2\abw-350.mp4","Preview","5759","Z:\bcbcbcbc\ca-ES\LocalMediaManager\Previews\abw-350\abw-350_004.jpg","","数据库记录指向的实体文件不存在","0","MarkMissing","Skipped","磁盘或 NAS 当前不可访问，保留历史状态。","False","False"
"13246","2969","abw-350","F:\完成2\abw-350.mp4","Preview","5760","Z:\bcbcbcbc\ca-ES\LocalMediaManager\Previews\abw-350\abw-350_005.jpg","","数据库记录指向的实体文件不存在","0","MarkMissing","Skipped","磁盘或 NAS 当前不可访问，保留历史状态。","False","False"
"13246","2969","abw-350","F:\完成2\abw-350.mp4","Preview","5761","Z:\bcbcbcbc\ca-ES\LocalMediaManager\Previews\abw-350\abw-350_006.jpg","","数据库记录指向的实体文件不存在","0","MarkMissing","Skipped","磁盘或 NAS 当前不可访问，保留历史状态。","False","False"
"13246","2969","abw-350","F:\完成2\abw-350.mp4","Preview","5762","Z:\bcbcbcbc\ca-ES\LocalMediaManager\Previews\abw-350\abw-350_007.jpg","","数据库记录指向的实体文件不存在","0","MarkMissing","Skipped","磁盘或 NAS 当前不可访问，保留历史状态。","False","False"
"13246","2969","abw-350","F:\完成2\abw-350.mp4","Preview","5763","Z:\bcbcbcbc\ca-ES\LocalMediaManager\Previews\abw-350\abw-350_008.jpg","","数据库记录指向的实体文件不存在","0","MarkMissing","Skipped","磁盘或 NAS 当前不可访问，保留历史状态。","False","False"
"13246","2969","abw-350","F:\完成2\abw-350.mp4","Preview","5764","Z:\bcbcbcbc\ca-ES\LocalMediaManager\Previews\abw-350\abw-350_009.jpg","","数据库记录指向的实体文件不存在","0","MarkMissing","Skipped","磁盘或 NAS 当前不可访问，保留历史状态。","False","False"
"13246","2969","abw-350","F:\完成2\abw-350.mp4","Preview","5765","Z:\bcbcbcbc\ca-ES\LocalMediaManager\Previews\abw-350\abw-350_010.jpg","","数据库记录指向的实体文件不存在","0","MarkMissing","Skipped","磁盘或 NAS 当前不可访问，保留历史状态。","False","False"
"13246","2969","abw-350","F:\完成2\abw-350.mp4","Preview","5766","Z:\bcbcbcbc\ca-ES\LocalMediaManager\Previews\abw-350\abw-350_011.jpg","","数据库记录指向的实体文件不存在","0","MarkMissing","Skipped","磁盘或 NAS 当前不可访问，保留历史状态。","False","False"
"13246","2969","abw-350","F:\完成2\abw-350.mp4","Preview","5767","Z:\bcbcbcbc\ca-ES\LocalMediaManager\Previews\abw-350\abw-350_012.jpg","","数据库记录指向的实体文件不存在","0","MarkMissing","Skipped","磁盘或 NAS 当前不可访问，保留历史状态。","False","False"
"13246","2969","abw-350","F:\完成2\abw-350.mp4","Preview","5768","Z:\bcbcbcbc\ca-ES\LocalMediaManager\Previews\abw-350\abw-350_013.jpg","","数据库记录指向的实体文件不存在","0","MarkMissing","Skipped","磁盘或 NAS 当前不可访问，保留历史状态。","False","False"
"13246","3010","gni-004","F:\完成2\gni-004.mp4","Preview","6105","Z:\bcbcbcbc\ca-ES\LocalMediaManager\Previews\gni-004\gni-004_001.jpg","","数据库记录指向的实体文件不存在","0","MarkMissing","Skipped","磁盘或 NAS 当前不可访问，保留历史状态。","False","False"
"13246","3010","gni-004","F:\完成2\gni-004.mp4","Preview","6106","Z:\bcbcbcbc\ca-ES\LocalMediaManager\Previews\gni-004\gni-004_002.jpg","","数据库记录指向的实体文件不存在","0","MarkMissing","Skipped","磁盘或 NAS 当前不可访问，保留历史状态。","False","False"
"13246","3010","gni-004","F:\完成2\gni-004.mp4","Preview","6107","Z:\bcbcbcbc\ca-ES\LocalMediaManager\Previews\gni-004\gni-004_003.jpg","","数据库记录指向的实体文件不存在","0","MarkMissing","Skipped","磁盘或 NAS 当前不可访问，保留历史状态。","False","False"
"13246","3010","gni-004","F:\完成2\gni-004.mp4","Preview","6108","Z:\bcbcbcbc\ca-ES\LocalMediaManager\Previews\gni-004\gni-004_004.jpg","","数据库记录指向的实体文件不存在","0","MarkMissing","Skipped","磁盘或 NAS 当前不可访问，保留历史状态。","False","False"
"13246","3010","gni-004","F:\完成2\gni-004.mp4","Preview","6109","Z:\bcbcbcbc\ca-ES\LocalMediaManager\Previews\gni-004\gni-004_005.jpg","","数据库记录指向的实体文件不存在","0","MarkMissing","Skipped","磁盘或 NAS 当前不可访问，保留历史状态。","False","False"
"13246","3010","gni-004","F:\完成2\gni-004.mp4","Preview","6110","Z:\bcbcbcbc\ca-ES\LocalMediaManager\Previews\gni-004\gni-004_006.jpg","","数据库记录指向的实体文件不存在","0","MarkMissing","Skipped","磁盘或 NAS 当前不可访问，保留历史状态。","False","False"
"13246","3010","gni-004","F:\完成2\gni-004.mp4","Preview","6111","Z:\bcbcbcbc\ca-ES\LocalMediaManager\Previews\gni-004\gni-004_007.jpg","","数据库记录指向的实体文件不存在","0","MarkMissing","Skipped","磁盘或 NAS 当前不可访问，保留历史状态。","False","False"
"13246","3010","gni-004","F:\完成2\gni-004.mp4","Preview","6112","Z:\bcbcbcbc\ca-ES\LocalMediaManager\Previews\gni-004\gni-004_008.jpg","","数据库记录指向的实体文件不存在","0","MarkMissing","Skipped","磁盘或 NAS 当前不可访问，保留历史状态。","False","False"
"13246","3010","gni-004","F:\完成2\gni-004.mp4","Preview","6113","Z:\bcbcbcbc\ca-ES\LocalMediaManager\Previews\gni-004\gni-004_009.jpg","","数据库记录指向的实体文件不存在","0","MarkMissing","Skipped","磁盘或 NAS 当前不可访问，保留历史状态。","False","False"
"13246","3022","IPZZ-436","F:\完成2\IPZZ-436.mp4","Preview","","","Z:\bcbcbcbc\ca-ES\LocalMediaManager\Previews\IPZZ-436\IPZZ-436_001.jpg","位于标准化番号同名资源目录","90","RegisterImage","Safe","唯一高置信度实体，可在确认后建立或修正关联。","True","False"
"13246","3026","ipzz-857","F:\完成2\ipzz-857.mp4","Preview","6263","Z:\bcbcbcbc\ca-ES\LocalMediaManager\Previews\ipzz-857\ipzz-857_001.jpg","","数据库记录指向的实体文件不存在","0","MarkMissing","Skipped","磁盘或 NAS 当前不可访问，保留历史状态。","False","False"
"13246","3026","ipzz-857","F:\完成2\ipzz-857.mp4","Preview","6264","Z:\bcbcbcbc\ca-ES\LocalMediaManager\Previews\ipzz-857\ipzz-857_002.jpg","","数据库记录指向的实体文件不存在","0","MarkMissing","Skipped","磁盘或 NAS 当前不可访问，保留历史状态。","False","False"
"13246","3026","ipzz-857","F:\完成2\ipzz-857.mp4","Preview","6265","Z:\bcbcbcbc\ca-ES\LocalMediaManager\Previews\ipzz-857\ipzz-857_003.jpg","","数据库记录指向的实体文件不存在","0","MarkMissing","Skipped","磁盘或 NAS 当前不可访问，保留历史状态。","False","False"
"13246","3026","ipzz-857","F:\完成2\ipzz-857.mp4","Preview","6266","Z:\bcbcbcbc\ca-ES\LocalMediaManager\Previews\ipzz-857\ipzz-857_004.jpg","","数据库记录指向的实体文件不存在","0","MarkMissing","Skipped","磁盘或 NAS 当前不可访问，保留历史状态。","False","False"
"13246","3026","ipzz-857","F:\完成2\ipzz-857.mp4","Preview","6267","Z:\bcbcbcbc\ca-ES\LocalMediaManager\Previews\ipzz-857\ipzz-857_005.jpg","","数据库记录指向的实体文件不存在","0","MarkMissing","Skipped","磁盘或 NAS 当前不可访问，保留历史状态。","False","False"
"13246","3026","ipzz-857","F:\完成2\ipzz-857.mp4","Preview","6268","Z:\bcbcbcbc\ca-ES\LocalMediaManager\Previews\ipzz-857\ipzz-857_006.jpg","","数据库记录指向的实体文件不存在","0","MarkMissing","Skipped","磁盘或 NAS 当前不可访问，保留历史状态。","False","False"
"13246","3026","ipzz-857","F:\完成2\ipzz-857.mp4","Preview","6269","Z:\bcbcbcbc\ca-ES\LocalMediaManager\Previews\ipzz-857\ipzz-857_007.jpg","","数据库记录指向的实体文件不存在","0","MarkMissing","Skipped","磁盘或 NAS 当前不可访问，保留历史状态。","False","False"
"13246","3026","ipzz-857","F:\完成2\ipzz-857.mp4","Preview","6270","Z:\bcbcbcbc\ca-ES\LocalMediaManager\Previews\ipzz-857\ipzz-857_008.jpg","","数据库记录指向的实体文件不存在","0","MarkMissing","Skipped","磁盘或 NAS 当前不可访问，保留历史状态。","False","False"
"13246","3026","ipzz-857","F:\完成2\ipzz-857.mp4","Preview","6271","Z:\bcbcbcbc\ca-ES\LocalMediaManager\Previews\ipzz-857\ipzz-857_009.jpg","","数据库记录指向的实体文件不存在","0","MarkMissing","Skipped","磁盘或 NAS 当前不可访问，保留历史状态。","False","False"
"13246","3026","ipzz-857","F:\完成2\ipzz-857.mp4","Preview","6272","Z:\bcbcbcbc\ca-ES\LocalMediaManager\Previews\ipzz-857\ipzz-857_010.jpg","","数据库记录指向的实体文件不存在","0","MarkMissing","Skipped","磁盘或 NAS 当前不可访问，保留历史状态。","False","False"
"13246","3026","ipzz-857","F:\完成2\ipzz-857.mp4","Preview","6273","Z:\bcbcbcbc\ca-ES\LocalMediaManager\Previews\ipzz-857\ipzz-857_011.jpg","","数据库记录指向的实体文件不存在","0","MarkMissing","Skipped","磁盘或 NAS 当前不可访问，保留历史状态。","False","False"
"13246","3026","ipzz-857","F:\完成2\ipzz-857.mp4","Preview","6274","Z:\bcbcbcbc\ca-ES\LocalMediaManager\Previews\ipzz-857\ipzz-857_012.jpg","","数据库记录指向的实体文件不存在","0","MarkMissing","Skipped","磁盘或 NAS 当前不可访问，保留历史状态。","False","False"
"13246","3029","ipzz-882","F:\完成2\ipzz-882.mp4","Preview","6300","Z:\bcbcbcbc\ca-ES\LocalMediaManager\Previews\ipzz-882\ipzz-882_001.jpg","","数据库记录指向的实体文件不存在","0","MarkMissing","Skipped","磁盘或 NAS 当前不可访问，保留历史状态。","False","False"
"13246","3029","ipzz-882","F:\完成2\ipzz-882.mp4","Preview","6301","Z:\bcbcbcbc\ca-ES\LocalMediaManager\Previews\ipzz-882\ipzz-882_002.jpg","","数据库记录指向的实体文件不存在","0","MarkMissing","Skipped","磁盘或 NAS 当前不可访问，保留历史状态。","False","False"
"13246","3029","ipzz-882","F:\完成2\ipzz-882.mp4","Preview","6302","Z:\bcbcbcbc\ca-ES\LocalMediaManager\Previews\ipzz-882\ipzz-882_003.jpg","","数据库记录指向的实体文件不存在","0","MarkMissing","Skipped","磁盘或 NAS 当前不可访问，保留历史状态。","False","False"
"13246","3029","ipzz-882","F:\完成2\ipzz-882.mp4","Preview","6303","Z:\bcbcbcbc\ca-ES\LocalMediaManager\Previews\ipzz-882\ipzz-882_004.jpg","","数据库记录指向的实体文件不存在","0","MarkMissing","Skipped","磁盘或 NAS 当前不可访问，保留历史状态。","False","False"
"13246","3029","ipzz-882","F:\完成2\ipzz-882.mp4","Preview","6304","Z:\bcbcbcbc\ca-ES\LocalMediaManager\Previews\ipzz-882\ipzz-882_005.jpg","","数据库记录指向的实体文件不存在","0","MarkMissing","Skipped","磁盘或 NAS 当前不可访问，保留历史状态。","False","False"
"13246","3029","ipzz-882","F:\完成2\ipzz-882.mp4","Preview","6305","Z:\bcbcbcbc\ca-ES\LocalMediaManager\Previews\ipzz-882\ipzz-882_006.jpg","","数据库记录指向的实体文件不存在","0","MarkMissing","Skipped","磁盘或 NAS 当前不可访问，保留历史状态。","False","False"
"13246","3029","ipzz-882","F:\完成2\ipzz-882.mp4","Preview","6306","Z:\bcbcbcbc\ca-ES\LocalMediaManager\Previews\ipzz-882\ipzz-882_007.jpg","","数据库记录指向的实体文件不存在","0","MarkMissing","Skipped","磁盘或 NAS 当前不可访问，保留历史状态。","False","False"
"13246","3029","ipzz-882","F:\完成2\ipzz-882.mp4","Preview","6307","Z:\bcbcbcbc\ca-ES\LocalMediaManager\Previews\ipzz-882\ipzz-882_008.jpg","","数据库记录指向的实体文件不存在","0","MarkMissing","Skipped","磁盘或 NAS 当前不可访问，保留历史状态。","False","False"
"13246","3029","ipzz-882","F:\完成2\ipzz-882.mp4","Preview","6308","Z:\bcbcbcbc\ca-ES\LocalMediaManager\Previews\ipzz-882\ipzz-882_009.jpg","","数据库记录指向的实体文件不存在","0","MarkMissing","Skipped","磁盘或 NAS 当前不可访问，保留历史状态。","False","False"
"13246","3029","ipzz-882","F:\完成2\ipzz-882.mp4","Preview","6309","Z:\bcbcbcbc\ca-ES\LocalMediaManager\Previews\ipzz-882\ipzz-882_010.jpg","","数据库记录指向的实体文件不存在","0","MarkMissing","Skipped","磁盘或 NAS 当前不可访问，保留历史状态。","False","False"
"13246","3032","ipzz-888","F:\完成2\ipzz-888.mp4","Preview","6335","Z:\bcbcbcbc\ca-ES\LocalMediaManager\Previews\ipzz-888\ipzz-888_001.jpg","","数据库记录指向的实体文件不存在","0","MarkMissing","Skipped","磁盘或 NAS 当前不可访问，保留历史状态。","False","False"
"13246","3032","ipzz-888","F:\完成2\ipzz-888.mp4","Preview","6336","Z:\bcbcbcbc\ca-ES\LocalMediaManager\Previews\ipzz-888\ipzz-888_002.jpg","","数据库记录指向的实体文件不存在","0","MarkMissing","Skipped","磁盘或 NAS 当前不可访问，保留历史状态。","False","False"
"13246","3032","ipzz-888","F:\完成2\ipzz-888.mp4","Preview","6337","Z:\bcbcbcbc\ca-ES\LocalMediaManager\Previews\ipzz-888\ipzz-888_003.jpg","","数据库记录指向的实体文件不存在","0","MarkMissing","Skipped","磁盘或 NAS 当前不可访问，保留历史状态。","False","False"
"13246","3032","ipzz-888","F:\完成2\ipzz-888.mp4","Preview","6338","Z:\bcbcbcbc\ca-ES\LocalMediaManager\Previews\ipzz-888\ipzz-888_004.jpg","","数据库记录指向的实体文件不存在","0","MarkMissing","Skipped","磁盘或 NAS 当前不可访问，保留历史状态。","False","False"
"13246","3032","ipzz-888","F:\完成2\ipzz-888.mp4","Preview","6339","Z:\bcbcbcbc\ca-ES\LocalMediaManager\Previews\ipzz-888\ipzz-888_005.jpg","","数据库记录指向的实体文件不存在","0","MarkMissing","Skipped","磁盘或 NAS 当前不可访问，保留历史状态。","False","False"
"13246","3032","ipzz-888","F:\完成2\ipzz-888.mp4","Preview","6340","Z:\bcbcbcbc\ca-ES\LocalMediaManager\Previews\ipzz-888\ipzz-888_006.jpg","","数据库记录指向的实体文件不存在","0","MarkMissing","Skipped","磁盘或 NAS 当前不可访问，保留历史状态。","False","False"
"13246","3032","ipzz-888","F:\完成2\ipzz-888.mp4","Preview","6341","Z:\bcbcbcbc\ca-ES\LocalMediaManager\Previews\ipzz-888\ipzz-888_007.jpg","","数据库记录指向的实体文件不存在","0","MarkMissing","Skipped","磁盘或 NAS 当前不可访问，保留历史状态。","False","False"
"13246","3032","ipzz-888","F:\完成2\ipzz-888.mp4","Preview","6342","Z:\bcbcbcbc\ca-ES\LocalMediaManager\Previews\ipzz-888\ipzz-888_008.jpg","","数据库记录指向的实体文件不存在","0","MarkMissing","Skipped","磁盘或 NAS 当前不可访问，保留历史状态。","False","False"
"13246","3032","ipzz-888","F:\完成2\ipzz-888.mp4","Preview","6343","Z:\bcbcbcbc\ca-ES\LocalMediaManager\Previews\ipzz-888\ipzz-888_009.jpg","","数据库记录指向的实体文件不存在","0","MarkMissing","Skipped","磁盘或 NAS 当前不可访问，保留历史状态。","False","False"
"13246","3032","ipzz-888","F:\完成2\ipzz-888.mp4","Preview","6344","Z:\bcbcbcbc\ca-ES\LocalMediaManager\Previews\ipzz-888\ipzz-888_010.jpg","","数据库记录指向的实体文件不存在","0","MarkMissing","Skipped","磁盘或 NAS 当前不可访问，保留历史状态。","False","False"
"13246","3032","ipzz-888","F:\完成2\ipzz-888.mp4","Preview","6345","Z:\bcbcbcbc\ca-ES\LocalMediaManager\Previews\ipzz-888\ipzz-888_011.jpg","","数据库记录指向的实体文件不存在","0","MarkMissing","Skipped","磁盘或 NAS 当前不可访问，保留历史状态。","False","False"
"13246","3032","ipzz-888","F:\完成2\ipzz-888.mp4","Preview","6346","Z:\bcbcbcbc\ca-ES\LocalMediaManager\Previews\ipzz-888\ipzz-888_012.jpg","","数据库记录指向的实体文件不存在","0","MarkMissing","Skipped","磁盘或 NAS 当前不可访问，保留历史状态。","False","False"
"13246","3035","jur-728","F:\完成2\jur-728.mp4","Preview","6369","Z:\bcbcbcbc\ca-ES\LocalMediaManager\Previews\jur-728\jur-728_001.jpg","","数据库记录指向的实体文件不存在","0","MarkMissing","Skipped","磁盘或 NAS 当前不可访问，保留历史状态。","False","False"
"13246","3035","jur-728","F:\完成2\jur-728.mp4","Preview","6370","Z:\bcbcbcbc\ca-ES\LocalMediaManager\Previews\jur-728\jur-728_002.jpg","","数据库记录指向的实体文件不存在","0","MarkMissing","Skipped","磁盘或 NAS 当前不可访问，保留历史状态。","False","False"
"13246","3035","jur-728","F:\完成2\jur-728.mp4","Preview","6371","Z:\bcbcbcbc\ca-ES\LocalMediaManager\Previews\jur-728\jur-728_003.jpg","","数据库记录指向的实体文件不存在","0","MarkMissing","Skipped","磁盘或 NAS 当前不可访问，保留历史状态。","False","False"
"13246","3035","jur-728","F:\完成2\jur-728.mp4","Preview","6372","Z:\bcbcbcbc\ca-ES\LocalMediaManager\Previews\jur-728\jur-728_004.jpg","","数据库记录指向的实体文件不存在","0","MarkMissing","Skipped","磁盘或 NAS 当前不可访问，保留历史状态。","False","False"
"13246","3035","jur-728","F:\完成2\jur-728.mp4","Preview","6373","Z:\bcbcbcbc\ca-ES\LocalMediaManager\Previews\jur-728\jur-728_005.jpg","","数据库记录指向的实体文件不存在","0","MarkMissing","Skipped","磁盘或 NAS 当前不可访问，保留历史状态。","False","False"
"13246","3035","jur-728","F:\完成2\jur-728.mp4","Preview","6374","Z:\bcbcbcbc\ca-ES\LocalMediaManager\Previews\jur-728\jur-728_006.jpg","","数据库记录指向的实体文件不存在","0","MarkMissing","Skipped","磁盘或 NAS 当前不可访问，保留历史状态。","False","False"
"13246","3035","jur-728","F:\完成2\jur-728.mp4","Preview","6375","Z:\bcbcbcbc\ca-ES\LocalMediaManager\Previews\jur-728\jur-728_007.jpg","","数据库记录指向的实体文件不存在","0","MarkMissing","Skipped","磁盘或 NAS 当前不可访问，保留历史状态。","False","False"
"13246","3035","jur-728","F:\完成2\jur-728.mp4","Preview","6376","Z:\bcbcbcbc\ca-ES\LocalMediaManager\Previews\jur-728\jur-728_008.jpg","","数据库记录指向的实体文件不存在","0","MarkMissing","Skipped","磁盘或 NAS 当前不可访问，保留历史状态。","False","False"
"13246","3035","jur-728","F:\完成2\jur-728.mp4","Preview","6377","Z:\bcbcbcbc\ca-ES\LocalMediaManager\Previews\jur-728\jur-728_009.jpg","","数据库记录指向的实体文件不存在","0","MarkMissing","Skipped","磁盘或 NAS 当前不可访问，保留历史状态。","False","False"
"13246","3035","jur-728","F:\完成2\jur-728.mp4","Preview","6378","Z:\bcbcbcbc\ca-ES\LocalMediaManager\Previews\jur-728\jur-728_010.jpg","","数据库记录指向的实体文件不存在","0","MarkMissing","Skipped","磁盘或 NAS 当前不可访问，保留历史状态。","False","False"
"13246","3039","meyd-970","F:\完成2\meyd-970.mp4","Preview","6414","Z:\bcbcbcbc\ca-ES\LocalMediaManager\Previews\meyd-970\meyd-970_001.jpg","","数据库记录指向的实体文件不存在","0","MarkMissing","Skipped","磁盘或 NAS 当前不可访问，保留历史状态。","False","False"
"13246","3039","meyd-970","F:\完成2\meyd-970.mp4","Preview","6415","Z:\bcbcbcbc\ca-ES\LocalMediaManager\Previews\meyd-970\meyd-970_002.jpg","","数据库记录指向的实体文件不存在","0","MarkMissing","Skipped","磁盘或 NAS 当前不可访问，保留历史状态。","False","False"
"13246","3039","meyd-970","F:\完成2\meyd-970.mp4","Preview","6416","Z:\bcbcbcbc\ca-ES\LocalMediaManager\Previews\meyd-970\meyd-970_003.jpg","","数据库记录指向的实体文件不存在","0","MarkMissing","Skipped","磁盘或 NAS 当前不可访问，保留历史状态。","False","False"
"13246","3039","meyd-970","F:\完成2\meyd-970.mp4","Preview","6417","Z:\bcbcbcbc\ca-ES\LocalMediaManager\Previews\meyd-970\meyd-970_004.jpg","","数据库记录指向的实体文件不存在","0","MarkMissing","Skipped","磁盘或 NAS 当前不可访问，保留历史状态。","False","False"
"13246","3039","meyd-970","F:\完成2\meyd-970.mp4","Preview","6418","Z:\bcbcbcbc\ca-ES\LocalMediaManager\Previews\meyd-970\meyd-970_005.jpg","","数据库记录指向的实体文件不存在","0","MarkMissing","Skipped","磁盘或 NAS 当前不可访问，保留历史状态。","False","False"
"13246","3039","meyd-970","F:\完成2\meyd-970.mp4","Preview","6419","Z:\bcbcbcbc\ca-ES\LocalMediaManager\Previews\meyd-970\meyd-970_006.jpg","","数据库记录指向的实体文件不存在","0","MarkMissing","Skipped","磁盘或 NAS 当前不可访问，保留历史状态。","False","False"
"13246","3039","meyd-970","F:\完成2\meyd-970.mp4","Preview","6420","Z:\bcbcbcbc\ca-ES\LocalMediaManager\Previews\meyd-970\meyd-970_007.jpg","","数据库记录指向的实体文件不存在","0","MarkMissing","Skipped","磁盘或 NAS 当前不可访问，保留历史状态。","False","False"
"13246","3039","meyd-970","F:\完成2\meyd-970.mp4","Preview","6421","Z:\bcbcbcbc\ca-ES\LocalMediaManager\Previews\meyd-970\meyd-970_008.jpg","","数据库记录指向的实体文件不存在","0","MarkMissing","Skipped","磁盘或 NAS 当前不可访问，保留历史状态。","False","False"
"13246","3039","meyd-970","F:\完成2\meyd-970.mp4","Preview","6422","Z:\bcbcbcbc\ca-ES\LocalMediaManager\Previews\meyd-970\meyd-970_009.jpg","","数据库记录指向的实体文件不存在","0","MarkMissing","Skipped","磁盘或 NAS 当前不可访问，保留历史状态。","False","False"
"13246","3039","meyd-970","F:\完成2\meyd-970.mp4","Preview","6423","Z:\bcbcbcbc\ca-ES\LocalMediaManager\Previews\meyd-970\meyd-970_010.jpg","","数据库记录指向的实体文件不存在","0","MarkMissing","Skipped","磁盘或 NAS 当前不可访问，保留历史状态。","False","False"
"13246","3039","meyd-970","F:\完成2\meyd-970.mp4","Preview","6424","Z:\bcbcbcbc\ca-ES\LocalMediaManager\Previews\meyd-970\meyd-970_011.jpg","","数据库记录指向的实体文件不存在","0","MarkMissing","Skipped","磁盘或 NAS 当前不可访问，保留历史状态。","False","False"
"13246","3039","meyd-970","F:\完成2\meyd-970.mp4","Preview","6425","Z:\bcbcbcbc\ca-ES\LocalMediaManager\Previews\meyd-970\meyd-970_012.jpg","","数据库记录指向的实体文件不存在","0","MarkMissing","Skipped","磁盘或 NAS 当前不可访问，保留历史状态。","False","False"
"13246","3070","SDNM-529","F:\完成2\SDNM-529.mp4","Preview","","","Z:\bcbcbcbc\ca-ES\LocalMediaManager\Previews\SDNM-529\SDNM-529_001.jpg","位于标准化番号同名资源目录","90","RegisterImage","Safe","唯一高置信度实体，可在确认后建立或修正关联。","True","False"
"13246","3070","SDNM-529","F:\完成2\SDNM-529.mp4","Preview","","","Z:\bcbcbcbc\ca-ES\LocalMediaManager\Previews\SDNM-529\SDNM-529_002.jpg","位于标准化番号同名资源目录","90","RegisterImage","Safe","唯一高置信度实体，可在确认后建立或修正关联。","True","False"
"13246","3070","SDNM-529","F:\完成2\SDNM-529.mp4","Preview","","","Z:\bcbcbcbc\ca-ES\LocalMediaManager\Previews\SDNM-529\SDNM-529_003.jpg","位于标准化番号同名资源目录","90","RegisterImage","Safe","唯一高置信度实体，可在确认后建立或修正关联。","True","False"
"13246","3070","SDNM-529","F:\完成2\SDNM-529.mp4","Preview","","","Z:\bcbcbcbc\ca-ES\LocalMediaManager\Previews\SDNM-529\SDNM-529_004.jpg","位于标准化番号同名资源目录","90","RegisterImage","Safe","唯一高置信度实体，可在确认后建立或修正关联。","True","False"
"13246","3070","SDNM-529","F:\完成2\SDNM-529.mp4","Preview","","","Z:\bcbcbcbc\ca-ES\LocalMediaManager\Previews\SDNM-529\SDNM-529_005.jpg","位于标准化番号同名资源目录","90","RegisterImage","Safe","唯一高置信度实体，可在确认后建立或修正关联。","True","False"
"13246","3070","SDNM-529","F:\完成2\SDNM-529.mp4","Preview","","","Z:\bcbcbcbc\ca-ES\LocalMediaManager\Previews\SDNM-529\SDNM-529_006.jpg","位于标准化番号同名资源目录","90","RegisterImage","Safe","唯一高置信度实体，可在确认后建立或修正关联。","True","False"
"13246","3070","SDNM-529","F:\完成2\SDNM-529.mp4","Preview","","","Z:\bcbcbcbc\ca-ES\LocalMediaManager\Previews\SDNM-529\SDNM-529_007.jpg","位于标准化番号同名资源目录","90","RegisterImage","Safe","唯一高置信度实体，可在确认后建立或修正关联。","True","False"
"13246","3070","SDNM-529","F:\完成2\SDNM-529.mp4","Preview","","","Z:\bcbcbcbc\ca-ES\LocalMediaManager\Previews\SDNM-529\SDNM-529_008.jpg","位于标准化番号同名资源目录","90","RegisterImage","Safe","唯一高置信度实体，可在确认后建立或修正关联。","True","False"
"13246","3071","skjk-016","F:\完成2\skjk-016.mp4","Preview","6784","Z:\bcbcbcbc\ca-ES\LocalMediaManager\Previews\skjk-016\skjk-016_001.jpg","","数据库记录指向的实体文件不存在","0","MarkMissing","Skipped","磁盘或 NAS 当前不可访问，保留历史状态。","False","False"
"13246","3071","skjk-016","F:\完成2\skjk-016.mp4","Preview","6785","Z:\bcbcbcbc\ca-ES\LocalMediaManager\Previews\skjk-016\skjk-016_002.jpg","","数据库记录指向的实体文件不存在","0","MarkMissing","Skipped","磁盘或 NAS 当前不可访问，保留历史状态。","False","False"
"13246","3071","skjk-016","F:\完成2\skjk-016.mp4","Preview","6786","Z:\bcbcbcbc\ca-ES\LocalMediaManager\Previews\skjk-016\skjk-016_003.jpg","","数据库记录指向的实体文件不存在","0","MarkMissing","Skipped","磁盘或 NAS 当前不可访问，保留历史状态。","False","False"
"13246","3071","skjk-016","F:\完成2\skjk-016.mp4","Preview","6787","Z:\bcbcbcbc\ca-ES\LocalMediaManager\Previews\skjk-016\skjk-016_004.jpg","","数据库记录指向的实体文件不存在","0","MarkMissing","Skipped","磁盘或 NAS 当前不可访问，保留历史状态。","False","False"
"13246","3071","skjk-016","F:\完成2\skjk-016.mp4","Preview","6788","Z:\bcbcbcbc\ca-ES\LocalMediaManager\Previews\skjk-016\skjk-016_005.jpg","","数据库记录指向的实体文件不存在","0","MarkMissing","Skipped","磁盘或 NAS 当前不可访问，保留历史状态。","False","False"
"13246","3071","skjk-016","F:\完成2\skjk-016.mp4","Preview","6789","Z:\bcbcbcbc\ca-ES\LocalMediaManager\Previews\skjk-016\skjk-016_006.jpg","","数据库记录指向的实体文件不存在","0","MarkMissing","Skipped","磁盘或 NAS 当前不可访问，保留历史状态。","False","False"
"13246","3071","skjk-016","F:\完成2\skjk-016.mp4","Preview","6790","Z:\bcbcbcbc\ca-ES\LocalMediaManager\Previews\skjk-016\skjk-016_007.jpg","","数据库记录指向的实体文件不存在","0","MarkMissing","Skipped","磁盘或 NAS 当前不可访问，保留历史状态。","False","False"
"13246","3071","skjk-016","F:\完成2\skjk-016.mp4","Preview","6791","Z:\bcbcbcbc\ca-ES\LocalMediaManager\Previews\skjk-016\skjk-016_008.jpg","","数据库记录指向的实体文件不存在","0","MarkMissing","Skipped","磁盘或 NAS 当前不可访问，保留历史状态。","False","False"
"13246","3071","skjk-016","F:\完成2\skjk-016.mp4","Preview","6792","Z:\bcbcbcbc\ca-ES\LocalMediaManager\Previews\skjk-016\skjk-016_009.jpg","","数据库记录指向的实体文件不存在","0","MarkMissing","Skipped","磁盘或 NAS 当前不可访问，保留历史状态。","False","False"
"13246","3071","skjk-016","F:\完成2\skjk-016.mp4","Preview","6793","Z:\bcbcbcbc\ca-ES\LocalMediaManager\Previews\skjk-016\skjk-016_010.jpg","","数据库记录指向的实体文件不存在","0","MarkMissing","Skipped","磁盘或 NAS 当前不可访问，保留历史状态。","False","False"
"13246","3071","skjk-016","F:\完成2\skjk-016.mp4","Preview","6794","Z:\bcbcbcbc\ca-ES\LocalMediaManager\Previews\skjk-016\skjk-016_011.jpg","","数据库记录指向的实体文件不存在","0","MarkMissing","Skipped","磁盘或 NAS 当前不可访问，保留历史状态。","False","False"
"13246","3071","skjk-016","F:\完成2\skjk-016.mp4","Preview","6795","Z:\bcbcbcbc\ca-ES\LocalMediaManager\Previews\skjk-016\skjk-016_012.jpg","","数据库记录指向的实体文件不存在","0","MarkMissing","Skipped","磁盘或 NAS 当前不可访问，保留历史状态。","False","False"
"13246","3071","skjk-016","F:\完成2\skjk-016.mp4","Preview","6796","Z:\bcbcbcbc\ca-ES\LocalMediaManager\Previews\skjk-016\skjk-016_013.jpg","","数据库记录指向的实体文件不存在","0","MarkMissing","Skipped","磁盘或 NAS 当前不可访问，保留历史状态。","False","False"
"13246","3071","skjk-016","F:\完成2\skjk-016.mp4","Preview","6797","Z:\bcbcbcbc\ca-ES\LocalMediaManager\Previews\skjk-016\skjk-016_014.jpg","","数据库记录指向的实体文件不存在","0","MarkMissing","Skipped","磁盘或 NAS 当前不可访问，保留历史状态。","False","False"
"13246","3071","skjk-016","F:\完成2\skjk-016.mp4","Preview","6798","Z:\bcbcbcbc\ca-ES\LocalMediaManager\Previews\skjk-016\skjk-016_015.jpg","","数据库记录指向的实体文件不存在","0","MarkMissing","Skipped","磁盘或 NAS 当前不可访问，保留历史状态。","False","False"
"13246","3078","SNOS-209","F:\完成2\SNOS-209.mp4","Preview","","","Z:\bcbcbcbc\ca-ES\LocalMediaManager\Previews\SNOS-209\SNOS-209_001.jpg","位于标准化番号同名资源目录","90","RegisterImage","Safe","唯一高置信度实体，可在确认后建立或修正关联。","True","False"
"13246","3078","SNOS-209","F:\完成2\SNOS-209.mp4","Preview","","","Z:\bcbcbcbc\ca-ES\LocalMediaManager\Previews\SNOS-209\SNOS-209_002.jpg","位于标准化番号同名资源目录","90","RegisterImage","Safe","唯一高置信度实体，可在确认后建立或修正关联。","True","False"
"13246","3078","SNOS-209","F:\完成2\SNOS-209.mp4","Preview","","","Z:\bcbcbcbc\ca-ES\LocalMediaManager\Previews\SNOS-209\SNOS-209_003.jpg","位于标准化番号同名资源目录","90","RegisterImage","Safe","唯一高置信度实体，可在确认后建立或修正关联。","True","False"
"13246","3078","SNOS-209","F:\完成2\SNOS-209.mp4","Preview","","","Z:\bcbcbcbc\ca-ES\LocalMediaManager\Previews\SNOS-209\SNOS-209_004.jpg","位于标准化番号同名资源目录","90","RegisterImage","Safe","唯一高置信度实体，可在确认后建立或修正关联。","True","False"
"13246","3078","SNOS-209","F:\完成2\SNOS-209.mp4","Preview","","","Z:\bcbcbcbc\ca-ES\LocalMediaManager\Previews\SNOS-209\SNOS-209_005.jpg","位于标准化番号同名资源目录","90","RegisterImage","Safe","唯一高置信度实体，可在确认后建立或修正关联。","True","False"
"13246","3078","SNOS-209","F:\完成2\SNOS-209.mp4","Preview","","","Z:\bcbcbcbc\ca-ES\LocalMediaManager\Previews\SNOS-209\SNOS-209_006.jpg","位于标准化番号同名资源目录","90","RegisterImage","Safe","唯一高置信度实体，可在确认后建立或修正关联。","True","False"
"13246","3078","SNOS-209","F:\完成2\SNOS-209.mp4","Preview","","","Z:\bcbcbcbc\ca-ES\LocalMediaManager\Previews\SNOS-209\SNOS-209_007.jpg","位于标准化番号同名资源目录","90","RegisterImage","Safe","唯一高置信度实体，可在确认后建立或修正关联。","True","False"
"13246","3192","ABW-118","E:\完成\ABW-118.mp4","Preview","","","Z:\bcbcbcbc\ca-ES\LocalMediaManager\Previews\ABW-118\01.jpg","位于标准化番号同名资源目录","90","RegisterImage","Safe","唯一高置信度实体，可在确认后建立或修正关联。","True","False"
"13246","3192","ABW-118","E:\完成\ABW-118.mp4","Preview","","","Z:\bcbcbcbc\ca-ES\LocalMediaManager\Previews\ABW-118\02.jpg","位于标准化番号同名资源目录","90","RegisterImage","Safe","唯一高置信度实体，可在确认后建立或修正关联。","True","False"
"13246","3192","ABW-118","E:\完成\ABW-118.mp4","Preview","","","Z:\bcbcbcbc\ca-ES\LocalMediaManager\Previews\ABW-118\03.jpg","位于标准化番号同名资源目录","90","RegisterImage","Safe","唯一高置信度实体，可在确认后建立或修正关联。","True","False"
"13246","3192","ABW-118","E:\完成\ABW-118.mp4","Preview","","","Z:\bcbcbcbc\ca-ES\LocalMediaManager\Previews\ABW-118\04.jpg","位于标准化番号同名资源目录","90","RegisterImage","Safe","唯一高置信度实体，可在确认后建立或修正关联。","True","False"
"13246","3192","ABW-118","E:\完成\ABW-118.mp4","Preview","","","Z:\bcbcbcbc\ca-ES\LocalMediaManager\Previews\ABW-118\05.jpg","位于标准化番号同名资源目录","90","RegisterImage","Safe","唯一高置信度实体，可在确认后建立或修正关联。","True","False"
"13246","3192","ABW-118","E:\完成\ABW-118.mp4","Preview","","","Z:\bcbcbcbc\ca-ES\LocalMediaManager\Previews\ABW-118\06.jpg","位于标准化番号同名资源目录","90","RegisterImage","Safe","唯一高置信度实体，可在确认后建立或修正关联。","True","False"
"13246","3192","ABW-118","E:\完成\ABW-118.mp4","Preview","","","Z:\bcbcbcbc\ca-ES\LocalMediaManager\Previews\ABW-118\07.jpg","位于标准化番号同名资源目录","90","RegisterImage","Safe","唯一高置信度实体，可在确认后建立或修正关联。","True","False"
"13246","3192","ABW-118","E:\完成\ABW-118.mp4","Preview","","","Z:\bcbcbcbc\ca-ES\LocalMediaManager\Previews\ABW-118\08.jpg","位于标准化番号同名资源目录","90","RegisterImage","Safe","唯一高置信度实体，可在确认后建立或修正关联。","True","False"
"13246","3192","ABW-118","E:\完成\ABW-118.mp4","Preview","","","Z:\bcbcbcbc\ca-ES\LocalMediaManager\Previews\ABW-118\09.jpg","位于标准化番号同名资源目录","90","RegisterImage","Safe","唯一高置信度实体，可在确认后建立或修正关联。","True","False"
"13246","3192","ABW-118","E:\完成\ABW-118.mp4","Preview","","","Z:\bcbcbcbc\ca-ES\LocalMediaManager\Previews\ABW-118\10.jpg","位于标准化番号同名资源目录","90","RegisterImage","Safe","唯一高置信度实体，可在确认后建立或修正关联。","True","False"
"13246","3192","ABW-118","E:\完成\ABW-118.mp4","Preview","","","Z:\bcbcbcbc\ca-ES\LocalMediaManager\Previews\ABW-118\11.jpg","位于标准化番号同名资源目录","90","RegisterImage","Safe","唯一高置信度实体，可在确认后建立或修正关联。","True","False"
"13246","3192","ABW-118","E:\完成\ABW-118.mp4","Preview","","","Z:\bcbcbcbc\ca-ES\LocalMediaManager\Previews\ABW-118\12.jpg","位于标准化番号同名资源目录","90","RegisterImage","Safe","唯一高置信度实体，可在确认后建立或修正关联。","True","False"
"13246","3204","dal-005","E:\完成\dal-005.mp4","Preview","7831","Z:\bcbcbcbc\ca-ES\LocalMediaManager\Previews\dal-005\dal-005_001.jpg","","数据库记录指向的实体文件不存在","0","MarkMissing","Skipped","磁盘或 NAS 当前不可访问，保留历史状态。","False","False"
"13246","3204","dal-005","E:\完成\dal-005.mp4","Preview","7832","Z:\bcbcbcbc\ca-ES\LocalMediaManager\Previews\dal-005\dal-005_002.jpg","","数据库记录指向的实体文件不存在","0","MarkMissing","Skipped","磁盘或 NAS 当前不可访问，保留历史状态。","False","False"
"13246","3204","dal-005","E:\完成\dal-005.mp4","Preview","7833","Z:\bcbcbcbc\ca-ES\LocalMediaManager\Previews\dal-005\dal-005_003.jpg","","数据库记录指向的实体文件不存在","0","MarkMissing","Skipped","磁盘或 NAS 当前不可访问，保留历史状态。","False","False"
"13246","3204","dal-005","E:\完成\dal-005.mp4","Preview","7834","Z:\bcbcbcbc\ca-ES\LocalMediaManager\Previews\dal-005\dal-005_004.jpg","","数据库记录指向的实体文件不存在","0","MarkMissing","Skipped","磁盘或 NAS 当前不可访问，保留历史状态。","False","False"
"13246","3204","dal-005","E:\完成\dal-005.mp4","Preview","7835","Z:\bcbcbcbc\ca-ES\LocalMediaManager\Previews\dal-005\dal-005_005.jpg","","数据库记录指向的实体文件不存在","0","MarkMissing","Skipped","磁盘或 NAS 当前不可访问，保留历史状态。","False","False"
"13246","3204","dal-005","E:\完成\dal-005.mp4","Preview","7836","Z:\bcbcbcbc\ca-ES\LocalMediaManager\Previews\dal-005\dal-005_006.jpg","","数据库记录指向的实体文件不存在","0","MarkMissing","Skipped","磁盘或 NAS 当前不可访问，保留历史状态。","False","False"
"13246","3204","dal-005","E:\完成\dal-005.mp4","Preview","7837","Z:\bcbcbcbc\ca-ES\LocalMediaManager\Previews\dal-005\dal-005_007.jpg","","数据库记录指向的实体文件不存在","0","MarkMissing","Skipped","磁盘或 NAS 当前不可访问，保留历史状态。","False","False"
"13246","3204","dal-005","E:\完成\dal-005.mp4","Preview","7838","Z:\bcbcbcbc\ca-ES\LocalMediaManager\Previews\dal-005\dal-005_008.jpg","","数据库记录指向的实体文件不存在","0","MarkMissing","Skipped","磁盘或 NAS 当前不可访问，保留历史状态。","False","False"
"13246","3204","dal-005","E:\完成\dal-005.mp4","Preview","7839","Z:\bcbcbcbc\ca-ES\LocalMediaManager\Previews\dal-005\dal-005_009.jpg","","数据库记录指向的实体文件不存在","0","MarkMissing","Skipped","磁盘或 NAS 当前不可访问，保留历史状态。","False","False"
"13246","3204","dal-005","E:\完成\dal-005.mp4","Preview","7840","Z:\bcbcbcbc\ca-ES\LocalMediaManager\Previews\dal-005\dal-005_010.jpg","","数据库记录指向的实体文件不存在","0","MarkMissing","Skipped","磁盘或 NAS 当前不可访问，保留历史状态。","False","False"
"13246","3204","dal-005","E:\完成\dal-005.mp4","Preview","7841","Z:\bcbcbcbc\ca-ES\LocalMediaManager\Previews\dal-005\dal-005_011.jpg","","数据库记录指向的实体文件不存在","0","MarkMissing","Skipped","磁盘或 NAS 当前不可访问，保留历史状态。","False","False"
"13246","3204","dal-005","E:\完成\dal-005.mp4","Preview","7842","Z:\bcbcbcbc\ca-ES\LocalMediaManager\Previews\dal-005\dal-005_012.jpg","","数据库记录指向的实体文件不存在","0","MarkMissing","Skipped","磁盘或 NAS 当前不可访问，保留历史状态。","False","False"
"13246","3204","dal-005","E:\完成\dal-005.mp4","Preview","7843","Z:\bcbcbcbc\ca-ES\LocalMediaManager\Previews\dal-005\dal-005_013.jpg","","数据库记录指向的实体文件不存在","0","MarkMissing","Skipped","磁盘或 NAS 当前不可访问，保留历史状态。","False","False"
"13246","3204","dal-005","E:\完成\dal-005.mp4","Preview","7844","Z:\bcbcbcbc\ca-ES\LocalMediaManager\Previews\dal-005\dal-005_014.jpg","","数据库记录指向的实体文件不存在","0","MarkMissing","Skipped","磁盘或 NAS 当前不可访问，保留历史状态。","False","False"
"13246","3204","dal-005","E:\完成\dal-005.mp4","Preview","7845","Z:\bcbcbcbc\ca-ES\LocalMediaManager\Previews\dal-005\dal-005_015.jpg","","数据库记录指向的实体文件不存在","0","MarkMissing","Skipped","磁盘或 NAS 当前不可访问，保留历史状态。","False","False"
"13246","3240","hmn-633","E:\完成\hmn-633.mp4","Preview","7670","Z:\bcbcbcbc\ca-ES\LocalMediaManager\Previews\hmn-633\hmn-633_001.jpg","","数据库记录指向的实体文件不存在","0","MarkMissing","Skipped","磁盘或 NAS 当前不可访问，保留历史状态。","False","False"
"13246","3240","hmn-633","E:\完成\hmn-633.mp4","Preview","7671","Z:\bcbcbcbc\ca-ES\LocalMediaManager\Previews\hmn-633\hmn-633_002.jpg","","数据库记录指向的实体文件不存在","0","MarkMissing","Skipped","磁盘或 NAS 当前不可访问，保留历史状态。","False","False"
"13246","3240","hmn-633","E:\完成\hmn-633.mp4","Preview","7672","Z:\bcbcbcbc\ca-ES\LocalMediaManager\Previews\hmn-633\hmn-633_003.jpg","","数据库记录指向的实体文件不存在","0","MarkMissing","Skipped","磁盘或 NAS 当前不可访问，保留历史状态。","False","False"
"13246","3240","hmn-633","E:\完成\hmn-633.mp4","Preview","7673","Z:\bcbcbcbc\ca-ES\LocalMediaManager\Previews\hmn-633\hmn-633_004.jpg","","数据库记录指向的实体文件不存在","0","MarkMissing","Skipped","磁盘或 NAS 当前不可访问，保留历史状态。","False","False"
"13246","3240","hmn-633","E:\完成\hmn-633.mp4","Preview","7674","Z:\bcbcbcbc\ca-ES\LocalMediaManager\Previews\hmn-633\hmn-633_005.jpg","","数据库记录指向的实体文件不存在","0","MarkMissing","Skipped","磁盘或 NAS 当前不可访问，保留历史状态。","False","False"
"13246","3240","hmn-633","E:\完成\hmn-633.mp4","Preview","7675","Z:\bcbcbcbc\ca-ES\LocalMediaManager\Previews\hmn-633\hmn-633_006.jpg","","数据库记录指向的实体文件不存在","0","MarkMissing","Skipped","磁盘或 NAS 当前不可访问，保留历史状态。","False","False"
"13246","3240","hmn-633","E:\完成\hmn-633.mp4","Preview","7676","Z:\bcbcbcbc\ca-ES\LocalMediaManager\Previews\hmn-633\hmn-633_007.jpg","","数据库记录指向的实体文件不存在","0","MarkMissing","Skipped","磁盘或 NAS 当前不可访问，保留历史状态。","False","False"
"13246","3240","hmn-633","E:\完成\hmn-633.mp4","Preview","7677","Z:\bcbcbcbc\ca-ES\LocalMediaManager\Previews\hmn-633\hmn-633_008.jpg","","数据库记录指向的实体文件不存在","0","MarkMissing","Skipped","磁盘或 NAS 当前不可访问，保留历史状态。","False","False"
"13246","3240","hmn-633","E:\完成\hmn-633.mp4","Preview","7678","Z:\bcbcbcbc\ca-ES\LocalMediaManager\Previews\hmn-633\hmn-633_009.jpg","","数据库记录指向的实体文件不存在","0","MarkMissing","Skipped","磁盘或 NAS 当前不可访问，保留历史状态。","False","False"
"13246","3240","hmn-633","E:\完成\hmn-633.mp4","Preview","7679","Z:\bcbcbcbc\ca-ES\LocalMediaManager\Previews\hmn-633\hmn-633_010.jpg","","数据库记录指向的实体文件不存在","0","MarkMissing","Skipped","磁盘或 NAS 当前不可访问，保留历史状态。","False","False"
"13246","3240","hmn-633","E:\完成\hmn-633.mp4","Preview","7680","Z:\bcbcbcbc\ca-ES\LocalMediaManager\Previews\hmn-633\hmn-633_011.jpg","","数据库记录指向的实体文件不存在","0","MarkMissing","Skipped","磁盘或 NAS 当前不可访问，保留历史状态。","False","False"
"13246","3240","hmn-633","E:\完成\hmn-633.mp4","Preview","7681","Z:\bcbcbcbc\ca-ES\LocalMediaManager\Previews\hmn-633\hmn-633_012.jpg","","数据库记录指向的实体文件不存在","0","MarkMissing","Skipped","磁盘或 NAS 当前不可访问，保留历史状态。","False","False"
"13246","3240","hmn-633","E:\完成\hmn-633.mp4","Preview","7682","Z:\bcbcbcbc\ca-ES\LocalMediaManager\Previews\hmn-633\hmn-633_013.jpg","","数据库记录指向的实体文件不存在","0","MarkMissing","Skipped","磁盘或 NAS 当前不可访问，保留历史状态。","False","False"
"13246","3241","HMN-699","E:\完成\HMN-699.mp4","Preview","","","Z:\bcbcbcbc\ca-ES\LocalMediaManager\Previews\HMN-699\HMN-699_001.jpg","位于标准化番号同名资源目录","90","RegisterImage","Safe","唯一高置信度实体，可在确认后建立或修正关联。","True","False"
"13246","3241","HMN-699","E:\完成\HMN-699.mp4","Preview","","","Z:\bcbcbcbc\ca-ES\LocalMediaManager\Previews\HMN-699\HMN-699_002.jpg","位于标准化番号同名资源目录","90","RegisterImage","Safe","唯一高置信度实体，可在确认后建立或修正关联。","True","False"
"13246","3241","HMN-699","E:\完成\HMN-699.mp4","Preview","","","Z:\bcbcbcbc\ca-ES\LocalMediaManager\Previews\HMN-699\HMN-699_003.jpg","位于标准化番号同名资源目录","90","RegisterImage","Safe","唯一高置信度实体，可在确认后建立或修正关联。","True","False"
"13246","3241","HMN-699","E:\完成\HMN-699.mp4","Preview","","","Z:\bcbcbcbc\ca-ES\LocalMediaManager\Previews\HMN-699\HMN-699_004.jpg","位于标准化番号同名资源目录","90","RegisterImage","Safe","唯一高置信度实体，可在确认后建立或修正关联。","True","False"
"13246","3241","HMN-699","E:\完成\HMN-699.mp4","Preview","","","Z:\bcbcbcbc\ca-ES\LocalMediaManager\Previews\HMN-699\HMN-699_005.jpg","位于标准化番号同名资源目录","90","RegisterImage","Safe","唯一高置信度实体，可在确认后建立或修正关联。","True","False"
"13246","3247","HSODA-061","E:\完成\HSODA-061.mp4","Fanart","","","Z:\bcbcbcbc\ca-ES\LocalMediaManager\Fanart\HSODA-061.jpg","实体已登记到 MovieId 3249，禁止自动复用","70","ManualReview","LowConfidence","置信度低于 80，仅供人工核对。","False","False"
"13246","3247","HSODA-061","E:\完成\HSODA-061.mp4","Fanart","","","Z:\bcbcbcbc\ca-ES\LocalMediaManager\Fanart\HSODA-061\HSODA-061.jpg","实体已登记到 MovieId 3249，禁止自动复用","70","ManualReview","LowConfidence","置信度低于 80，仅供人工核对。","False","False"
"13246","3247","HSODA-061","E:\完成\HSODA-061.mp4","Preview","","","Z:\bcbcbcbc\ca-ES\LocalMediaManager\Previews\HSODA-061\01.jpg","实体已登记到 MovieId 3249，禁止自动复用","70","ManualReview","LowConfidence","置信度低于 80，仅供人工核对。","False","False"
"13246","3247","HSODA-061","E:\完成\HSODA-061.mp4","Preview","","","Z:\bcbcbcbc\ca-ES\LocalMediaManager\Previews\HSODA-061\02.jpg","实体已登记到 MovieId 3249，禁止自动复用","70","ManualReview","LowConfidence","置信度低于 80，仅供人工核对。","False","False"
"13246","3247","HSODA-061","E:\完成\HSODA-061.mp4","Preview","","","Z:\bcbcbcbc\ca-ES\LocalMediaManager\Previews\HSODA-061\03.jpg","实体已登记到 MovieId 3249，禁止自动复用","70","ManualReview","LowConfidence","置信度低于 80，仅供人工核对。","False","False"
"13246","3247","HSODA-061","E:\完成\HSODA-061.mp4","Preview","","","Z:\bcbcbcbc\ca-ES\LocalMediaManager\Previews\HSODA-061\04.jpg","实体已登记到 MovieId 3249，禁止自动复用","70","ManualReview","LowConfidence","置信度低于 80，仅供人工核对。","False","False"
"13246","3247","HSODA-061","E:\完成\HSODA-061.mp4","Preview","","","Z:\bcbcbcbc\ca-ES\LocalMediaManager\Previews\HSODA-061\05.jpg","实体已登记到 MovieId 3249，禁止自动复用","70","ManualReview","LowConfidence","置信度低于 80，仅供人工核对。","False","False"
"13246","3247","HSODA-061","E:\完成\HSODA-061.mp4","Preview","","","Z:\bcbcbcbc\ca-ES\LocalMediaManager\Previews\HSODA-061\06.jpg","实体已登记到 MovieId 3249，禁止自动复用","70","ManualReview","LowConfidence","置信度低于 80，仅供人工核对。","False","False"
"13246","3247","HSODA-061","E:\完成\HSODA-061.mp4","Preview","","","Z:\bcbcbcbc\ca-ES\LocalMediaManager\Previews\HSODA-061\07.jpg","实体已登记到 MovieId 3249，禁止自动复用","70","ManualReview","LowConfidence","置信度低于 80，仅供人工核对。","False","False"
"13246","3247","HSODA-061","E:\完成\HSODA-061.mp4","Preview","","","Z:\bcbcbcbc\ca-ES\LocalMediaManager\Previews\HSODA-061\08.jpg","实体已登记到 MovieId 3249，禁止自动复用","70","ManualReview","LowConfidence","置信度低于 80，仅供人工核对。","False","False"
"13246","3247","HSODA-061","E:\完成\HSODA-061.mp4","Preview","","","Z:\bcbcbcbc\ca-ES\LocalMediaManager\Previews\HSODA-061\09.jpg","实体已登记到 MovieId 3249，禁止自动复用","70","ManualReview","LowConfidence","置信度低于 80，仅供人工核对。","False","False"
"13246","3247","HSODA-061","E:\完成\HSODA-061.mp4","Preview","","","Z:\bcbcbcbc\ca-ES\LocalMediaManager\Previews\HSODA-061\10.jpg","实体已登记到 MovieId 3249，禁止自动复用","70","ManualReview","LowConfidence","置信度低于 80，仅供人工核对。","False","False"
"13246","3247","HSODA-061","E:\完成\HSODA-061.mp4","Preview","","","Z:\bcbcbcbc\ca-ES\LocalMediaManager\Previews\HSODA-061\11.jpg","实体已登记到 MovieId 3249，禁止自动复用","70","ManualReview","LowConfidence","置信度低于 80，仅供人工核对。","False","False"
"13246","3247","HSODA-061","E:\完成\HSODA-061.mp4","Preview","","","Z:\bcbcbcbc\ca-ES\LocalMediaManager\Previews\HSODA-061\12.jpg","实体已登记到 MovieId 3249，禁止自动复用","70","ManualReview","LowConfidence","置信度低于 80，仅供人工核对。","False","False"
"13246","3247","HSODA-061","E:\完成\HSODA-061.mp4","Preview","","","Z:\bcbcbcbc\ca-ES\LocalMediaManager\Previews\HSODA-061\13.jpg","实体已登记到 MovieId 3249，禁止自动复用","70","ManualReview","LowConfidence","置信度低于 80，仅供人工核对。","False","False"
"13246","3247","HSODA-061","E:\完成\HSODA-061.mp4","Preview","","","Z:\bcbcbcbc\ca-ES\LocalMediaManager\Previews\HSODA-061\14.jpg","实体已登记到 MovieId 3249，禁止自动复用","70","ManualReview","LowConfidence","置信度低于 80，仅供人工核对。","False","False"
"13246","3247","HSODA-061","E:\完成\HSODA-061.mp4","Preview","","","Z:\bcbcbcbc\ca-ES\LocalMediaManager\Previews\HSODA-061\15.jpg","实体已登记到 MovieId 3249，禁止自动复用","70","ManualReview","LowConfidence","置信度低于 80，仅供人工核对。","False","False"
"13246","3247","HSODA-061","E:\完成\HSODA-061.mp4","Preview","","","Z:\bcbcbcbc\ca-ES\LocalMediaManager\Previews\HSODA-061\16.jpg","实体已登记到 MovieId 3249，禁止自动复用","70","ManualReview","LowConfidence","置信度低于 80，仅供人工核对。","False","False"
"13246","3247","HSODA-061","E:\完成\HSODA-061.mp4","Preview","","","Z:\bcbcbcbc\ca-ES\LocalMediaManager\Previews\HSODA-061\17.jpg","实体已登记到 MovieId 3249，禁止自动复用","70","ManualReview","LowConfidence","置信度低于 80，仅供人工核对。","False","False"
"13246","3247","HSODA-061","E:\完成\HSODA-061.mp4","Preview","","","Z:\bcbcbcbc\ca-ES\LocalMediaManager\Previews\HSODA-061\18.jpg","实体已登记到 MovieId 3249，禁止自动复用","70","ManualReview","LowConfidence","置信度低于 80，仅供人工核对。","False","False"
"13246","3247","HSODA-061","E:\完成\HSODA-061.mp4","Preview","","","Z:\bcbcbcbc\ca-ES\LocalMediaManager\Previews\HSODA-061\19.jpg","实体已登记到 MovieId 3249，禁止自动复用","70","ManualReview","LowConfidence","置信度低于 80，仅供人工核对。","False","False"
"13246","3247","HSODA-061","E:\完成\HSODA-061.mp4","Preview","","","Z:\bcbcbcbc\ca-ES\LocalMediaManager\Previews\HSODA-061\20.jpg","实体已登记到 MovieId 3249，禁止自动复用","70","ManualReview","LowConfidence","置信度低于 80，仅供人工核对。","False","False"
"13246","3247","HSODA-061","E:\完成\HSODA-061.mp4","Preview","","","Z:\bcbcbcbc\ca-ES\LocalMediaManager\Previews\HSODA-061\21.jpg","实体已登记到 MovieId 3249，禁止自动复用","70","ManualReview","LowConfidence","置信度低于 80，仅供人工核对。","False","False"
"13246","3247","HSODA-061","E:\完成\HSODA-061.mp4","Preview","","","Z:\bcbcbcbc\ca-ES\LocalMediaManager\Previews\HSODA-061\22.jpg","实体已登记到 MovieId 3249，禁止自动复用","70","ManualReview","LowConfidence","置信度低于 80，仅供人工核对。","False","False"
"13246","3247","HSODA-061","E:\完成\HSODA-061.mp4","Preview","","","Z:\bcbcbcbc\ca-ES\LocalMediaManager\Previews\HSODA-061\23.jpg","实体已登记到 MovieId 3249，禁止自动复用","70","ManualReview","LowConfidence","置信度低于 80，仅供人工核对。","False","False"
"13246","3247","HSODA-061","E:\完成\HSODA-061.mp4","Preview","","","Z:\bcbcbcbc\ca-ES\LocalMediaManager\Previews\HSODA-061\24.jpg","实体已登记到 MovieId 3249，禁止自动复用","70","ManualReview","LowConfidence","置信度低于 80，仅供人工核对。","False","False"
"13246","3247","HSODA-061","E:\完成\HSODA-061.mp4","Preview","","","Z:\bcbcbcbc\ca-ES\LocalMediaManager\Previews\HSODA-061\25.jpg","实体已登记到 MovieId 3249，禁止自动复用","70","ManualReview","LowConfidence","置信度低于 80，仅供人工核对。","False","False"
"13246","3247","HSODA-061","E:\完成\HSODA-061.mp4","Preview","","","Z:\bcbcbcbc\ca-ES\LocalMediaManager\Previews\HSODA-061\26.jpg","实体已登记到 MovieId 3249，禁止自动复用","70","ManualReview","LowConfidence","置信度低于 80，仅供人工核对。","False","False"
"13246","3247","HSODA-061","E:\完成\HSODA-061.mp4","Preview","","","Z:\bcbcbcbc\ca-ES\LocalMediaManager\Previews\HSODA-061\27.jpg","实体已登记到 MovieId 3249，禁止自动复用","70","ManualReview","LowConfidence","置信度低于 80，仅供人工核对。","False","False"
"13246","3247","HSODA-061","E:\完成\HSODA-061.mp4","Preview","","","Z:\bcbcbcbc\ca-ES\LocalMediaManager\Previews\HSODA-061\28.jpg","实体已登记到 MovieId 3249，禁止自动复用","70","ManualReview","LowConfidence","置信度低于 80，仅供人工核对。","False","False"
"13246","3247","HSODA-061","E:\完成\HSODA-061.mp4","Preview","","","Z:\bcbcbcbc\ca-ES\LocalMediaManager\Previews\HSODA-061\29.jpg","实体已登记到 MovieId 3249，禁止自动复用","70","ManualReview","LowConfidence","置信度低于 80，仅供人工核对。","False","False"
"13246","3247","HSODA-061","E:\完成\HSODA-061.mp4","Preview","","","Z:\bcbcbcbc\ca-ES\LocalMediaManager\Previews\HSODA-061\30.jpg","实体已登记到 MovieId 3249，禁止自动复用","70","ManualReview","LowConfidence","置信度低于 80，仅供人工核对。","False","False"
"13246","3251","ipx-072","E:\完成\ipx-072.mp4","Preview","7301","Z:\bcbcbcbc\ca-ES\LocalMediaManager\Previews\ipx-072\ipx-072_001.jpg","","数据库记录指向的实体文件不存在","0","MarkMissing","Skipped","磁盘或 NAS 当前不可访问，保留历史状态。","False","False"
"13246","3251","ipx-072","E:\完成\ipx-072.mp4","Preview","7302","Z:\bcbcbcbc\ca-ES\LocalMediaManager\Previews\ipx-072\ipx-072_002.jpg","","数据库记录指向的实体文件不存在","0","MarkMissing","Skipped","磁盘或 NAS 当前不可访问，保留历史状态。","False","False"
"13246","3251","ipx-072","E:\完成\ipx-072.mp4","Preview","7303","Z:\bcbcbcbc\ca-ES\LocalMediaManager\Previews\ipx-072\ipx-072_003.jpg","","数据库记录指向的实体文件不存在","0","MarkMissing","Skipped","磁盘或 NAS 当前不可访问，保留历史状态。","False","False"
"13246","3251","ipx-072","E:\完成\ipx-072.mp4","Preview","7304","Z:\bcbcbcbc\ca-ES\LocalMediaManager\Previews\ipx-072\ipx-072_004.jpg","","数据库记录指向的实体文件不存在","0","MarkMissing","Skipped","磁盘或 NAS 当前不可访问，保留历史状态。","False","False"
"13246","3251","ipx-072","E:\完成\ipx-072.mp4","Preview","7305","Z:\bcbcbcbc\ca-ES\LocalMediaManager\Previews\ipx-072\ipx-072_005.jpg","","数据库记录指向的实体文件不存在","0","MarkMissing","Skipped","磁盘或 NAS 当前不可访问，保留历史状态。","False","False"
"13246","3251","ipx-072","E:\完成\ipx-072.mp4","Preview","7306","Z:\bcbcbcbc\ca-ES\LocalMediaManager\Previews\ipx-072\ipx-072_006.jpg","","数据库记录指向的实体文件不存在","0","MarkMissing","Skipped","磁盘或 NAS 当前不可访问，保留历史状态。","False","False"
"13246","3251","ipx-072","E:\完成\ipx-072.mp4","Preview","7307","Z:\bcbcbcbc\ca-ES\LocalMediaManager\Previews\ipx-072\ipx-072_007.jpg","","数据库记录指向的实体文件不存在","0","MarkMissing","Skipped","磁盘或 NAS 当前不可访问，保留历史状态。","False","False"
"13246","3251","ipx-072","E:\完成\ipx-072.mp4","Preview","7308","Z:\bcbcbcbc\ca-ES\LocalMediaManager\Previews\ipx-072\ipx-072_008.jpg","","数据库记录指向的实体文件不存在","0","MarkMissing","Skipped","磁盘或 NAS 当前不可访问，保留历史状态。","False","False"
"13246","3251","ipx-072","E:\完成\ipx-072.mp4","Preview","7309","Z:\bcbcbcbc\ca-ES\LocalMediaManager\Previews\ipx-072\ipx-072_009.jpg","","数据库记录指向的实体文件不存在","0","MarkMissing","Skipped","磁盘或 NAS 当前不可访问，保留历史状态。","False","False"
"13246","3251","ipx-072","E:\完成\ipx-072.mp4","Preview","7310","Z:\bcbcbcbc\ca-ES\LocalMediaManager\Previews\ipx-072\ipx-072_010.jpg","","数据库记录指向的实体文件不存在","0","MarkMissing","Skipped","磁盘或 NAS 当前不可访问，保留历史状态。","False","False"
"13246","3251","ipx-072","E:\完成\ipx-072.mp4","Preview","7311","Z:\bcbcbcbc\ca-ES\LocalMediaManager\Previews\ipx-072\ipx-072_011.jpg","","数据库记录指向的实体文件不存在","0","MarkMissing","Skipped","磁盘或 NAS 当前不可访问，保留历史状态。","False","False"
"13246","3251","ipx-072","E:\完成\ipx-072.mp4","Preview","7312","Z:\bcbcbcbc\ca-ES\LocalMediaManager\Previews\ipx-072\ipx-072_012.jpg","","数据库记录指向的实体文件不存在","0","MarkMissing","Skipped","磁盘或 NAS 当前不可访问，保留历史状态。","False","False"
"13246","3253","ipzz-421","E:\完成\ipzz-421.mp4","Preview","7288","Z:\bcbcbcbc\ca-ES\LocalMediaManager\Previews\ipzz-421\ipzz-421_001.jpg","","数据库记录指向的实体文件不存在","0","MarkMissing","Skipped","磁盘或 NAS 当前不可访问，保留历史状态。","False","False"
"13246","3253","ipzz-421","E:\完成\ipzz-421.mp4","Preview","7289","Z:\bcbcbcbc\ca-ES\LocalMediaManager\Previews\ipzz-421\ipzz-421_002.jpg","","数据库记录指向的实体文件不存在","0","MarkMissing","Skipped","磁盘或 NAS 当前不可访问，保留历史状态。","False","False"
"13246","3253","ipzz-421","E:\完成\ipzz-421.mp4","Preview","7290","Z:\bcbcbcbc\ca-ES\LocalMediaManager\Previews\ipzz-421\ipzz-421_003.jpg","","数据库记录指向的实体文件不存在","0","MarkMissing","Skipped","磁盘或 NAS 当前不可访问，保留历史状态。","False","False"
"13246","3253","ipzz-421","E:\完成\ipzz-421.mp4","Preview","7291","Z:\bcbcbcbc\ca-ES\LocalMediaManager\Previews\ipzz-421\ipzz-421_004.jpg","","数据库记录指向的实体文件不存在","0","MarkMissing","Skipped","磁盘或 NAS 当前不可访问，保留历史状态。","False","False"
"13246","3253","ipzz-421","E:\完成\ipzz-421.mp4","Preview","7292","Z:\bcbcbcbc\ca-ES\LocalMediaManager\Previews\ipzz-421\ipzz-421_005.jpg","","数据库记录指向的实体文件不存在","0","MarkMissing","Skipped","磁盘或 NAS 当前不可访问，保留历史状态。","False","False"
"13246","3253","ipzz-421","E:\完成\ipzz-421.mp4","Preview","7293","Z:\bcbcbcbc\ca-ES\LocalMediaManager\Previews\ipzz-421\ipzz-421_006.jpg","","数据库记录指向的实体文件不存在","0","MarkMissing","Skipped","磁盘或 NAS 当前不可访问，保留历史状态。","False","False"
"13246","3253","ipzz-421","E:\完成\ipzz-421.mp4","Preview","7294","Z:\bcbcbcbc\ca-ES\LocalMediaManager\Previews\ipzz-421\ipzz-421_007.jpg","","数据库记录指向的实体文件不存在","0","MarkMissing","Skipped","磁盘或 NAS 当前不可访问，保留历史状态。","False","False"
"13246","3253","ipzz-421","E:\完成\ipzz-421.mp4","Preview","7295","Z:\bcbcbcbc\ca-ES\LocalMediaManager\Previews\ipzz-421\ipzz-421_008.jpg","","数据库记录指向的实体文件不存在","0","MarkMissing","Skipped","磁盘或 NAS 当前不可访问，保留历史状态。","False","False"
"13246","3253","ipzz-421","E:\完成\ipzz-421.mp4","Preview","7296","Z:\bcbcbcbc\ca-ES\LocalMediaManager\Previews\ipzz-421\ipzz-421_009.jpg","","数据库记录指向的实体文件不存在","0","MarkMissing","Skipped","磁盘或 NAS 当前不可访问，保留历史状态。","False","False"
"13246","3253","ipzz-421","E:\完成\ipzz-421.mp4","Preview","7297","Z:\bcbcbcbc\ca-ES\LocalMediaManager\Previews\ipzz-421\ipzz-421_010.jpg","","数据库记录指向的实体文件不存在","0","MarkMissing","Skipped","磁盘或 NAS 当前不可访问，保留历史状态。","False","False"
"13246","3253","ipzz-421","E:\完成\ipzz-421.mp4","Preview","7298","Z:\bcbcbcbc\ca-ES\LocalMediaManager\Previews\ipzz-421\ipzz-421_011.jpg","","数据库记录指向的实体文件不存在","0","MarkMissing","Skipped","磁盘或 NAS 当前不可访问，保留历史状态。","False","False"
"13246","3253","ipzz-421","E:\完成\ipzz-421.mp4","Preview","7299","Z:\bcbcbcbc\ca-ES\LocalMediaManager\Previews\ipzz-421\ipzz-421_012.jpg","","数据库记录指向的实体文件不存在","0","MarkMissing","Skipped","磁盘或 NAS 当前不可访问，保留历史状态。","False","False"
"13246","3258","mida-079","E:\完成\mida-079.mp4","Preview","7480","Z:\bcbcbcbc\ca-ES\LocalMediaManager\Previews\mida-079\mida-079_001.jpg","","数据库记录指向的实体文件不存在","0","MarkMissing","Skipped","磁盘或 NAS 当前不可访问，保留历史状态。","False","False"
"13246","3258","mida-079","E:\完成\mida-079.mp4","Preview","7481","Z:\bcbcbcbc\ca-ES\LocalMediaManager\Previews\mida-079\mida-079_002.jpg","","数据库记录指向的实体文件不存在","0","MarkMissing","Skipped","磁盘或 NAS 当前不可访问，保留历史状态。","False","False"
"13246","3258","mida-079","E:\完成\mida-079.mp4","Preview","7482","Z:\bcbcbcbc\ca-ES\LocalMediaManager\Previews\mida-079\mida-079_003.jpg","","数据库记录指向的实体文件不存在","0","MarkMissing","Skipped","磁盘或 NAS 当前不可访问，保留历史状态。","False","False"
"13246","3258","mida-079","E:\完成\mida-079.mp4","Preview","7483","Z:\bcbcbcbc\ca-ES\LocalMediaManager\Previews\mida-079\mida-079_004.jpg","","数据库记录指向的实体文件不存在","0","MarkMissing","Skipped","磁盘或 NAS 当前不可访问，保留历史状态。","False","False"
"13246","3258","mida-079","E:\完成\mida-079.mp4","Preview","7484","Z:\bcbcbcbc\ca-ES\LocalMediaManager\Previews\mida-079\mida-079_005.jpg","","数据库记录指向的实体文件不存在","0","MarkMissing","Skipped","磁盘或 NAS 当前不可访问，保留历史状态。","False","False"
"13246","3258","mida-079","E:\完成\mida-079.mp4","Preview","7485","Z:\bcbcbcbc\ca-ES\LocalMediaManager\Previews\mida-079\mida-079_006.jpg","","数据库记录指向的实体文件不存在","0","MarkMissing","Skipped","磁盘或 NAS 当前不可访问，保留历史状态。","False","False"
"13246","3258","mida-079","E:\完成\mida-079.mp4","Preview","7486","Z:\bcbcbcbc\ca-ES\LocalMediaManager\Previews\mida-079\mida-079_007.jpg","","数据库记录指向的实体文件不存在","0","MarkMissing","Skipped","磁盘或 NAS 当前不可访问，保留历史状态。","False","False"
"13246","3258","mida-079","E:\完成\mida-079.mp4","Preview","7487","Z:\bcbcbcbc\ca-ES\LocalMediaManager\Previews\mida-079\mida-079_008.jpg","","数据库记录指向的实体文件不存在","0","MarkMissing","Skipped","磁盘或 NAS 当前不可访问，保留历史状态。","False","False"
"13246","3258","mida-079","E:\完成\mida-079.mp4","Preview","7488","Z:\bcbcbcbc\ca-ES\LocalMediaManager\Previews\mida-079\mida-079_009.jpg","","数据库记录指向的实体文件不存在","0","MarkMissing","Skipped","磁盘或 NAS 当前不可访问，保留历史状态。","False","False"
"13246","3258","mida-079","E:\完成\mida-079.mp4","Preview","7489","Z:\bcbcbcbc\ca-ES\LocalMediaManager\Previews\mida-079\mida-079_010.jpg","","数据库记录指向的实体文件不存在","0","MarkMissing","Skipped","磁盘或 NAS 当前不可访问，保留历史状态。","False","False"
"13246","3287","sone-454","E:\完成\sone-454.mp4","Preview","6969","Z:\bcbcbcbc\ca-ES\LocalMediaManager\Previews\sone-454\sone-454_001.jpg","","数据库记录指向的实体文件不存在","0","MarkMissing","Skipped","磁盘或 NAS 当前不可访问，保留历史状态。","False","False"
"13246","3287","sone-454","E:\完成\sone-454.mp4","Preview","6970","Z:\bcbcbcbc\ca-ES\LocalMediaManager\Previews\sone-454\sone-454_002.jpg","","数据库记录指向的实体文件不存在","0","MarkMissing","Skipped","磁盘或 NAS 当前不可访问，保留历史状态。","False","False"
"13246","3287","sone-454","E:\完成\sone-454.mp4","Preview","6971","Z:\bcbcbcbc\ca-ES\LocalMediaManager\Previews\sone-454\sone-454_003.jpg","","数据库记录指向的实体文件不存在","0","MarkMissing","Skipped","磁盘或 NAS 当前不可访问，保留历史状态。","False","False"
"13246","3287","sone-454","E:\完成\sone-454.mp4","Preview","6972","Z:\bcbcbcbc\ca-ES\LocalMediaManager\Previews\sone-454\sone-454_004.jpg","","数据库记录指向的实体文件不存在","0","MarkMissing","Skipped","磁盘或 NAS 当前不可访问，保留历史状态。","False","False"
"13246","3287","sone-454","E:\完成\sone-454.mp4","Preview","6973","Z:\bcbcbcbc\ca-ES\LocalMediaManager\Previews\sone-454\sone-454_005.jpg","","数据库记录指向的实体文件不存在","0","MarkMissing","Skipped","磁盘或 NAS 当前不可访问，保留历史状态。","False","False"
"13246","3287","sone-454","E:\完成\sone-454.mp4","Preview","6974","Z:\bcbcbcbc\ca-ES\LocalMediaManager\Previews\sone-454\sone-454_006.jpg","","数据库记录指向的实体文件不存在","0","MarkMissing","Skipped","磁盘或 NAS 当前不可访问，保留历史状态。","False","False"
"13246","3287","sone-454","E:\完成\sone-454.mp4","Preview","6975","Z:\bcbcbcbc\ca-ES\LocalMediaManager\Previews\sone-454\sone-454_007.jpg","","数据库记录指向的实体文件不存在","0","MarkMissing","Skipped","磁盘或 NAS 当前不可访问，保留历史状态。","False","False"
"13246","3287","sone-454","E:\完成\sone-454.mp4","Preview","6976","Z:\bcbcbcbc\ca-ES\LocalMediaManager\Previews\sone-454\sone-454_008.jpg","","数据库记录指向的实体文件不存在","0","MarkMissing","Skipped","磁盘或 NAS 当前不可访问，保留历史状态。","False","False"
"13246","3287","sone-454","E:\完成\sone-454.mp4","Preview","6977","Z:\bcbcbcbc\ca-ES\LocalMediaManager\Previews\sone-454\sone-454_009.jpg","","数据库记录指向的实体文件不存在","0","MarkMissing","Skipped","磁盘或 NAS 当前不可访问，保留历史状态。","False","False"
"13246","3287","sone-454","E:\完成\sone-454.mp4","Preview","6978","Z:\bcbcbcbc\ca-ES\LocalMediaManager\Previews\sone-454\sone-454_010.jpg","","数据库记录指向的实体文件不存在","0","MarkMissing","Skipped","磁盘或 NAS 当前不可访问，保留历史状态。","False","False"
"13246","3287","sone-454","E:\完成\sone-454.mp4","Preview","15949","Z:\bcbcbcbc\ca-ES\LocalMediaManager\Previews\sone-454\SONE-454_011.jpg","","数据库记录指向的实体文件不存在","0","MarkMissing","Skipped","磁盘或 NAS 当前不可访问，保留历史状态。","False","False"
"13246","3287","sone-454","E:\完成\sone-454.mp4","Preview","15950","Z:\bcbcbcbc\ca-ES\LocalMediaManager\Previews\sone-454\SONE-454_012.jpg","","数据库记录指向的实体文件不存在","0","MarkMissing","Skipped","磁盘或 NAS 当前不可访问，保留历史状态。","False","False"
"13246","3287","sone-454","E:\完成\sone-454.mp4","Preview","15951","Z:\bcbcbcbc\ca-ES\LocalMediaManager\Previews\sone-454\SONE-454_013.jpg","","数据库记录指向的实体文件不存在","0","MarkMissing","Skipped","磁盘或 NAS 当前不可访问，保留历史状态。","False","False"
"13246","3287","sone-454","E:\完成\sone-454.mp4","Preview","15952","Z:\bcbcbcbc\ca-ES\LocalMediaManager\Previews\sone-454\SONE-454_014.jpg","","数据库记录指向的实体文件不存在","0","MarkMissing","Skipped","磁盘或 NAS 当前不可访问，保留历史状态。","False","False"
"13246","3287","sone-454","E:\完成\sone-454.mp4","Preview","15953","Z:\bcbcbcbc\ca-ES\LocalMediaManager\Previews\sone-454\SONE-454_015.jpg","","数据库记录指向的实体文件不存在","0","MarkMissing","Skipped","磁盘或 NAS 当前不可访问，保留历史状态。","False","False"
"13246","3287","sone-454","E:\完成\sone-454.mp4","Preview","15954","Z:\bcbcbcbc\ca-ES\LocalMediaManager\Previews\sone-454\SONE-454_016.jpg","","数据库记录指向的实体文件不存在","0","MarkMissing","Skipped","磁盘或 NAS 当前不可访问，保留历史状态。","False","False"
"13246","3287","sone-454","E:\完成\sone-454.mp4","Preview","15955","Z:\bcbcbcbc\ca-ES\LocalMediaManager\Previews\sone-454\SONE-454_017.jpg","","数据库记录指向的实体文件不存在","0","MarkMissing","Skipped","磁盘或 NAS 当前不可访问，保留历史状态。","False","False"
"13246","3287","sone-454","E:\完成\sone-454.mp4","Preview","15956","Z:\bcbcbcbc\ca-ES\LocalMediaManager\Previews\sone-454\SONE-454_018.jpg","","数据库记录指向的实体文件不存在","0","MarkMissing","Skipped","磁盘或 NAS 当前不可访问，保留历史状态。","False","False"
"13246","3287","sone-454","E:\完成\sone-454.mp4","Preview","15957","Z:\bcbcbcbc\ca-ES\LocalMediaManager\Previews\sone-454\SONE-454_019.jpg","","数据库记录指向的实体文件不存在","0","MarkMissing","Skipped","磁盘或 NAS 当前不可访问，保留历史状态。","False","False"
"13246","3287","sone-454","E:\完成\sone-454.mp4","Preview","15958","Z:\bcbcbcbc\ca-ES\LocalMediaManager\Previews\sone-454\SONE-454_020.jpg","","数据库记录指向的实体文件不存在","0","MarkMissing","Skipped","磁盘或 NAS 当前不可访问，保留历史状态。","False","False"
"13246","4240","ABF-082","E:\完成\ABF-082.mp4","Preview","","","Z:\bcbcbcbc\ca-ES\LocalMediaManager\Previews\ABF-082\ABF-082_001.jpg","实体已登记到 MovieId 1762，禁止自动复用","70","ManualReview","LowConfidence","置信度低于 80，仅供人工核对。","False","False"
"13246","4240","ABF-082","E:\完成\ABF-082.mp4","Preview","","","Z:\bcbcbcbc\ca-ES\LocalMediaManager\Previews\ABF-082\ABF-082_002.jpg","实体已登记到 MovieId 1762，禁止自动复用","70","ManualReview","LowConfidence","置信度低于 80，仅供人工核对。","False","False"
"13246","4240","ABF-082","E:\完成\ABF-082.mp4","Preview","","","Z:\bcbcbcbc\ca-ES\LocalMediaManager\Previews\ABF-082\ABF-082_003.jpg","实体已登记到 MovieId 1762，禁止自动复用","70","ManualReview","LowConfidence","置信度低于 80，仅供人工核对。","False","False"
"13246","4240","ABF-082","E:\完成\ABF-082.mp4","Preview","","","Z:\bcbcbcbc\ca-ES\LocalMediaManager\Previews\ABF-082\ABF-082_004.jpg","实体已登记到 MovieId 1762，禁止自动复用","70","ManualReview","LowConfidence","置信度低于 80，仅供人工核对。","False","False"
"13246","4240","ABF-082","E:\完成\ABF-082.mp4","Preview","","","Z:\bcbcbcbc\ca-ES\LocalMediaManager\Previews\ABF-082\ABF-082_005.jpg","实体已登记到 MovieId 1762，禁止自动复用","70","ManualReview","LowConfidence","置信度低于 80，仅供人工核对。","False","False"
"13246","4240","ABF-082","E:\完成\ABF-082.mp4","Preview","","","Z:\bcbcbcbc\ca-ES\LocalMediaManager\Previews\ABF-082\ABF-082_006.jpg","实体已登记到 MovieId 1762，禁止自动复用","70","ManualReview","LowConfidence","置信度低于 80，仅供人工核对。","False","False"
"13246","4240","ABF-082","E:\完成\ABF-082.mp4","Preview","","","Z:\bcbcbcbc\ca-ES\LocalMediaManager\Previews\ABF-082\ABF-082_007.jpg","实体已登记到 MovieId 1762，禁止自动复用","70","ManualReview","LowConfidence","置信度低于 80，仅供人工核对。","False","False"
"13246","4240","ABF-082","E:\完成\ABF-082.mp4","Preview","","","Z:\bcbcbcbc\ca-ES\LocalMediaManager\Previews\ABF-082\ABF-082_008.jpg","实体已登记到 MovieId 1762，禁止自动复用","70","ManualReview","LowConfidence","置信度低于 80，仅供人工核对。","False","False"
"13246","4240","ABF-082","E:\完成\ABF-082.mp4","Preview","","","Z:\bcbcbcbc\ca-ES\LocalMediaManager\Previews\ABF-082\ABF-082_009.jpg","实体已登记到 MovieId 1762，禁止自动复用","70","ManualReview","LowConfidence","置信度低于 80，仅供人工核对。","False","False"
"13246","4240","ABF-082","E:\完成\ABF-082.mp4","Preview","","","Z:\bcbcbcbc\ca-ES\LocalMediaManager\Previews\ABF-082\ABF-082_010.jpg","实体已登记到 MovieId 1762，禁止自动复用","70","ManualReview","LowConfidence","置信度低于 80，仅供人工核对。","False","False"
"13246","4241","ABF-293","E:\完成\ABF-293.mp4","Preview","","","Z:\bcbcbcbc\ca-ES\LocalMediaManager\Previews\ABF-293\ABF-293_001.jpg","实体已登记到 MovieId 1935，禁止自动复用","70","ManualReview","LowConfidence","置信度低于 80，仅供人工核对。","False","False"
"13246","4241","ABF-293","E:\完成\ABF-293.mp4","Preview","","","Z:\bcbcbcbc\ca-ES\LocalMediaManager\Previews\ABF-293\ABF-293_002.jpg","实体已登记到 MovieId 1935，禁止自动复用","70","ManualReview","LowConfidence","置信度低于 80，仅供人工核对。","False","False"
"13246","4241","ABF-293","E:\完成\ABF-293.mp4","Preview","","","Z:\bcbcbcbc\ca-ES\LocalMediaManager\Previews\ABF-293\ABF-293_003.jpg","实体已登记到 MovieId 1935，禁止自动复用","70","ManualReview","LowConfidence","置信度低于 80，仅供人工核对。","False","False"
"13246","4241","ABF-293","E:\完成\ABF-293.mp4","Preview","","","Z:\bcbcbcbc\ca-ES\LocalMediaManager\Previews\ABF-293\ABF-293_004.jpg","实体已登记到 MovieId 1935，禁止自动复用","70","ManualReview","LowConfidence","置信度低于 80，仅供人工核对。","False","False"
"13246","4241","ABF-293","E:\完成\ABF-293.mp4","Preview","","","Z:\bcbcbcbc\ca-ES\LocalMediaManager\Previews\ABF-293\ABF-293_005.jpg","实体已登记到 MovieId 1935，禁止自动复用","70","ManualReview","LowConfidence","置信度低于 80，仅供人工核对。","False","False"
"13246","4241","ABF-293","E:\完成\ABF-293.mp4","Preview","","","Z:\bcbcbcbc\ca-ES\LocalMediaManager\Previews\ABF-293\ABF-293_006.jpg","实体已登记到 MovieId 1935，禁止自动复用","70","ManualReview","LowConfidence","置信度低于 80，仅供人工核对。","False","False"
"13246","4241","ABF-293","E:\完成\ABF-293.mp4","Preview","","","Z:\bcbcbcbc\ca-ES\LocalMediaManager\Previews\ABF-293\ABF-293_007.jpg","实体已登记到 MovieId 1935，禁止自动复用","70","ManualReview","LowConfidence","置信度低于 80，仅供人工核对。","False","False"
"13246","4241","ABF-293","E:\完成\ABF-293.mp4","Preview","","","Z:\bcbcbcbc\ca-ES\LocalMediaManager\Previews\ABF-293\ABF-293_008.jpg","实体已登记到 MovieId 1935，禁止自动复用","70","ManualReview","LowConfidence","置信度低于 80，仅供人工核对。","False","False"
"13246","4241","ABF-293","E:\完成\ABF-293.mp4","Preview","","","Z:\bcbcbcbc\ca-ES\LocalMediaManager\Previews\ABF-293\ABF-293_009.jpg","实体已登记到 MovieId 1935，禁止自动复用","70","ManualReview","LowConfidence","置信度低于 80，仅供人工核对。","False","False"
"13246","4241","ABF-293","E:\完成\ABF-293.mp4","Preview","","","Z:\bcbcbcbc\ca-ES\LocalMediaManager\Previews\ABF-293\ABF-293_010.jpg","实体已登记到 MovieId 1935，禁止自动复用","70","ManualReview","LowConfidence","置信度低于 80，仅供人工核对。","False","False"
"13246","4241","ABF-293","E:\完成\ABF-293.mp4","Preview","","","Z:\bcbcbcbc\ca-ES\LocalMediaManager\Previews\ABF-293\ABF-293_011.jpg","实体已登记到 MovieId 1935，禁止自动复用","70","ManualReview","LowConfidence","置信度低于 80，仅供人工核对。","False","False"
"13246","4241","ABF-293","E:\完成\ABF-293.mp4","Preview","","","Z:\bcbcbcbc\ca-ES\LocalMediaManager\Previews\ABF-293\ABF-293_012.jpg","实体已登记到 MovieId 1935，禁止自动复用","70","ManualReview","LowConfidence","置信度低于 80，仅供人工核对。","False","False"
"13246","4242","ABW-360","E:\完成\ABW-360.mp4","Preview","","","Z:\bcbcbcbc\ca-ES\LocalMediaManager\Previews\ABW-360\ABW-360_001.jpg","实体已登记到 MovieId 497，禁止自动复用","70","ManualReview","LowConfidence","置信度低于 80，仅供人工核对。","False","False"
"13246","4242","ABW-360","E:\完成\ABW-360.mp4","Preview","","","Z:\bcbcbcbc\ca-ES\LocalMediaManager\Previews\ABW-360\ABW-360_002.jpg","实体已登记到 MovieId 497，禁止自动复用","70","ManualReview","LowConfidence","置信度低于 80，仅供人工核对。","False","False"
"13246","4242","ABW-360","E:\完成\ABW-360.mp4","Preview","","","Z:\bcbcbcbc\ca-ES\LocalMediaManager\Previews\ABW-360\ABW-360_003.jpg","实体已登记到 MovieId 497，禁止自动复用","70","ManualReview","LowConfidence","置信度低于 80，仅供人工核对。","False","False"
"13246","4242","ABW-360","E:\完成\ABW-360.mp4","Preview","","","Z:\bcbcbcbc\ca-ES\LocalMediaManager\Previews\ABW-360\ABW-360_004.jpg","实体已登记到 MovieId 497，禁止自动复用","70","ManualReview","LowConfidence","置信度低于 80，仅供人工核对。","False","False"
"13246","4242","ABW-360","E:\完成\ABW-360.mp4","Preview","","","Z:\bcbcbcbc\ca-ES\LocalMediaManager\Previews\ABW-360\ABW-360_005.jpg","实体已登记到 MovieId 497，禁止自动复用","70","ManualReview","LowConfidence","置信度低于 80，仅供人工核对。","False","False"
"13246","4242","ABW-360","E:\完成\ABW-360.mp4","Preview","","","Z:\bcbcbcbc\ca-ES\LocalMediaManager\Previews\ABW-360\ABW-360_006.jpg","实体已登记到 MovieId 497，禁止自动复用","70","ManualReview","LowConfidence","置信度低于 80，仅供人工核对。","False","False"
"13246","4242","ABW-360","E:\完成\ABW-360.mp4","Preview","","","Z:\bcbcbcbc\ca-ES\LocalMediaManager\Previews\ABW-360\ABW-360_007.jpg","实体已登记到 MovieId 497，禁止自动复用","70","ManualReview","LowConfidence","置信度低于 80，仅供人工核对。","False","False"
"13246","4242","ABW-360","E:\完成\ABW-360.mp4","Preview","","","Z:\bcbcbcbc\ca-ES\LocalMediaManager\Previews\ABW-360\ABW-360_008.jpg","实体已登记到 MovieId 497，禁止自动复用","70","ManualReview","LowConfidence","置信度低于 80，仅供人工核对。","False","False"
"13246","4242","ABW-360","E:\完成\ABW-360.mp4","Preview","","","Z:\bcbcbcbc\ca-ES\LocalMediaManager\Previews\ABW-360\ABW-360_009.jpg","实体已登记到 MovieId 497，禁止自动复用","70","ManualReview","LowConfidence","置信度低于 80，仅供人工核对。","False","False"
"13246","4242","ABW-360","E:\完成\ABW-360.mp4","Preview","","","Z:\bcbcbcbc\ca-ES\LocalMediaManager\Previews\ABW-360\ABW-360_010.jpg","实体已登记到 MovieId 497，禁止自动复用","70","ManualReview","LowConfidence","置信度低于 80，仅供人工核对。","False","False"
"13246","4243","SVDVD-549","E:\完成\SVDVD-549.avi","Preview","","","Z:\bcbcbcbc\ca-ES\LocalMediaManager\Previews\SVDVD-549\SVDVD-549_001.jpg","实体已登记到 MovieId 1963，禁止自动复用","70","ManualReview","LowConfidence","置信度低于 80，仅供人工核对。","False","False"
"13246","4243","SVDVD-549","E:\完成\SVDVD-549.avi","Preview","","","Z:\bcbcbcbc\ca-ES\LocalMediaManager\Previews\SVDVD-549\SVDVD-549_002.jpg","实体已登记到 MovieId 1963，禁止自动复用","70","ManualReview","LowConfidence","置信度低于 80，仅供人工核对。","False","False"
"13246","4243","SVDVD-549","E:\完成\SVDVD-549.avi","Preview","","","Z:\bcbcbcbc\ca-ES\LocalMediaManager\Previews\SVDVD-549\SVDVD-549_003.jpg","实体已登记到 MovieId 1963，禁止自动复用","70","ManualReview","LowConfidence","置信度低于 80，仅供人工核对。","False","False"
"13246","4243","SVDVD-549","E:\完成\SVDVD-549.avi","Preview","","","Z:\bcbcbcbc\ca-ES\LocalMediaManager\Previews\SVDVD-549\SVDVD-549_004.jpg","实体已登记到 MovieId 1963，禁止自动复用","70","ManualReview","LowConfidence","置信度低于 80，仅供人工核对。","False","False"
"13246","4243","SVDVD-549","E:\完成\SVDVD-549.avi","Preview","","","Z:\bcbcbcbc\ca-ES\LocalMediaManager\Previews\SVDVD-549\SVDVD-549_005.jpg","实体已登记到 MovieId 1963，禁止自动复用","70","ManualReview","LowConfidence","置信度低于 80，仅供人工核对。","False","False"
"13246","4243","SVDVD-549","E:\完成\SVDVD-549.avi","Preview","","","Z:\bcbcbcbc\ca-ES\LocalMediaManager\Previews\SVDVD-549\SVDVD-549_006.jpg","实体已登记到 MovieId 1963，禁止自动复用","70","ManualReview","LowConfidence","置信度低于 80，仅供人工核对。","False","False"
"13246","4243","SVDVD-549","E:\完成\SVDVD-549.avi","Preview","","","Z:\bcbcbcbc\ca-ES\LocalMediaManager\Previews\SVDVD-549\SVDVD-549_007.jpg","实体已登记到 MovieId 1963，禁止自动复用","70","ManualReview","LowConfidence","置信度低于 80，仅供人工核对。","False","False"
"13246","4243","SVDVD-549","E:\完成\SVDVD-549.avi","Preview","","","Z:\bcbcbcbc\ca-ES\LocalMediaManager\Previews\SVDVD-549\SVDVD-549_008.jpg","实体已登记到 MovieId 1963，禁止自动复用","70","ManualReview","LowConfidence","置信度低于 80，仅供人工核对。","False","False"
"13246","4243","SVDVD-549","E:\完成\SVDVD-549.avi","Preview","","","Z:\bcbcbcbc\ca-ES\LocalMediaManager\Previews\SVDVD-549\SVDVD-549_009.jpg","实体已登记到 MovieId 1963，禁止自动复用","70","ManualReview","LowConfidence","置信度低于 80，仅供人工核对。","False","False"
"13246","4243","SVDVD-549","E:\完成\SVDVD-549.avi","Preview","","","Z:\bcbcbcbc\ca-ES\LocalMediaManager\Previews\SVDVD-549\SVDVD-549_010.jpg","实体已登记到 MovieId 1963，禁止自动复用","70","ManualReview","LowConfidence","置信度低于 80，仅供人工核对。","False","False"
"13246","4243","SVDVD-549","E:\完成\SVDVD-549.avi","Preview","","","Z:\bcbcbcbc\ca-ES\LocalMediaManager\Previews\SVDVD-549\SVDVD-549_011.jpg","实体已登记到 MovieId 1963，禁止自动复用","70","ManualReview","LowConfidence","置信度低于 80，仅供人工核对。","False","False"
"13246","4243","SVDVD-549","E:\完成\SVDVD-549.avi","Preview","","","Z:\bcbcbcbc\ca-ES\LocalMediaManager\Previews\SVDVD-549\SVDVD-549_012.jpg","实体已登记到 MovieId 1963，禁止自动复用","70","ManualReview","LowConfidence","置信度低于 80，仅供人工核对。","False","False"
"13246","4243","SVDVD-549","E:\完成\SVDVD-549.avi","Preview","","","Z:\bcbcbcbc\ca-ES\LocalMediaManager\Previews\SVDVD-549\SVDVD-549_013.jpg","实体已登记到 MovieId 1963，禁止自动复用","70","ManualReview","LowConfidence","置信度低于 80，仅供人工核对。","False","False"
"13246","4243","SVDVD-549","E:\完成\SVDVD-549.avi","Preview","","","Z:\bcbcbcbc\ca-ES\LocalMediaManager\Previews\SVDVD-549\SVDVD-549_014.jpg","实体已登记到 MovieId 1963，禁止自动复用","70","ManualReview","LowConfidence","置信度低于 80，仅供人工核对。","False","False"
"13246","4243","SVDVD-549","E:\完成\SVDVD-549.avi","Preview","","","Z:\bcbcbcbc\ca-ES\LocalMediaManager\Previews\SVDVD-549\SVDVD-549_015.jpg","实体已登记到 MovieId 1963，禁止自动复用","70","ManualReview","LowConfidence","置信度低于 80，仅供人工核对。","False","False"
"13246","4243","SVDVD-549","E:\完成\SVDVD-549.avi","Preview","","","Z:\bcbcbcbc\ca-ES\LocalMediaManager\Previews\SVDVD-549\SVDVD-549_016.jpg","实体已登记到 MovieId 1963，禁止自动复用","70","ManualReview","LowConfidence","置信度低于 80，仅供人工核对。","False","False"
"13246","4243","SVDVD-549","E:\完成\SVDVD-549.avi","Preview","","","Z:\bcbcbcbc\ca-ES\LocalMediaManager\Previews\SVDVD-549\SVDVD-549_017.jpg","实体已登记到 MovieId 1963，禁止自动复用","70","ManualReview","LowConfidence","置信度低于 80，仅供人工核对。","False","False"
"13246","4243","SVDVD-549","E:\完成\SVDVD-549.avi","Preview","","","Z:\bcbcbcbc\ca-ES\LocalMediaManager\Previews\SVDVD-549\SVDVD-549_018.jpg","实体已登记到 MovieId 1963，禁止自动复用","70","ManualReview","LowConfidence","置信度低于 80，仅供人工核对。","False","False"
"13246","4243","SVDVD-549","E:\完成\SVDVD-549.avi","Preview","","","Z:\bcbcbcbc\ca-ES\LocalMediaManager\Previews\SVDVD-549\SVDVD-549_019.jpg","实体已登记到 MovieId 1963，禁止自动复用","70","ManualReview","LowConfidence","置信度低于 80，仅供人工核对。","False","False"
"13246","4243","SVDVD-549","E:\完成\SVDVD-549.avi","Preview","","","Z:\bcbcbcbc\ca-ES\LocalMediaManager\Previews\SVDVD-549\SVDVD-549_020.jpg","实体已登记到 MovieId 1963，禁止自动复用","70","ManualReview","LowConfidence","置信度低于 80，仅供人工核对。","False","False"
"13246","4250","892OERO-008","F:\完成2\892OERO-008.mp4","Screenshot","22783","Z:\bcbcbcbc\ca-ES\LocalMediaManager\Screenshots\892OERO-008\05.jpg","","数据库记录指向的实体文件不存在","100","MarkMissing","Safe","将 ValidationStatus 标记为 Missing，不删除记录。","True","False"
"13246","4250","892OERO-008","F:\完成2\892OERO-008.mp4","Screenshot","22789","Z:\bcbcbcbc\ca-ES\LocalMediaManager\Screenshots\892OERO-008\09.jpg","","数据库记录指向的实体文件不存在","100","MarkMissing","Safe","将 ValidationStatus 标记为 Missing，不删除记录。","True","False"
"13246","4265","ABF-365","Z:\bcbcbcbc\ca-ES\data\未分类2\ABF-365.mp4","Preview","","","Z:\bcbcbcbc\ca-ES\LocalMediaManager\Previews\ABF-365\ABF-365_001.jpg","实体已登记到 MovieId 2854，禁止自动复用","70","ManualReview","LowConfidence","置信度低于 80，仅供人工核对。","False","False"
"13246","4265","ABF-365","Z:\bcbcbcbc\ca-ES\data\未分类2\ABF-365.mp4","Preview","","","Z:\bcbcbcbc\ca-ES\LocalMediaManager\Previews\ABF-365\ABF-365_002.jpg","实体已登记到 MovieId 2854，禁止自动复用","70","ManualReview","LowConfidence","置信度低于 80，仅供人工核对。","False","False"
"13246","4265","ABF-365","Z:\bcbcbcbc\ca-ES\data\未分类2\ABF-365.mp4","Preview","","","Z:\bcbcbcbc\ca-ES\LocalMediaManager\Previews\ABF-365\ABF-365_003.jpg","实体已登记到 MovieId 2854，禁止自动复用","70","ManualReview","LowConfidence","置信度低于 80，仅供人工核对。","False","False"
"13246","4265","ABF-365","Z:\bcbcbcbc\ca-ES\data\未分类2\ABF-365.mp4","Preview","","","Z:\bcbcbcbc\ca-ES\LocalMediaManager\Previews\ABF-365\ABF-365_004.jpg","实体已登记到 MovieId 2854，禁止自动复用","70","ManualReview","LowConfidence","置信度低于 80，仅供人工核对。","False","False"
"13246","4265","ABF-365","Z:\bcbcbcbc\ca-ES\data\未分类2\ABF-365.mp4","Preview","","","Z:\bcbcbcbc\ca-ES\LocalMediaManager\Previews\ABF-365\ABF-365_005.jpg","实体已登记到 MovieId 2854，禁止自动复用","70","ManualReview","LowConfidence","置信度低于 80，仅供人工核对。","False","False"
"13246","4265","ABF-365","Z:\bcbcbcbc\ca-ES\data\未分类2\ABF-365.mp4","Preview","","","Z:\bcbcbcbc\ca-ES\LocalMediaManager\Previews\ABF-365\ABF-365_006.jpg","实体已登记到 MovieId 2854，禁止自动复用","70","ManualReview","LowConfidence","置信度低于 80，仅供人工核对。","False","False"
"13246","4265","ABF-365","Z:\bcbcbcbc\ca-ES\data\未分类2\ABF-365.mp4","Preview","","","Z:\bcbcbcbc\ca-ES\LocalMediaManager\Previews\ABF-365\ABF-365_007.jpg","实体已登记到 MovieId 2854，禁止自动复用","70","ManualReview","LowConfidence","置信度低于 80，仅供人工核对。","False","False"
"13246","4265","ABF-365","Z:\bcbcbcbc\ca-ES\data\未分类2\ABF-365.mp4","Preview","","","Z:\bcbcbcbc\ca-ES\LocalMediaManager\Previews\ABF-365\ABF-365_008.jpg","实体已登记到 MovieId 2854，禁止自动复用","70","ManualReview","LowConfidence","置信度低于 80，仅供人工核对。","False","False"
"13246","4265","ABF-365","Z:\bcbcbcbc\ca-ES\data\未分类2\ABF-365.mp4","Preview","","","Z:\bcbcbcbc\ca-ES\LocalMediaManager\Previews\ABF-365\ABF-365_009.jpg","实体已登记到 MovieId 2854，禁止自动复用","70","ManualReview","LowConfidence","置信度低于 80，仅供人工核对。","False","False"
"13246","4265","ABF-365","Z:\bcbcbcbc\ca-ES\data\未分类2\ABF-365.mp4","Preview","","","Z:\bcbcbcbc\ca-ES\LocalMediaManager\Previews\ABF-365\ABF-365_010.jpg","实体已登记到 MovieId 2854，禁止自动复用","70","ManualReview","LowConfidence","置信度低于 80，仅供人工核对。","False","False"
"13246","4267","ABW-232","Z:\bcbcbcbc\ca-ES\data\未分类2\ABW-232.mp4","Fanart","","","Z:\bcbcbcbc\ca-ES\LocalMediaManager\Fanart\ABW-232.jpg","文件名与当前视频文件名完全一致","100","RegisterImage","Safe","唯一高置信度实体，可在确认后建立或修正关联。","True","False"
"13246","4267","ABW-232","Z:\bcbcbcbc\ca-ES\data\未分类2\ABW-232.mp4","Poster","","","Z:\bcbcbcbc\ca-ES\LocalMediaManager\Covers\ABW-232.jpg","文件名与当前视频文件名完全一致","100","RegisterImage","Safe","唯一高置信度实体，可在确认后建立或修正关联。","True","False"
"13246","4267","ABW-232","Z:\bcbcbcbc\ca-ES\data\未分类2\ABW-232.mp4","Preview","","","Z:\bcbcbcbc\ca-ES\LocalMediaManager\Previews\ABW-232\01.jpg","位于标准化番号同名资源目录","90","RegisterImage","Safe","唯一高置信度实体，可在确认后建立或修正关联。","True","False"
"13246","4267","ABW-232","Z:\bcbcbcbc\ca-ES\data\未分类2\ABW-232.mp4","Preview","","","Z:\bcbcbcbc\ca-ES\LocalMediaManager\Previews\ABW-232\02.jpg","位于标准化番号同名资源目录","90","RegisterImage","Safe","唯一高置信度实体，可在确认后建立或修正关联。","True","False"
"13246","4267","ABW-232","Z:\bcbcbcbc\ca-ES\data\未分类2\ABW-232.mp4","Preview","","","Z:\bcbcbcbc\ca-ES\LocalMediaManager\Previews\ABW-232\03.jpg","位于标准化番号同名资源目录","90","RegisterImage","Safe","唯一高置信度实体，可在确认后建立或修正关联。","True","False"
"13246","4267","ABW-232","Z:\bcbcbcbc\ca-ES\data\未分类2\ABW-232.mp4","Preview","","","Z:\bcbcbcbc\ca-ES\LocalMediaManager\Previews\ABW-232\04.jpg","位于标准化番号同名资源目录","90","RegisterImage","Safe","唯一高置信度实体，可在确认后建立或修正关联。","True","False"
"13246","4267","ABW-232","Z:\bcbcbcbc\ca-ES\data\未分类2\ABW-232.mp4","Preview","","","Z:\bcbcbcbc\ca-ES\LocalMediaManager\Previews\ABW-232\05.jpg","位于标准化番号同名资源目录","90","RegisterImage","Safe","唯一高置信度实体，可在确认后建立或修正关联。","True","False"
"13246","4267","ABW-232","Z:\bcbcbcbc\ca-ES\data\未分类2\ABW-232.mp4","Preview","","","Z:\bcbcbcbc\ca-ES\LocalMediaManager\Previews\ABW-232\06.jpg","位于标准化番号同名资源目录","90","RegisterImage","Safe","唯一高置信度实体，可在确认后建立或修正关联。","True","False"
"13246","4267","ABW-232","Z:\bcbcbcbc\ca-ES\data\未分类2\ABW-232.mp4","Preview","","","Z:\bcbcbcbc\ca-ES\LocalMediaManager\Previews\ABW-232\07.jpg","位于标准化番号同名资源目录","90","RegisterImage","Safe","唯一高置信度实体，可在确认后建立或修正关联。","True","False"
"13246","4267","ABW-232","Z:\bcbcbcbc\ca-ES\data\未分类2\ABW-232.mp4","Preview","","","Z:\bcbcbcbc\ca-ES\LocalMediaManager\Previews\ABW-232\08.jpg","位于标准化番号同名资源目录","90","RegisterImage","Safe","唯一高置信度实体，可在确认后建立或修正关联。","True","False"
"13246","4267","ABW-232","Z:\bcbcbcbc\ca-ES\data\未分类2\ABW-232.mp4","Preview","","","Z:\bcbcbcbc\ca-ES\LocalMediaManager\Previews\ABW-232\09.jpg","位于标准化番号同名资源目录","90","RegisterImage","Safe","唯一高置信度实体，可在确认后建立或修正关联。","True","False"
"13246","4267","ABW-232","Z:\bcbcbcbc\ca-ES\data\未分类2\ABW-232.mp4","Preview","","","Z:\bcbcbcbc\ca-ES\LocalMediaManager\Previews\ABW-232\10.jpg","位于标准化番号同名资源目录","90","RegisterImage","Safe","唯一高置信度实体，可在确认后建立或修正关联。","True","False"
"13246","4267","ABW-232","Z:\bcbcbcbc\ca-ES\data\未分类2\ABW-232.mp4","Preview","","","Z:\bcbcbcbc\ca-ES\LocalMediaManager\Previews\ABW-232\ABW-232_001.jpg","实体已登记到 MovieId 2855，禁止自动复用","70","ManualReview","LowConfidence","置信度低于 80，仅供人工核对。","False","False"
"13246","4267","ABW-232","Z:\bcbcbcbc\ca-ES\data\未分类2\ABW-232.mp4","Preview","","","Z:\bcbcbcbc\ca-ES\LocalMediaManager\Previews\ABW-232\ABW-232_002.jpg","实体已登记到 MovieId 2855，禁止自动复用","70","ManualReview","LowConfidence","置信度低于 80，仅供人工核对。","False","False"
"13246","4267","ABW-232","Z:\bcbcbcbc\ca-ES\data\未分类2\ABW-232.mp4","Preview","","","Z:\bcbcbcbc\ca-ES\LocalMediaManager\Previews\ABW-232\ABW-232_003.jpg","实体已登记到 MovieId 2855，禁止自动复用","70","ManualReview","LowConfidence","置信度低于 80，仅供人工核对。","False","False"
"13246","4267","ABW-232","Z:\bcbcbcbc\ca-ES\data\未分类2\ABW-232.mp4","Preview","","","Z:\bcbcbcbc\ca-ES\LocalMediaManager\Previews\ABW-232\ABW-232_004.jpg","实体已登记到 MovieId 2855，禁止自动复用","70","ManualReview","LowConfidence","置信度低于 80，仅供人工核对。","False","False"
"13246","4267","ABW-232","Z:\bcbcbcbc\ca-ES\data\未分类2\ABW-232.mp4","Preview","","","Z:\bcbcbcbc\ca-ES\LocalMediaManager\Previews\ABW-232\ABW-232_005.jpg","实体已登记到 MovieId 2855，禁止自动复用","70","ManualReview","LowConfidence","置信度低于 80，仅供人工核对。","False","False"
"13246","4267","ABW-232","Z:\bcbcbcbc\ca-ES\data\未分类2\ABW-232.mp4","Preview","","","Z:\bcbcbcbc\ca-ES\LocalMediaManager\Previews\ABW-232\ABW-232_006.jpg","实体已登记到 MovieId 2855，禁止自动复用","70","ManualReview","LowConfidence","置信度低于 80，仅供人工核对。","False","False"
"13246","4267","ABW-232","Z:\bcbcbcbc\ca-ES\data\未分类2\ABW-232.mp4","Preview","","","Z:\bcbcbcbc\ca-ES\LocalMediaManager\Previews\ABW-232\ABW-232_007.jpg","实体已登记到 MovieId 2855，禁止自动复用","70","ManualReview","LowConfidence","置信度低于 80，仅供人工核对。","False","False"
"13246","4267","ABW-232","Z:\bcbcbcbc\ca-ES\data\未分类2\ABW-232.mp4","Preview","","","Z:\bcbcbcbc\ca-ES\LocalMediaManager\Previews\ABW-232\ABW-232_008.jpg","实体已登记到 MovieId 2855，禁止自动复用","70","ManualReview","LowConfidence","置信度低于 80，仅供人工核对。","False","False"
"13246","4267","ABW-232","Z:\bcbcbcbc\ca-ES\data\未分类2\ABW-232.mp4","Preview","","","Z:\bcbcbcbc\ca-ES\LocalMediaManager\Previews\ABW-232\ABW-232_009.jpg","实体已登记到 MovieId 2855，禁止自动复用","70","ManualReview","LowConfidence","置信度低于 80，仅供人工核对。","False","False"
"13246","4267","ABW-232","Z:\bcbcbcbc\ca-ES\data\未分类2\ABW-232.mp4","Preview","","","Z:\bcbcbcbc\ca-ES\LocalMediaManager\Previews\ABW-232\ABW-232_010.jpg","实体已登记到 MovieId 2855，禁止自动复用","70","ManualReview","LowConfidence","置信度低于 80，仅供人工核对。","False","False"
"13246","4275","IENF-444","Z:\bcbcbcbc\ca-ES\data\未分类2\IENF-444.mp4","Preview","","","Z:\bcbcbcbc\ca-ES\LocalMediaManager\Previews\IENF-444\IENF-444_001.jpg","实体已登记到 MovieId 2857，禁止自动复用","70","ManualReview","LowConfidence","置信度低于 80，仅供人工核对。","False","False"
"13246","4275","IENF-444","Z:\bcbcbcbc\ca-ES\data\未分类2\IENF-444.mp4","Preview","","","Z:\bcbcbcbc\ca-ES\LocalMediaManager\Previews\IENF-444\IENF-444_002.jpg","实体已登记到 MovieId 2857，禁止自动复用","70","ManualReview","LowConfidence","置信度低于 80，仅供人工核对。","False","False"
"13246","4275","IENF-444","Z:\bcbcbcbc\ca-ES\data\未分类2\IENF-444.mp4","Preview","","","Z:\bcbcbcbc\ca-ES\LocalMediaManager\Previews\IENF-444\IENF-444_003.jpg","实体已登记到 MovieId 2857，禁止自动复用","70","ManualReview","LowConfidence","置信度低于 80，仅供人工核对。","False","False"
"13246","4275","IENF-444","Z:\bcbcbcbc\ca-ES\data\未分类2\IENF-444.mp4","Preview","","","Z:\bcbcbcbc\ca-ES\LocalMediaManager\Previews\IENF-444\IENF-444_004.jpg","实体已登记到 MovieId 2857，禁止自动复用","70","ManualReview","LowConfidence","置信度低于 80，仅供人工核对。","False","False"
"13246","4275","IENF-444","Z:\bcbcbcbc\ca-ES\data\未分类2\IENF-444.mp4","Preview","","","Z:\bcbcbcbc\ca-ES\LocalMediaManager\Previews\IENF-444\IENF-444_005.jpg","实体已登记到 MovieId 2857，禁止自动复用","70","ManualReview","LowConfidence","置信度低于 80，仅供人工核对。","False","False"
"13246","4275","IENF-444","Z:\bcbcbcbc\ca-ES\data\未分类2\IENF-444.mp4","Preview","","","Z:\bcbcbcbc\ca-ES\LocalMediaManager\Previews\IENF-444\IENF-444_006.jpg","实体已登记到 MovieId 2857，禁止自动复用","70","ManualReview","LowConfidence","置信度低于 80，仅供人工核对。","False","False"
"13246","4275","IENF-444","Z:\bcbcbcbc\ca-ES\data\未分类2\IENF-444.mp4","Preview","","","Z:\bcbcbcbc\ca-ES\LocalMediaManager\Previews\IENF-444\IENF-444_007.jpg","实体已登记到 MovieId 2857，禁止自动复用","70","ManualReview","LowConfidence","置信度低于 80，仅供人工核对。","False","False"
"13246","4275","IENF-444","Z:\bcbcbcbc\ca-ES\data\未分类2\IENF-444.mp4","Preview","","","Z:\bcbcbcbc\ca-ES\LocalMediaManager\Previews\IENF-444\IENF-444_008.jpg","实体已登记到 MovieId 2857，禁止自动复用","70","ManualReview","LowConfidence","置信度低于 80，仅供人工核对。","False","False"
"13246","4275","IENF-444","Z:\bcbcbcbc\ca-ES\data\未分类2\IENF-444.mp4","Preview","","","Z:\bcbcbcbc\ca-ES\LocalMediaManager\Previews\IENF-444\IENF-444_009.jpg","实体已登记到 MovieId 2857，禁止自动复用","70","ManualReview","LowConfidence","置信度低于 80，仅供人工核对。","False","False"
"13246","4275","IENF-444","Z:\bcbcbcbc\ca-ES\data\未分类2\IENF-444.mp4","Preview","","","Z:\bcbcbcbc\ca-ES\LocalMediaManager\Previews\IENF-444\IENF-444_010.jpg","实体已登记到 MovieId 2857，禁止自动复用","70","ManualReview","LowConfidence","置信度低于 80，仅供人工核对。","False","False"
"13246","4275","IENF-444","Z:\bcbcbcbc\ca-ES\data\未分类2\IENF-444.mp4","Preview","","","Z:\bcbcbcbc\ca-ES\LocalMediaManager\Previews\IENF-444\IENF-444_011.jpg","实体已登记到 MovieId 2857，禁止自动复用","70","ManualReview","LowConfidence","置信度低于 80，仅供人工核对。","False","False"
"13246","4275","IENF-444","Z:\bcbcbcbc\ca-ES\data\未分类2\IENF-444.mp4","Preview","","","Z:\bcbcbcbc\ca-ES\LocalMediaManager\Previews\IENF-444\IENF-444_012.jpg","实体已登记到 MovieId 2857，禁止自动复用","70","ManualReview","LowConfidence","置信度低于 80，仅供人工核对。","False","False"
"13246","4275","IENF-444","Z:\bcbcbcbc\ca-ES\data\未分类2\IENF-444.mp4","Preview","","","Z:\bcbcbcbc\ca-ES\LocalMediaManager\Previews\IENF-444\IENF-444_013.jpg","实体已登记到 MovieId 2857，禁止自动复用","70","ManualReview","LowConfidence","置信度低于 80，仅供人工核对。","False","False"
"13246","4275","IENF-444","Z:\bcbcbcbc\ca-ES\data\未分类2\IENF-444.mp4","Preview","","","Z:\bcbcbcbc\ca-ES\LocalMediaManager\Previews\IENF-444\IENF-444_014.jpg","实体已登记到 MovieId 2857，禁止自动复用","70","ManualReview","LowConfidence","置信度低于 80，仅供人工核对。","False","False"
"13246","4275","IENF-444","Z:\bcbcbcbc\ca-ES\data\未分类2\IENF-444.mp4","Preview","","","Z:\bcbcbcbc\ca-ES\LocalMediaManager\Previews\IENF-444\IENF-444_015.jpg","实体已登记到 MovieId 2857，禁止自动复用","70","ManualReview","LowConfidence","置信度低于 80，仅供人工核对。","False","False"
"13246","4275","IENF-444","Z:\bcbcbcbc\ca-ES\data\未分类2\IENF-444.mp4","Preview","","","Z:\bcbcbcbc\ca-ES\LocalMediaManager\Previews\IENF-444\IENF-444_016.jpg","实体已登记到 MovieId 2857，禁止自动复用","70","ManualReview","LowConfidence","置信度低于 80，仅供人工核对。","False","False"
"13246","4287","300MIUM-1335","E:\完成\300MIUM-1335.mp4","Preview","","","Z:\bcbcbcbc\ca-ES\LocalMediaManager\Previews\300MIUM-1335\300MIUM-1335_001.jpg","实体已登记到 MovieId 2044，禁止自动复用","70","ManualReview","LowConfidence","置信度低于 80，仅供人工核对。","False","False"
"13246","4287","300MIUM-1335","E:\完成\300MIUM-1335.mp4","Preview","","","Z:\bcbcbcbc\ca-ES\LocalMediaManager\Previews\300MIUM-1335\300MIUM-1335_002.jpg","实体已登记到 MovieId 2044，禁止自动复用","70","ManualReview","LowConfidence","置信度低于 80，仅供人工核对。","False","False"
"13246","4287","300MIUM-1335","E:\完成\300MIUM-1335.mp4","Preview","","","Z:\bcbcbcbc\ca-ES\LocalMediaManager\Previews\300MIUM-1335\300MIUM-1335_003.jpg","实体已登记到 MovieId 2044，禁止自动复用","70","ManualReview","LowConfidence","置信度低于 80，仅供人工核对。","False","False"
"13246","4287","300MIUM-1335","E:\完成\300MIUM-1335.mp4","Preview","","","Z:\bcbcbcbc\ca-ES\LocalMediaManager\Previews\300MIUM-1335\300MIUM-1335_004.jpg","实体已登记到 MovieId 2044，禁止自动复用","70","ManualReview","LowConfidence","置信度低于 80，仅供人工核对。","False","False"
"13246","4287","300MIUM-1335","E:\完成\300MIUM-1335.mp4","Preview","","","Z:\bcbcbcbc\ca-ES\LocalMediaManager\Previews\300MIUM-1335\300MIUM-1335_005.jpg","实体已登记到 MovieId 2044，禁止自动复用","70","ManualReview","LowConfidence","置信度低于 80，仅供人工核对。","False","False"
"13246","4287","300MIUM-1335","E:\完成\300MIUM-1335.mp4","Preview","","","Z:\bcbcbcbc\ca-ES\LocalMediaManager\Previews\300MIUM-1335\300MIUM-1335_006.jpg","实体已登记到 MovieId 2044，禁止自动复用","70","ManualReview","LowConfidence","置信度低于 80，仅供人工核对。","False","False"
"13246","4287","300MIUM-1335","E:\完成\300MIUM-1335.mp4","Preview","","","Z:\bcbcbcbc\ca-ES\LocalMediaManager\Previews\300MIUM-1335\300MIUM-1335_007.jpg","实体已登记到 MovieId 2044，禁止自动复用","70","ManualReview","LowConfidence","置信度低于 80，仅供人工核对。","False","False"
"13246","4287","300MIUM-1335","E:\完成\300MIUM-1335.mp4","Preview","","","Z:\bcbcbcbc\ca-ES\LocalMediaManager\Previews\300MIUM-1335\300MIUM-1335_008.jpg","实体已登记到 MovieId 2044，禁止自动复用","70","ManualReview","LowConfidence","置信度低于 80，仅供人工核对。","False","False"
"13246","4287","300MIUM-1335","E:\完成\300MIUM-1335.mp4","Preview","","","Z:\bcbcbcbc\ca-ES\LocalMediaManager\Previews\300MIUM-1335\300MIUM-1335_009.jpg","实体已登记到 MovieId 2044，禁止自动复用","70","ManualReview","LowConfidence","置信度低于 80，仅供人工核对。","False","False"
"13246","4287","300MIUM-1335","E:\完成\300MIUM-1335.mp4","Preview","","","Z:\bcbcbcbc\ca-ES\LocalMediaManager\Previews\300MIUM-1335\300MIUM-1335_010.jpg","实体已登记到 MovieId 2044，禁止自动复用","70","ManualReview","LowConfidence","置信度低于 80，仅供人工核对。","False","False"
"13246","4287","300MIUM-1335","E:\完成\300MIUM-1335.mp4","Preview","","","Z:\bcbcbcbc\ca-ES\LocalMediaManager\Previews\300MIUM-1335\300MIUM-1335_011.jpg","实体已登记到 MovieId 2044，禁止自动复用","70","ManualReview","LowConfidence","置信度低于 80，仅供人工核对。","False","False"
"13246","4287","300MIUM-1335","E:\完成\300MIUM-1335.mp4","Preview","","","Z:\bcbcbcbc\ca-ES\LocalMediaManager\Previews\300MIUM-1335\300MIUM-1335_012.jpg","实体已登记到 MovieId 2044，禁止自动复用","70","ManualReview","LowConfidence","置信度低于 80，仅供人工核对。","False","False"
"13246","4287","300MIUM-1335","E:\完成\300MIUM-1335.mp4","Preview","","","Z:\bcbcbcbc\ca-ES\LocalMediaManager\Previews\300MIUM-1335\300MIUM-1335_013.jpg","实体已登记到 MovieId 2044，禁止自动复用","70","ManualReview","LowConfidence","置信度低于 80，仅供人工核对。","False","False"
"13246","4287","300MIUM-1335","E:\完成\300MIUM-1335.mp4","Preview","","","Z:\bcbcbcbc\ca-ES\LocalMediaManager\Previews\300MIUM-1335\300MIUM-1335_014.jpg","实体已登记到 MovieId 2044，禁止自动复用","70","ManualReview","LowConfidence","置信度低于 80，仅供人工核对。","False","False"
"13246","4287","300MIUM-1335","E:\完成\300MIUM-1335.mp4","Preview","","","Z:\bcbcbcbc\ca-ES\LocalMediaManager\Previews\300MIUM-1335\300MIUM-1335_015.jpg","实体已登记到 MovieId 2044，禁止自动复用","70","ManualReview","LowConfidence","置信度低于 80，仅供人工核对。","False","False"
"13246","4287","300MIUM-1335","E:\完成\300MIUM-1335.mp4","Preview","","","Z:\bcbcbcbc\ca-ES\LocalMediaManager\Previews\300MIUM-1335\300MIUM-1335_016.jpg","实体已登记到 MovieId 2044，禁止自动复用","70","ManualReview","LowConfidence","置信度低于 80，仅供人工核对。","False","False"
"13246","4288","865URKN-01402","E:\完成\865URKN-01402.mp4","Preview","","","Z:\bcbcbcbc\ca-ES\LocalMediaManager\Previews\865URKN-01402\865URKN-01402_001.jpg","实体已登记到 MovieId 1996，禁止自动复用","70","ManualReview","LowConfidence","置信度低于 80，仅供人工核对。","False","False"
"13246","4288","865URKN-01402","E:\完成\865URKN-01402.mp4","Preview","","","Z:\bcbcbcbc\ca-ES\LocalMediaManager\Previews\865URKN-01402\865URKN-01402_002.jpg","实体已登记到 MovieId 1996，禁止自动复用","70","ManualReview","LowConfidence","置信度低于 80，仅供人工核对。","False","False"
"13246","4288","865URKN-01402","E:\完成\865URKN-01402.mp4","Preview","","","Z:\bcbcbcbc\ca-ES\LocalMediaManager\Previews\865URKN-01402\865URKN-01402_003.jpg","实体已登记到 MovieId 1996，禁止自动复用","70","ManualReview","LowConfidence","置信度低于 80，仅供人工核对。","False","False"
"13246","4288","865URKN-01402","E:\完成\865URKN-01402.mp4","Preview","","","Z:\bcbcbcbc\ca-ES\LocalMediaManager\Previews\865URKN-01402\865URKN-01402_004.jpg","实体已登记到 MovieId 1996，禁止自动复用","70","ManualReview","LowConfidence","置信度低于 80，仅供人工核对。","False","False"
"13246","4288","865URKN-01402","E:\完成\865URKN-01402.mp4","Preview","","","Z:\bcbcbcbc\ca-ES\LocalMediaManager\Previews\865URKN-01402\865URKN-01402_005.jpg","实体已登记到 MovieId 1996，禁止自动复用","70","ManualReview","LowConfidence","置信度低于 80，仅供人工核对。","False","False"
"13246","4288","865URKN-01402","E:\完成\865URKN-01402.mp4","Preview","","","Z:\bcbcbcbc\ca-ES\LocalMediaManager\Previews\865URKN-01402\865URKN-01402_006.jpg","实体已登记到 MovieId 1996，禁止自动复用","70","ManualReview","LowConfidence","置信度低于 80，仅供人工核对。","False","False"
"13246","4288","865URKN-01402","E:\完成\865URKN-01402.mp4","Preview","","","Z:\bcbcbcbc\ca-ES\LocalMediaManager\Previews\865URKN-01402\865URKN-01402_007.jpg","实体已登记到 MovieId 1996，禁止自动复用","70","ManualReview","LowConfidence","置信度低于 80，仅供人工核对。","False","False"
"13246","4288","865URKN-01402","E:\完成\865URKN-01402.mp4","Preview","","","Z:\bcbcbcbc\ca-ES\LocalMediaManager\Previews\865URKN-01402\865URKN-01402_008.jpg","实体已登记到 MovieId 1996，禁止自动复用","70","ManualReview","LowConfidence","置信度低于 80，仅供人工核对。","False","False"
"13246","4288","865URKN-01402","E:\完成\865URKN-01402.mp4","Preview","","","Z:\bcbcbcbc\ca-ES\LocalMediaManager\Previews\865URKN-01402\865URKN-01402_009.jpg","实体已登记到 MovieId 1996，禁止自动复用","70","ManualReview","LowConfidence","置信度低于 80，仅供人工核对。","False","False"
"13246","4288","865URKN-01402","E:\完成\865URKN-01402.mp4","Preview","","","Z:\bcbcbcbc\ca-ES\LocalMediaManager\Previews\865URKN-01402\865URKN-01402_010.jpg","实体已登记到 MovieId 1996，禁止自动复用","70","ManualReview","LowConfidence","置信度低于 80，仅供人工核对。","False","False"
"13246","4288","865URKN-01402","E:\完成\865URKN-01402.mp4","Preview","","","Z:\bcbcbcbc\ca-ES\LocalMediaManager\Previews\865URKN-01402\865URKN-01402_011.jpg","实体已登记到 MovieId 1996，禁止自动复用","70","ManualReview","LowConfidence","置信度低于 80，仅供人工核对。","False","False"
"13246","4288","865URKN-01402","E:\完成\865URKN-01402.mp4","Preview","","","Z:\bcbcbcbc\ca-ES\LocalMediaManager\Previews\865URKN-01402\865URKN-01402_012.jpg","实体已登记到 MovieId 1996，禁止自动复用","70","ManualReview","LowConfidence","置信度低于 80，仅供人工核对。","False","False"
"13246","4288","865URKN-01402","E:\完成\865URKN-01402.mp4","Preview","","","Z:\bcbcbcbc\ca-ES\LocalMediaManager\Previews\865URKN-01402\865URKN-01402_013.jpg","实体已登记到 MovieId 1996，禁止自动复用","70","ManualReview","LowConfidence","置信度低于 80，仅供人工核对。","False","False"
"13246","4288","865URKN-01402","E:\完成\865URKN-01402.mp4","Preview","","","Z:\bcbcbcbc\ca-ES\LocalMediaManager\Previews\865URKN-01402\865URKN-01402_014.jpg","实体已登记到 MovieId 1996，禁止自动复用","70","ManualReview","LowConfidence","置信度低于 80，仅供人工核对。","False","False"
"13246","4288","865URKN-01402","E:\完成\865URKN-01402.mp4","Preview","","","Z:\bcbcbcbc\ca-ES\LocalMediaManager\Previews\865URKN-01402\865URKN-01402_015.jpg","实体已登记到 MovieId 1996，禁止自动复用","70","ManualReview","LowConfidence","置信度低于 80，仅供人工核对。","False","False"
"13246","4289","ABF-308","E:\完成\ABF-308.mp4","Preview","","","Z:\bcbcbcbc\ca-ES\LocalMediaManager\Previews\ABF-308\ABF-308_001.jpg","实体已登记到 MovieId 1938，禁止自动复用","70","ManualReview","LowConfidence","置信度低于 80，仅供人工核对。","False","False"
"13246","4289","ABF-308","E:\完成\ABF-308.mp4","Preview","","","Z:\bcbcbcbc\ca-ES\LocalMediaManager\Previews\ABF-308\ABF-308_002.jpg","实体已登记到 MovieId 1938，禁止自动复用","70","ManualReview","LowConfidence","置信度低于 80，仅供人工核对。","False","False"
"13246","4289","ABF-308","E:\完成\ABF-308.mp4","Preview","","","Z:\bcbcbcbc\ca-ES\LocalMediaManager\Previews\ABF-308\ABF-308_003.jpg","实体已登记到 MovieId 1938，禁止自动复用","70","ManualReview","LowConfidence","置信度低于 80，仅供人工核对。","False","False"
"13246","4289","ABF-308","E:\完成\ABF-308.mp4","Preview","","","Z:\bcbcbcbc\ca-ES\LocalMediaManager\Previews\ABF-308\ABF-308_004.jpg","实体已登记到 MovieId 1938，禁止自动复用","70","ManualReview","LowConfidence","置信度低于 80，仅供人工核对。","False","False"
"13246","4289","ABF-308","E:\完成\ABF-308.mp4","Preview","","","Z:\bcbcbcbc\ca-ES\LocalMediaManager\Previews\ABF-308\ABF-308_005.jpg","实体已登记到 MovieId 1938，禁止自动复用","70","ManualReview","LowConfidence","置信度低于 80，仅供人工核对。","False","False"
"13246","4289","ABF-308","E:\完成\ABF-308.mp4","Preview","","","Z:\bcbcbcbc\ca-ES\LocalMediaManager\Previews\ABF-308\ABF-308_006.jpg","实体已登记到 MovieId 1938，禁止自动复用","70","ManualReview","LowConfidence","置信度低于 80，仅供人工核对。","False","False"
"13246","4289","ABF-308","E:\完成\ABF-308.mp4","Preview","","","Z:\bcbcbcbc\ca-ES\LocalMediaManager\Previews\ABF-308\ABF-308_007.jpg","实体已登记到 MovieId 1938，禁止自动复用","70","ManualReview","LowConfidence","置信度低于 80，仅供人工核对。","False","False"
"13246","4289","ABF-308","E:\完成\ABF-308.mp4","Preview","","","Z:\bcbcbcbc\ca-ES\LocalMediaManager\Previews\ABF-308\ABF-308_008.jpg","实体已登记到 MovieId 1938，禁止自动复用","70","ManualReview","LowConfidence","置信度低于 80，仅供人工核对。","False","False"
"13246","4289","ABF-308","E:\完成\ABF-308.mp4","Preview","","","Z:\bcbcbcbc\ca-ES\LocalMediaManager\Previews\ABF-308\ABF-308_009.jpg","实体已登记到 MovieId 1938，禁止自动复用","70","ManualReview","LowConfidence","置信度低于 80，仅供人工核对。","False","False"
"13246","4289","ABF-308","E:\完成\ABF-308.mp4","Preview","","","Z:\bcbcbcbc\ca-ES\LocalMediaManager\Previews\ABF-308\ABF-308_010.jpg","实体已登记到 MovieId 1938，禁止自动复用","70","ManualReview","LowConfidence","置信度低于 80，仅供人工核对。","False","False"
"13246","4289","ABF-308","E:\完成\ABF-308.mp4","Preview","","","Z:\bcbcbcbc\ca-ES\LocalMediaManager\Previews\ABF-308\ABF-308_011.jpg","实体已登记到 MovieId 1938，禁止自动复用","70","ManualReview","LowConfidence","置信度低于 80，仅供人工核对。","False","False"
"13246","4289","ABF-308","E:\完成\ABF-308.mp4","Preview","","","Z:\bcbcbcbc\ca-ES\LocalMediaManager\Previews\ABF-308\ABF-308_012.jpg","实体已登记到 MovieId 1938，禁止自动复用","70","ManualReview","LowConfidence","置信度低于 80，仅供人工核对。","False","False"
"13246","4290","abf-318","E:\完成\abf-318.mp4","Preview","","","Z:\bcbcbcbc\ca-ES\LocalMediaManager\Previews\ABF-318\ABF-318_001.jpg","实体已登记到 MovieId 1997，禁止自动复用","70","ManualReview","LowConfidence","置信度低于 80，仅供人工核对。","False","False"
"13246","4290","abf-318","E:\完成\abf-318.mp4","Preview","","","Z:\bcbcbcbc\ca-ES\LocalMediaManager\Previews\ABF-318\ABF-318_002.jpg","实体已登记到 MovieId 1997，禁止自动复用","70","ManualReview","LowConfidence","置信度低于 80，仅供人工核对。","False","False"
"13246","4290","abf-318","E:\完成\abf-318.mp4","Preview","","","Z:\bcbcbcbc\ca-ES\LocalMediaManager\Previews\ABF-318\ABF-318_003.jpg","实体已登记到 MovieId 1997，禁止自动复用","70","ManualReview","LowConfidence","置信度低于 80，仅供人工核对。","False","False"
"13246","4290","abf-318","E:\完成\abf-318.mp4","Preview","","","Z:\bcbcbcbc\ca-ES\LocalMediaManager\Previews\ABF-318\ABF-318_004.jpg","实体已登记到 MovieId 1997，禁止自动复用","70","ManualReview","LowConfidence","置信度低于 80，仅供人工核对。","False","False"
"13246","4290","abf-318","E:\完成\abf-318.mp4","Preview","","","Z:\bcbcbcbc\ca-ES\LocalMediaManager\Previews\ABF-318\ABF-318_005.jpg","实体已登记到 MovieId 1997，禁止自动复用","70","ManualReview","LowConfidence","置信度低于 80，仅供人工核对。","False","False"
"13246","4290","abf-318","E:\完成\abf-318.mp4","Preview","","","Z:\bcbcbcbc\ca-ES\LocalMediaManager\Previews\ABF-318\ABF-318_006.jpg","实体已登记到 MovieId 1997，禁止自动复用","70","ManualReview","LowConfidence","置信度低于 80，仅供人工核对。","False","False"
"13246","4290","abf-318","E:\完成\abf-318.mp4","Preview","","","Z:\bcbcbcbc\ca-ES\LocalMediaManager\Previews\ABF-318\ABF-318_007.jpg","实体已登记到 MovieId 1997，禁止自动复用","70","ManualReview","LowConfidence","置信度低于 80，仅供人工核对。","False","False"
"13246","4290","abf-318","E:\完成\abf-318.mp4","Preview","","","Z:\bcbcbcbc\ca-ES\LocalMediaManager\Previews\ABF-318\ABF-318_008.jpg","实体已登记到 MovieId 1997，禁止自动复用","70","ManualReview","LowConfidence","置信度低于 80，仅供人工核对。","False","False"
"13246","4290","abf-318","E:\完成\abf-318.mp4","Preview","","","Z:\bcbcbcbc\ca-ES\LocalMediaManager\Previews\ABF-318\ABF-318_009.jpg","实体已登记到 MovieId 1997，禁止自动复用","70","ManualReview","LowConfidence","置信度低于 80，仅供人工核对。","False","False"
"13246","4290","abf-318","E:\完成\abf-318.mp4","Preview","","","Z:\bcbcbcbc\ca-ES\LocalMediaManager\Previews\ABF-318\ABF-318_010.jpg","实体已登记到 MovieId 1997，禁止自动复用","70","ManualReview","LowConfidence","置信度低于 80，仅供人工核对。","False","False"
"13246","4291","abf-320","E:\完成\abf-320.mp4","Preview","","","Z:\bcbcbcbc\ca-ES\LocalMediaManager\Previews\ABF-320\ABF-320_001.jpg","实体已登记到 MovieId 1998，禁止自动复用","70","ManualReview","LowConfidence","置信度低于 80，仅供人工核对。","False","False"
"13246","4291","abf-320","E:\完成\abf-320.mp4","Preview","","","Z:\bcbcbcbc\ca-ES\LocalMediaManager\Previews\ABF-320\ABF-320_002.jpg","实体已登记到 MovieId 1998，禁止自动复用","70","ManualReview","LowConfidence","置信度低于 80，仅供人工核对。","False","False"
"13246","4291","abf-320","E:\完成\abf-320.mp4","Preview","","","Z:\bcbcbcbc\ca-ES\LocalMediaManager\Previews\ABF-320\ABF-320_003.jpg","实体已登记到 MovieId 1998，禁止自动复用","70","ManualReview","LowConfidence","置信度低于 80，仅供人工核对。","False","False"
"13246","4291","abf-320","E:\完成\abf-320.mp4","Preview","","","Z:\bcbcbcbc\ca-ES\LocalMediaManager\Previews\ABF-320\ABF-320_004.jpg","实体已登记到 MovieId 1998，禁止自动复用","70","ManualReview","LowConfidence","置信度低于 80，仅供人工核对。","False","False"
"13246","4291","abf-320","E:\完成\abf-320.mp4","Preview","","","Z:\bcbcbcbc\ca-ES\LocalMediaManager\Previews\ABF-320\ABF-320_005.jpg","实体已登记到 MovieId 1998，禁止自动复用","70","ManualReview","LowConfidence","置信度低于 80，仅供人工核对。","False","False"
"13246","4291","abf-320","E:\完成\abf-320.mp4","Preview","","","Z:\bcbcbcbc\ca-ES\LocalMediaManager\Previews\ABF-320\ABF-320_006.jpg","实体已登记到 MovieId 1998，禁止自动复用","70","ManualReview","LowConfidence","置信度低于 80，仅供人工核对。","False","False"
"13246","4291","abf-320","E:\完成\abf-320.mp4","Preview","","","Z:\bcbcbcbc\ca-ES\LocalMediaManager\Previews\ABF-320\ABF-320_007.jpg","实体已登记到 MovieId 1998，禁止自动复用","70","ManualReview","LowConfidence","置信度低于 80，仅供人工核对。","False","False"
"13246","4291","abf-320","E:\完成\abf-320.mp4","Preview","","","Z:\bcbcbcbc\ca-ES\LocalMediaManager\Previews\ABF-320\ABF-320_008.jpg","实体已登记到 MovieId 1998，禁止自动复用","70","ManualReview","LowConfidence","置信度低于 80，仅供人工核对。","False","False"
"13246","4291","abf-320","E:\完成\abf-320.mp4","Preview","","","Z:\bcbcbcbc\ca-ES\LocalMediaManager\Previews\ABF-320\ABF-320_009.jpg","实体已登记到 MovieId 1998，禁止自动复用","70","ManualReview","LowConfidence","置信度低于 80，仅供人工核对。","False","False"
"13246","4291","abf-320","E:\完成\abf-320.mp4","Preview","","","Z:\bcbcbcbc\ca-ES\LocalMediaManager\Previews\ABF-320\ABF-320_010.jpg","实体已登记到 MovieId 1998，禁止自动复用","70","ManualReview","LowConfidence","置信度低于 80，仅供人工核对。","False","False"
"13246","4292","cawd-935","E:\完成\cawd-935.mp4","Preview","","","Z:\bcbcbcbc\ca-ES\LocalMediaManager\Previews\CAWD-935\CAWD-935_001.jpg","实体已登记到 MovieId 1999，禁止自动复用","70","ManualReview","LowConfidence","置信度低于 80，仅供人工核对。","False","False"
"13246","4292","cawd-935","E:\完成\cawd-935.mp4","Preview","","","Z:\bcbcbcbc\ca-ES\LocalMediaManager\Previews\CAWD-935\CAWD-935_002.jpg","实体已登记到 MovieId 1999，禁止自动复用","70","ManualReview","LowConfidence","置信度低于 80，仅供人工核对。","False","False"
"13246","4292","cawd-935","E:\完成\cawd-935.mp4","Preview","","","Z:\bcbcbcbc\ca-ES\LocalMediaManager\Previews\CAWD-935\CAWD-935_003.jpg","实体已登记到 MovieId 1999，禁止自动复用","70","ManualReview","LowConfidence","置信度低于 80，仅供人工核对。","False","False"
"13246","4292","cawd-935","E:\完成\cawd-935.mp4","Preview","","","Z:\bcbcbcbc\ca-ES\LocalMediaManager\Previews\CAWD-935\CAWD-935_004.jpg","实体已登记到 MovieId 1999，禁止自动复用","70","ManualReview","LowConfidence","置信度低于 80，仅供人工核对。","False","False"
"13246","4292","cawd-935","E:\完成\cawd-935.mp4","Preview","","","Z:\bcbcbcbc\ca-ES\LocalMediaManager\Previews\CAWD-935\CAWD-935_005.jpg","实体已登记到 MovieId 1999，禁止自动复用","70","ManualReview","LowConfidence","置信度低于 80，仅供人工核对。","False","False"
"13246","4292","cawd-935","E:\完成\cawd-935.mp4","Preview","","","Z:\bcbcbcbc\ca-ES\LocalMediaManager\Previews\CAWD-935\CAWD-935_006.jpg","实体已登记到 MovieId 1999，禁止自动复用","70","ManualReview","LowConfidence","置信度低于 80，仅供人工核对。","False","False"
"13246","4292","cawd-935","E:\完成\cawd-935.mp4","Preview","","","Z:\bcbcbcbc\ca-ES\LocalMediaManager\Previews\CAWD-935\CAWD-935_007.jpg","实体已登记到 MovieId 1999，禁止自动复用","70","ManualReview","LowConfidence","置信度低于 80，仅供人工核对。","False","False"
"13246","4292","cawd-935","E:\完成\cawd-935.mp4","Preview","","","Z:\bcbcbcbc\ca-ES\LocalMediaManager\Previews\CAWD-935\CAWD-935_008.jpg","实体已登记到 MovieId 1999，禁止自动复用","70","ManualReview","LowConfidence","置信度低于 80，仅供人工核对。","False","False"
"13246","4292","cawd-935","E:\完成\cawd-935.mp4","Preview","","","Z:\bcbcbcbc\ca-ES\LocalMediaManager\Previews\CAWD-935\CAWD-935_009.jpg","实体已登记到 MovieId 1999，禁止自动复用","70","ManualReview","LowConfidence","置信度低于 80，仅供人工核对。","False","False"
"13246","4292","cawd-935","E:\完成\cawd-935.mp4","Preview","","","Z:\bcbcbcbc\ca-ES\LocalMediaManager\Previews\CAWD-935\CAWD-935_010.jpg","实体已登记到 MovieId 1999，禁止自动复用","70","ManualReview","LowConfidence","置信度低于 80，仅供人工核对。","False","False"
"13246","4292","cawd-935","E:\完成\cawd-935.mp4","Preview","","","Z:\bcbcbcbc\ca-ES\LocalMediaManager\Previews\CAWD-935\CAWD-935_011.jpg","实体已登记到 MovieId 1999，禁止自动复用","70","ManualReview","LowConfidence","置信度低于 80，仅供人工核对。","False","False"
"13246","4292","cawd-935","E:\完成\cawd-935.mp4","Preview","","","Z:\bcbcbcbc\ca-ES\LocalMediaManager\Previews\CAWD-935\CAWD-935_012.jpg","实体已登记到 MovieId 1999，禁止自动复用","70","ManualReview","LowConfidence","置信度低于 80，仅供人工核对。","False","False"
"13246","4292","cawd-935","E:\完成\cawd-935.mp4","Preview","","","Z:\bcbcbcbc\ca-ES\LocalMediaManager\Previews\CAWD-935\CAWD-935_013.jpg","实体已登记到 MovieId 1999，禁止自动复用","70","ManualReview","LowConfidence","置信度低于 80，仅供人工核对。","False","False"
"13246","4292","cawd-935","E:\完成\cawd-935.mp4","Preview","","","Z:\bcbcbcbc\ca-ES\LocalMediaManager\Previews\CAWD-935\CAWD-935_014.jpg","实体已登记到 MovieId 1999，禁止自动复用","70","ManualReview","LowConfidence","置信度低于 80，仅供人工核对。","False","False"
"13246","4292","cawd-935","E:\完成\cawd-935.mp4","Preview","","","Z:\bcbcbcbc\ca-ES\LocalMediaManager\Previews\CAWD-935\CAWD-935_015.jpg","实体已登记到 MovieId 1999，禁止自动复用","70","ManualReview","LowConfidence","置信度低于 80，仅供人工核对。","False","False"
"13246","4292","cawd-935","E:\完成\cawd-935.mp4","Preview","","","Z:\bcbcbcbc\ca-ES\LocalMediaManager\Previews\CAWD-935\CAWD-935_016.jpg","实体已登记到 MovieId 1999，禁止自动复用","70","ManualReview","LowConfidence","置信度低于 80，仅供人工核对。","False","False"
"13246","4292","cawd-935","E:\完成\cawd-935.mp4","Preview","","","Z:\bcbcbcbc\ca-ES\LocalMediaManager\Previews\CAWD-935\CAWD-935_017.jpg","实体已登记到 MovieId 1999，禁止自动复用","70","ManualReview","LowConfidence","置信度低于 80，仅供人工核对。","False","False"
"13246","4292","cawd-935","E:\完成\cawd-935.mp4","Preview","","","Z:\bcbcbcbc\ca-ES\LocalMediaManager\Previews\CAWD-935\CAWD-935_018.jpg","实体已登记到 MovieId 1999，禁止自动复用","70","ManualReview","LowConfidence","置信度低于 80，仅供人工核对。","False","False"
"13246","4293","MAAN-1157","E:\完成\MAAN-1157.mp4","Preview","","","Z:\bcbcbcbc\ca-ES\LocalMediaManager\Previews\MAAN-1157\MAAN-1157_001.jpg","实体已登记到 MovieId 2080，禁止自动复用","70","ManualReview","LowConfidence","置信度低于 80，仅供人工核对。","False","False"
"13246","4293","MAAN-1157","E:\完成\MAAN-1157.mp4","Preview","","","Z:\bcbcbcbc\ca-ES\LocalMediaManager\Previews\MAAN-1157\MAAN-1157_002.jpg","实体已登记到 MovieId 2080，禁止自动复用","70","ManualReview","LowConfidence","置信度低于 80，仅供人工核对。","False","False"
"13246","4293","MAAN-1157","E:\完成\MAAN-1157.mp4","Preview","","","Z:\bcbcbcbc\ca-ES\LocalMediaManager\Previews\MAAN-1157\MAAN-1157_003.jpg","实体已登记到 MovieId 2080，禁止自动复用","70","ManualReview","LowConfidence","置信度低于 80，仅供人工核对。","False","False"
"13246","4293","MAAN-1157","E:\完成\MAAN-1157.mp4","Preview","","","Z:\bcbcbcbc\ca-ES\LocalMediaManager\Previews\MAAN-1157\MAAN-1157_004.jpg","实体已登记到 MovieId 2080，禁止自动复用","70","ManualReview","LowConfidence","置信度低于 80，仅供人工核对。","False","False"
"13246","4293","MAAN-1157","E:\完成\MAAN-1157.mp4","Preview","","","Z:\bcbcbcbc\ca-ES\LocalMediaManager\Previews\MAAN-1157\MAAN-1157_005.jpg","实体已登记到 MovieId 2080，禁止自动复用","70","ManualReview","LowConfidence","置信度低于 80，仅供人工核对。","False","False"
"13246","4293","MAAN-1157","E:\完成\MAAN-1157.mp4","Preview","","","Z:\bcbcbcbc\ca-ES\LocalMediaManager\Previews\MAAN-1157\MAAN-1157_006.jpg","实体已登记到 MovieId 2080，禁止自动复用","70","ManualReview","LowConfidence","置信度低于 80，仅供人工核对。","False","False"
"13246","4293","MAAN-1157","E:\完成\MAAN-1157.mp4","Preview","","","Z:\bcbcbcbc\ca-ES\LocalMediaManager\Previews\MAAN-1157\MAAN-1157_007.jpg","实体已登记到 MovieId 2080，禁止自动复用","70","ManualReview","LowConfidence","置信度低于 80，仅供人工核对。","False","False"
"13246","4293","MAAN-1157","E:\完成\MAAN-1157.mp4","Preview","","","Z:\bcbcbcbc\ca-ES\LocalMediaManager\Previews\MAAN-1157\MAAN-1157_008.jpg","实体已登记到 MovieId 2080，禁止自动复用","70","ManualReview","LowConfidence","置信度低于 80，仅供人工核对。","False","False"
"13246","4293","MAAN-1157","E:\完成\MAAN-1157.mp4","Preview","","","Z:\bcbcbcbc\ca-ES\LocalMediaManager\Previews\MAAN-1157\MAAN-1157_009.jpg","实体已登记到 MovieId 2080，禁止自动复用","70","ManualReview","LowConfidence","置信度低于 80，仅供人工核对。","False","False"
"13246","4294","MFCS-197","E:\完成\MFCS-197.mp4","Preview","","","Z:\bcbcbcbc\ca-ES\LocalMediaManager\Previews\MFCS-197\MFCS-197_001.jpg","实体已登记到 MovieId 2000，禁止自动复用","70","ManualReview","LowConfidence","置信度低于 80，仅供人工核对。","False","False"
"13246","4294","MFCS-197","E:\完成\MFCS-197.mp4","Preview","","","Z:\bcbcbcbc\ca-ES\LocalMediaManager\Previews\MFCS-197\MFCS-197_002.jpg","实体已登记到 MovieId 2000，禁止自动复用","70","ManualReview","LowConfidence","置信度低于 80，仅供人工核对。","False","False"
"13246","4294","MFCS-197","E:\完成\MFCS-197.mp4","Preview","","","Z:\bcbcbcbc\ca-ES\LocalMediaManager\Previews\MFCS-197\MFCS-197_003.jpg","实体已登记到 MovieId 2000，禁止自动复用","70","ManualReview","LowConfidence","置信度低于 80，仅供人工核对。","False","False"
"13246","4294","MFCS-197","E:\完成\MFCS-197.mp4","Preview","","","Z:\bcbcbcbc\ca-ES\LocalMediaManager\Previews\MFCS-197\MFCS-197_004.jpg","实体已登记到 MovieId 2000，禁止自动复用","70","ManualReview","LowConfidence","置信度低于 80，仅供人工核对。","False","False"
"13246","4294","MFCS-197","E:\完成\MFCS-197.mp4","Preview","","","Z:\bcbcbcbc\ca-ES\LocalMediaManager\Previews\MFCS-197\MFCS-197_005.jpg","实体已登记到 MovieId 2000，禁止自动复用","70","ManualReview","LowConfidence","置信度低于 80，仅供人工核对。","False","False"
"13246","4295","MIMK-107","E:\完成\MIMK-107.mp4","Preview","","","Z:\bcbcbcbc\ca-ES\LocalMediaManager\Previews\MIMK-107\MIMK-107_001.jpg","实体已登记到 MovieId 112，禁止自动复用","70","ManualReview","LowConfidence","置信度低于 80，仅供人工核对。","False","False"
"13246","4295","MIMK-107","E:\完成\MIMK-107.mp4","Preview","","","Z:\bcbcbcbc\ca-ES\LocalMediaManager\Previews\MIMK-107\MIMK-107_002.jpg","实体已登记到 MovieId 112，禁止自动复用","70","ManualReview","LowConfidence","置信度低于 80，仅供人工核对。","False","False"
"13246","4295","MIMK-107","E:\完成\MIMK-107.mp4","Preview","","","Z:\bcbcbcbc\ca-ES\LocalMediaManager\Previews\MIMK-107\MIMK-107_003.jpg","实体已登记到 MovieId 112，禁止自动复用","70","ManualReview","LowConfidence","置信度低于 80，仅供人工核对。","False","False"
"13246","4295","MIMK-107","E:\完成\MIMK-107.mp4","Preview","","","Z:\bcbcbcbc\ca-ES\LocalMediaManager\Previews\MIMK-107\MIMK-107_004.jpg","实体已登记到 MovieId 112，禁止自动复用","70","ManualReview","LowConfidence","置信度低于 80，仅供人工核对。","False","False"
"13246","4295","MIMK-107","E:\完成\MIMK-107.mp4","Preview","","","Z:\bcbcbcbc\ca-ES\LocalMediaManager\Previews\MIMK-107\MIMK-107_005.jpg","实体已登记到 MovieId 112，禁止自动复用","70","ManualReview","LowConfidence","置信度低于 80，仅供人工核对。","False","False"
"13246","4295","MIMK-107","E:\完成\MIMK-107.mp4","Preview","","","Z:\bcbcbcbc\ca-ES\LocalMediaManager\Previews\MIMK-107\MIMK-107_006.jpg","实体已登记到 MovieId 112，禁止自动复用","70","ManualReview","LowConfidence","置信度低于 80，仅供人工核对。","False","False"
"13246","4295","MIMK-107","E:\完成\MIMK-107.mp4","Preview","","","Z:\bcbcbcbc\ca-ES\LocalMediaManager\Previews\MIMK-107\MIMK-107_007.jpg","实体已登记到 MovieId 112，禁止自动复用","70","ManualReview","LowConfidence","置信度低于 80，仅供人工核对。","False","False"
"13246","4295","MIMK-107","E:\完成\MIMK-107.mp4","Preview","","","Z:\bcbcbcbc\ca-ES\LocalMediaManager\Previews\MIMK-107\MIMK-107_008.jpg","实体已登记到 MovieId 112，禁止自动复用","70","ManualReview","LowConfidence","置信度低于 80，仅供人工核对。","False","False"
"13246","4295","MIMK-107","E:\完成\MIMK-107.mp4","Preview","","","Z:\bcbcbcbc\ca-ES\LocalMediaManager\Previews\MIMK-107\MIMK-107_009.jpg","实体已登记到 MovieId 112，禁止自动复用","70","ManualReview","LowConfidence","置信度低于 80，仅供人工核对。","False","False"
"13246","4295","MIMK-107","E:\完成\MIMK-107.mp4","Preview","","","Z:\bcbcbcbc\ca-ES\LocalMediaManager\Previews\MIMK-107\MIMK-107_010.jpg","实体已登记到 MovieId 112，禁止自动复用","70","ManualReview","LowConfidence","置信度低于 80，仅供人工核对。","False","False"
"13246","4296","857OMG-030","F:\完成2\857OMG-030.mp4","Preview","","","Z:\bcbcbcbc\ca-ES\LocalMediaManager\Previews\857OMG-030\857OMG-030_001.jpg","实体已登记到 MovieId 2280，禁止自动复用","70","ManualReview","LowConfidence","置信度低于 80，仅供人工核对。","False","False"
"13246","4296","857OMG-030","F:\完成2\857OMG-030.mp4","Preview","","","Z:\bcbcbcbc\ca-ES\LocalMediaManager\Previews\857OMG-030\857OMG-030_002.jpg","实体已登记到 MovieId 2280，禁止自动复用","70","ManualReview","LowConfidence","置信度低于 80，仅供人工核对。","False","False"
"13246","4296","857OMG-030","F:\完成2\857OMG-030.mp4","Preview","","","Z:\bcbcbcbc\ca-ES\LocalMediaManager\Previews\857OMG-030\857OMG-030_003.jpg","实体已登记到 MovieId 2280，禁止自动复用","70","ManualReview","LowConfidence","置信度低于 80，仅供人工核对。","False","False"
"13246","4296","857OMG-030","F:\完成2\857OMG-030.mp4","Preview","","","Z:\bcbcbcbc\ca-ES\LocalMediaManager\Previews\857OMG-030\857OMG-030_004.jpg","实体已登记到 MovieId 2280，禁止自动复用","70","ManualReview","LowConfidence","置信度低于 80，仅供人工核对。","False","False"
"13246","4296","857OMG-030","F:\完成2\857OMG-030.mp4","Preview","","","Z:\bcbcbcbc\ca-ES\LocalMediaManager\Previews\857OMG-030\857OMG-030_005.jpg","实体已登记到 MovieId 2280，禁止自动复用","70","ManualReview","LowConfidence","置信度低于 80，仅供人工核对。","False","False"
"13246","4296","857OMG-030","F:\完成2\857OMG-030.mp4","Preview","","","Z:\bcbcbcbc\ca-ES\LocalMediaManager\Previews\857OMG-030\857OMG-030_006.jpg","实体已登记到 MovieId 2280，禁止自动复用","70","ManualReview","LowConfidence","置信度低于 80，仅供人工核对。","False","False"
"13246","4296","857OMG-030","F:\完成2\857OMG-030.mp4","Preview","","","Z:\bcbcbcbc\ca-ES\LocalMediaManager\Previews\857OMG-030\857OMG-030_007.jpg","实体已登记到 MovieId 2280，禁止自动复用","70","ManualReview","LowConfidence","置信度低于 80，仅供人工核对。","False","False"
"13246","4296","857OMG-030","F:\完成2\857OMG-030.mp4","Preview","","","Z:\bcbcbcbc\ca-ES\LocalMediaManager\Previews\857OMG-030\857OMG-030_008.jpg","实体已登记到 MovieId 2280，禁止自动复用","70","ManualReview","LowConfidence","置信度低于 80，仅供人工核对。","False","False"
"13246","4296","857OMG-030","F:\完成2\857OMG-030.mp4","Preview","","","Z:\bcbcbcbc\ca-ES\LocalMediaManager\Previews\857OMG-030\857OMG-030_009.jpg","实体已登记到 MovieId 2280，禁止自动复用","70","ManualReview","LowConfidence","置信度低于 80，仅供人工核对。","False","False"
"13246","4297","ABF-294","F:\完成2\ABF-294.mp4","Preview","","","Z:\bcbcbcbc\ca-ES\LocalMediaManager\Previews\ABF-294\ABF-294_001.jpg","实体已登记到 MovieId 2270，禁止自动复用","70","ManualReview","LowConfidence","置信度低于 80，仅供人工核对。","False","False"
"13246","4297","ABF-294","F:\完成2\ABF-294.mp4","Preview","","","Z:\bcbcbcbc\ca-ES\LocalMediaManager\Previews\ABF-294\ABF-294_002.jpg","实体已登记到 MovieId 2270，禁止自动复用","70","ManualReview","LowConfidence","置信度低于 80，仅供人工核对。","False","False"
"13246","4297","ABF-294","F:\完成2\ABF-294.mp4","Preview","","","Z:\bcbcbcbc\ca-ES\LocalMediaManager\Previews\ABF-294\ABF-294_003.jpg","实体已登记到 MovieId 2270，禁止自动复用","70","ManualReview","LowConfidence","置信度低于 80，仅供人工核对。","False","False"
"13246","4297","ABF-294","F:\完成2\ABF-294.mp4","Preview","","","Z:\bcbcbcbc\ca-ES\LocalMediaManager\Previews\ABF-294\ABF-294_004.jpg","实体已登记到 MovieId 2270，禁止自动复用","70","ManualReview","LowConfidence","置信度低于 80，仅供人工核对。","False","False"
"13246","4297","ABF-294","F:\完成2\ABF-294.mp4","Preview","","","Z:\bcbcbcbc\ca-ES\LocalMediaManager\Previews\ABF-294\ABF-294_005.jpg","实体已登记到 MovieId 2270，禁止自动复用","70","ManualReview","LowConfidence","置信度低于 80，仅供人工核对。","False","False"
"13246","4297","ABF-294","F:\完成2\ABF-294.mp4","Preview","","","Z:\bcbcbcbc\ca-ES\LocalMediaManager\Previews\ABF-294\ABF-294_006.jpg","实体已登记到 MovieId 2270，禁止自动复用","70","ManualReview","LowConfidence","置信度低于 80，仅供人工核对。","False","False"
"13246","4297","ABF-294","F:\完成2\ABF-294.mp4","Preview","","","Z:\bcbcbcbc\ca-ES\LocalMediaManager\Previews\ABF-294\ABF-294_007.jpg","实体已登记到 MovieId 2270，禁止自动复用","70","ManualReview","LowConfidence","置信度低于 80，仅供人工核对。","False","False"
"13246","4297","ABF-294","F:\完成2\ABF-294.mp4","Preview","","","Z:\bcbcbcbc\ca-ES\LocalMediaManager\Previews\ABF-294\ABF-294_008.jpg","实体已登记到 MovieId 2270，禁止自动复用","70","ManualReview","LowConfidence","置信度低于 80，仅供人工核对。","False","False"
"13246","4297","ABF-294","F:\完成2\ABF-294.mp4","Preview","","","Z:\bcbcbcbc\ca-ES\LocalMediaManager\Previews\ABF-294\ABF-294_009.jpg","实体已登记到 MovieId 2270，禁止自动复用","70","ManualReview","LowConfidence","置信度低于 80，仅供人工核对。","False","False"
"13246","4297","ABF-294","F:\完成2\ABF-294.mp4","Preview","","","Z:\bcbcbcbc\ca-ES\LocalMediaManager\Previews\ABF-294\ABF-294_010.jpg","实体已登记到 MovieId 2270，禁止自动复用","70","ManualReview","LowConfidence","置信度低于 80，仅供人工核对。","False","False"
"13246","4298","ABF-309","F:\完成2\ABF-309.mp4","Preview","","","Z:\bcbcbcbc\ca-ES\LocalMediaManager\Previews\ABF-309\ABF-309_001.jpg","实体已登记到 MovieId 2309，禁止自动复用","70","ManualReview","LowConfidence","置信度低于 80，仅供人工核对。","False","False"
"13246","4298","ABF-309","F:\完成2\ABF-309.mp4","Preview","","","Z:\bcbcbcbc\ca-ES\LocalMediaManager\Previews\ABF-309\ABF-309_002.jpg","实体已登记到 MovieId 2309，禁止自动复用","70","ManualReview","LowConfidence","置信度低于 80，仅供人工核对。","False","False"
"13246","4298","ABF-309","F:\完成2\ABF-309.mp4","Preview","","","Z:\bcbcbcbc\ca-ES\LocalMediaManager\Previews\ABF-309\ABF-309_003.jpg","实体已登记到 MovieId 2309，禁止自动复用","70","ManualReview","LowConfidence","置信度低于 80，仅供人工核对。","False","False"
"13246","4298","ABF-309","F:\完成2\ABF-309.mp4","Preview","","","Z:\bcbcbcbc\ca-ES\LocalMediaManager\Previews\ABF-309\ABF-309_004.jpg","实体已登记到 MovieId 2309，禁止自动复用","70","ManualReview","LowConfidence","置信度低于 80，仅供人工核对。","False","False"
"13246","4298","ABF-309","F:\完成2\ABF-309.mp4","Preview","","","Z:\bcbcbcbc\ca-ES\LocalMediaManager\Previews\ABF-309\ABF-309_005.jpg","实体已登记到 MovieId 2309，禁止自动复用","70","ManualReview","LowConfidence","置信度低于 80，仅供人工核对。","False","False"
"13246","4298","ABF-309","F:\完成2\ABF-309.mp4","Preview","","","Z:\bcbcbcbc\ca-ES\LocalMediaManager\Previews\ABF-309\ABF-309_006.jpg","实体已登记到 MovieId 2309，禁止自动复用","70","ManualReview","LowConfidence","置信度低于 80，仅供人工核对。","False","False"
"13246","4298","ABF-309","F:\完成2\ABF-309.mp4","Preview","","","Z:\bcbcbcbc\ca-ES\LocalMediaManager\Previews\ABF-309\ABF-309_007.jpg","实体已登记到 MovieId 2309，禁止自动复用","70","ManualReview","LowConfidence","置信度低于 80，仅供人工核对。","False","False"
"13246","4298","ABF-309","F:\完成2\ABF-309.mp4","Preview","","","Z:\bcbcbcbc\ca-ES\LocalMediaManager\Previews\ABF-309\ABF-309_008.jpg","实体已登记到 MovieId 2309，禁止自动复用","70","ManualReview","LowConfidence","置信度低于 80，仅供人工核对。","False","False"
"13246","4298","ABF-309","F:\完成2\ABF-309.mp4","Preview","","","Z:\bcbcbcbc\ca-ES\LocalMediaManager\Previews\ABF-309\ABF-309_009.jpg","实体已登记到 MovieId 2309，禁止自动复用","70","ManualReview","LowConfidence","置信度低于 80，仅供人工核对。","False","False"
"13246","4298","ABF-309","F:\完成2\ABF-309.mp4","Preview","","","Z:\bcbcbcbc\ca-ES\LocalMediaManager\Previews\ABF-309\ABF-309_010.jpg","实体已登记到 MovieId 2309，禁止自动复用","70","ManualReview","LowConfidence","置信度低于 80，仅供人工核对。","False","False"
"13246","4298","ABF-309","F:\完成2\ABF-309.mp4","Preview","","","Z:\bcbcbcbc\ca-ES\LocalMediaManager\Previews\ABF-309\ABF-309_011.jpg","实体已登记到 MovieId 2309，禁止自动复用","70","ManualReview","LowConfidence","置信度低于 80，仅供人工核对。","False","False"
"13246","4300","CAWB-001","F:\完成2\CAWB-001.mp4","Preview","","","Z:\bcbcbcbc\ca-ES\LocalMediaManager\Previews\CAWB-001\CAWB-001_001.jpg","实体已登记到 MovieId 2339，禁止自动复用","70","ManualReview","LowConfidence","置信度低于 80，仅供人工核对。","False","False"
"13246","4300","CAWB-001","F:\完成2\CAWB-001.mp4","Preview","","","Z:\bcbcbcbc\ca-ES\LocalMediaManager\Previews\CAWB-001\CAWB-001_002.jpg","实体已登记到 MovieId 2339，禁止自动复用","70","ManualReview","LowConfidence","置信度低于 80，仅供人工核对。","False","False"
"13246","4300","CAWB-001","F:\完成2\CAWB-001.mp4","Preview","","","Z:\bcbcbcbc\ca-ES\LocalMediaManager\Previews\CAWB-001\CAWB-001_003.jpg","实体已登记到 MovieId 2339，禁止自动复用","70","ManualReview","LowConfidence","置信度低于 80，仅供人工核对。","False","False"
"13246","4300","CAWB-001","F:\完成2\CAWB-001.mp4","Preview","","","Z:\bcbcbcbc\ca-ES\LocalMediaManager\Previews\CAWB-001\CAWB-001_004.jpg","实体已登记到 MovieId 2339，禁止自动复用","70","ManualReview","LowConfidence","置信度低于 80，仅供人工核对。","False","False"
"13246","4300","CAWB-001","F:\完成2\CAWB-001.mp4","Preview","","","Z:\bcbcbcbc\ca-ES\LocalMediaManager\Previews\CAWB-001\CAWB-001_005.jpg","实体已登记到 MovieId 2339，禁止自动复用","70","ManualReview","LowConfidence","置信度低于 80，仅供人工核对。","False","False"
"13246","4300","CAWB-001","F:\完成2\CAWB-001.mp4","Preview","","","Z:\bcbcbcbc\ca-ES\LocalMediaManager\Previews\CAWB-001\CAWB-001_006.jpg","实体已登记到 MovieId 2339，禁止自动复用","70","ManualReview","LowConfidence","置信度低于 80，仅供人工核对。","False","False"
"13246","4300","CAWB-001","F:\完成2\CAWB-001.mp4","Preview","","","Z:\bcbcbcbc\ca-ES\LocalMediaManager\Previews\CAWB-001\CAWB-001_007.jpg","实体已登记到 MovieId 2339，禁止自动复用","70","ManualReview","LowConfidence","置信度低于 80，仅供人工核对。","False","False"
"13246","4300","CAWB-001","F:\完成2\CAWB-001.mp4","Preview","","","Z:\bcbcbcbc\ca-ES\LocalMediaManager\Previews\CAWB-001\CAWB-001_008.jpg","实体已登记到 MovieId 2339，禁止自动复用","70","ManualReview","LowConfidence","置信度低于 80，仅供人工核对。","False","False"
"13246","4300","CAWB-001","F:\完成2\CAWB-001.mp4","Preview","","","Z:\bcbcbcbc\ca-ES\LocalMediaManager\Previews\CAWB-001\CAWB-001_009.jpg","实体已登记到 MovieId 2339，禁止自动复用","70","ManualReview","LowConfidence","置信度低于 80，仅供人工核对。","False","False"
"13246","4300","CAWB-001","F:\完成2\CAWB-001.mp4","Preview","","","Z:\bcbcbcbc\ca-ES\LocalMediaManager\Previews\CAWB-001\CAWB-001_010.jpg","实体已登记到 MovieId 2339，禁止自动复用","70","ManualReview","LowConfidence","置信度低于 80，仅供人工核对。","False","False"
"13246","4300","CAWB-001","F:\完成2\CAWB-001.mp4","Preview","","","Z:\bcbcbcbc\ca-ES\LocalMediaManager\Previews\CAWB-001\CAWB-001_011.jpg","实体已登记到 MovieId 2339，禁止自动复用","70","ManualReview","LowConfidence","置信度低于 80，仅供人工核对。","False","False"
"13246","4300","CAWB-001","F:\完成2\CAWB-001.mp4","Preview","","","Z:\bcbcbcbc\ca-ES\LocalMediaManager\Previews\CAWB-001\CAWB-001_012.jpg","实体已登记到 MovieId 2339，禁止自动复用","70","ManualReview","LowConfidence","置信度低于 80，仅供人工核对。","False","False"
"13246","4300","CAWB-001","F:\完成2\CAWB-001.mp4","Preview","","","Z:\bcbcbcbc\ca-ES\LocalMediaManager\Previews\CAWB-001\CAWB-001_013.jpg","实体已登记到 MovieId 2339，禁止自动复用","70","ManualReview","LowConfidence","置信度低于 80，仅供人工核对。","False","False"
"13246","4300","CAWB-001","F:\完成2\CAWB-001.mp4","Preview","","","Z:\bcbcbcbc\ca-ES\LocalMediaManager\Previews\CAWB-001\CAWB-001_014.jpg","实体已登记到 MovieId 2339，禁止自动复用","70","ManualReview","LowConfidence","置信度低于 80，仅供人工核对。","False","False"
"13246","4300","CAWB-001","F:\完成2\CAWB-001.mp4","Preview","","","Z:\bcbcbcbc\ca-ES\LocalMediaManager\Previews\CAWB-001\CAWB-001_015.jpg","实体已登记到 MovieId 2339，禁止自动复用","70","ManualReview","LowConfidence","置信度低于 80，仅供人工核对。","False","False"
"13246","4301","CAWD-906","F:\完成2\CAWD-906.mp4","Preview","","","Z:\bcbcbcbc\ca-ES\LocalMediaManager\Previews\CAWD-906\CAWD-906_001.jpg","实体已登记到 MovieId 2979，禁止自动复用","70","ManualReview","LowConfidence","置信度低于 80，仅供人工核对。","False","False"
"13246","4301","CAWD-906","F:\完成2\CAWD-906.mp4","Preview","","","Z:\bcbcbcbc\ca-ES\LocalMediaManager\Previews\CAWD-906\CAWD-906_002.jpg","实体已登记到 MovieId 2979，禁止自动复用","70","ManualReview","LowConfidence","置信度低于 80，仅供人工核对。","False","False"
"13246","4301","CAWD-906","F:\完成2\CAWD-906.mp4","Preview","","","Z:\bcbcbcbc\ca-ES\LocalMediaManager\Previews\CAWD-906\CAWD-906_003.jpg","实体已登记到 MovieId 2979，禁止自动复用","70","ManualReview","LowConfidence","置信度低于 80，仅供人工核对。","False","False"
"13246","4301","CAWD-906","F:\完成2\CAWD-906.mp4","Preview","","","Z:\bcbcbcbc\ca-ES\LocalMediaManager\Previews\CAWD-906\CAWD-906_004.jpg","实体已登记到 MovieId 2979，禁止自动复用","70","ManualReview","LowConfidence","置信度低于 80，仅供人工核对。","False","False"
"13246","4301","CAWD-906","F:\完成2\CAWD-906.mp4","Preview","","","Z:\bcbcbcbc\ca-ES\LocalMediaManager\Previews\CAWD-906\CAWD-906_005.jpg","实体已登记到 MovieId 2979，禁止自动复用","70","ManualReview","LowConfidence","置信度低于 80，仅供人工核对。","False","False"
"13246","4301","CAWD-906","F:\完成2\CAWD-906.mp4","Preview","","","Z:\bcbcbcbc\ca-ES\LocalMediaManager\Previews\CAWD-906\CAWD-906_006.jpg","实体已登记到 MovieId 2979，禁止自动复用","70","ManualReview","LowConfidence","置信度低于 80，仅供人工核对。","False","False"
"13246","4301","CAWD-906","F:\完成2\CAWD-906.mp4","Preview","","","Z:\bcbcbcbc\ca-ES\LocalMediaManager\Previews\CAWD-906\CAWD-906_007.jpg","实体已登记到 MovieId 2979，禁止自动复用","70","ManualReview","LowConfidence","置信度低于 80，仅供人工核对。","False","False"
"13246","4301","CAWD-906","F:\完成2\CAWD-906.mp4","Preview","","","Z:\bcbcbcbc\ca-ES\LocalMediaManager\Previews\CAWD-906\CAWD-906_008.jpg","实体已登记到 MovieId 2979，禁止自动复用","70","ManualReview","LowConfidence","置信度低于 80，仅供人工核对。","False","False"
"13246","4301","CAWD-906","F:\完成2\CAWD-906.mp4","Preview","","","Z:\bcbcbcbc\ca-ES\LocalMediaManager\Previews\CAWD-906\CAWD-906_009.jpg","实体已登记到 MovieId 2979，禁止自动复用","70","ManualReview","LowConfidence","置信度低于 80，仅供人工核对。","False","False"
"13246","4301","CAWD-906","F:\完成2\CAWD-906.mp4","Preview","","","Z:\bcbcbcbc\ca-ES\LocalMediaManager\Previews\CAWD-906\CAWD-906_010.jpg","实体已登记到 MovieId 2979，禁止自动复用","70","ManualReview","LowConfidence","置信度低于 80，仅供人工核对。","False","False"
"13246","4301","CAWD-906","F:\完成2\CAWD-906.mp4","Preview","","","Z:\bcbcbcbc\ca-ES\LocalMediaManager\Previews\CAWD-906\CAWD-906_011.jpg","实体已登记到 MovieId 2979，禁止自动复用","70","ManualReview","LowConfidence","置信度低于 80，仅供人工核对。","False","False"
"13246","4301","CAWD-906","F:\完成2\CAWD-906.mp4","Preview","","","Z:\bcbcbcbc\ca-ES\LocalMediaManager\Previews\CAWD-906\CAWD-906_012.jpg","实体已登记到 MovieId 2979，禁止自动复用","70","ManualReview","LowConfidence","置信度低于 80，仅供人工核对。","False","False"
"13246","4301","CAWD-906","F:\完成2\CAWD-906.mp4","Preview","","","Z:\bcbcbcbc\ca-ES\LocalMediaManager\Previews\CAWD-906\CAWD-906_013.jpg","实体已登记到 MovieId 2979，禁止自动复用","70","ManualReview","LowConfidence","置信度低于 80，仅供人工核对。","False","False"
"13246","4302","CHN-207","F:\完成2\CHN-207.mp4","Fanart","","","Z:\bcbcbcbc\ca-ES\LocalMediaManager\Fanart\CHN-207.jpg","文件名与当前视频文件名完全一致","100","RegisterImage","Safe","唯一高置信度实体，可在确认后建立或修正关联。","True","False"
"13246","4302","CHN-207","F:\完成2\CHN-207.mp4","Poster","","","Z:\bcbcbcbc\ca-ES\LocalMediaManager\Covers\CHN-207.jpg","文件名与当前视频文件名完全一致","100","RegisterImage","Safe","唯一高置信度实体，可在确认后建立或修正关联。","True","False"
"13246","4302","CHN-207","F:\完成2\CHN-207.mp4","Preview","","","Z:\bcbcbcbc\ca-ES\LocalMediaManager\Previews\CHN-207\01.jpg","位于标准化番号同名资源目录","90","RegisterImage","Safe","唯一高置信度实体，可在确认后建立或修正关联。","True","False"
"13246","4302","CHN-207","F:\完成2\CHN-207.mp4","Preview","","","Z:\bcbcbcbc\ca-ES\LocalMediaManager\Previews\CHN-207\02.jpg","位于标准化番号同名资源目录","90","RegisterImage","Safe","唯一高置信度实体，可在确认后建立或修正关联。","True","False"
"13246","4302","CHN-207","F:\完成2\CHN-207.mp4","Preview","","","Z:\bcbcbcbc\ca-ES\LocalMediaManager\Previews\CHN-207\03.jpg","位于标准化番号同名资源目录","90","RegisterImage","Safe","唯一高置信度实体，可在确认后建立或修正关联。","True","False"
"13246","4302","CHN-207","F:\完成2\CHN-207.mp4","Preview","","","Z:\bcbcbcbc\ca-ES\LocalMediaManager\Previews\CHN-207\04.jpg","位于标准化番号同名资源目录","90","RegisterImage","Safe","唯一高置信度实体，可在确认后建立或修正关联。","True","False"
"13246","4302","CHN-207","F:\完成2\CHN-207.mp4","Preview","","","Z:\bcbcbcbc\ca-ES\LocalMediaManager\Previews\CHN-207\05.jpg","位于标准化番号同名资源目录","90","RegisterImage","Safe","唯一高置信度实体，可在确认后建立或修正关联。","True","False"
"13246","4302","CHN-207","F:\完成2\CHN-207.mp4","Preview","","","Z:\bcbcbcbc\ca-ES\LocalMediaManager\Previews\CHN-207\06.jpg","位于标准化番号同名资源目录","90","RegisterImage","Safe","唯一高置信度实体，可在确认后建立或修正关联。","True","False"
"13246","4302","CHN-207","F:\完成2\CHN-207.mp4","Preview","","","Z:\bcbcbcbc\ca-ES\LocalMediaManager\Previews\CHN-207\07.jpg","位于标准化番号同名资源目录","90","RegisterImage","Safe","唯一高置信度实体，可在确认后建立或修正关联。","True","False"
"13246","4302","CHN-207","F:\完成2\CHN-207.mp4","Preview","","","Z:\bcbcbcbc\ca-ES\LocalMediaManager\Previews\CHN-207\08.jpg","位于标准化番号同名资源目录","90","RegisterImage","Safe","唯一高置信度实体，可在确认后建立或修正关联。","True","False"
"13246","4302","CHN-207","F:\完成2\CHN-207.mp4","Preview","","","Z:\bcbcbcbc\ca-ES\LocalMediaManager\Previews\CHN-207\09.jpg","位于标准化番号同名资源目录","90","RegisterImage","Safe","唯一高置信度实体，可在确认后建立或修正关联。","True","False"
"13246","4302","CHN-207","F:\完成2\CHN-207.mp4","Preview","","","Z:\bcbcbcbc\ca-ES\LocalMediaManager\Previews\CHN-207\10.jpg","位于标准化番号同名资源目录","90","RegisterImage","Safe","唯一高置信度实体，可在确认后建立或修正关联。","True","False"
"13246","4302","CHN-207","F:\完成2\CHN-207.mp4","Preview","","","Z:\bcbcbcbc\ca-ES\LocalMediaManager\Previews\CHN-207\11.jpg","位于标准化番号同名资源目录","90","RegisterImage","Safe","唯一高置信度实体，可在确认后建立或修正关联。","True","False"
"13246","4302","CHN-207","F:\完成2\CHN-207.mp4","Preview","","","Z:\bcbcbcbc\ca-ES\LocalMediaManager\Previews\CHN-207\12.jpg","位于标准化番号同名资源目录","90","RegisterImage","Safe","唯一高置信度实体，可在确认后建立或修正关联。","True","False"
"13246","4302","CHN-207","F:\完成2\CHN-207.mp4","Preview","","","Z:\bcbcbcbc\ca-ES\LocalMediaManager\Previews\CHN-207\13.jpg","位于标准化番号同名资源目录","90","RegisterImage","Safe","唯一高置信度实体，可在确认后建立或修正关联。","True","False"
"13246","4302","CHN-207","F:\完成2\CHN-207.mp4","Preview","","","Z:\bcbcbcbc\ca-ES\LocalMediaManager\Previews\CHN-207\CHN-207_001.jpg","实体已登记到 MovieId 2447，禁止自动复用","70","ManualReview","LowConfidence","置信度低于 80，仅供人工核对。","False","False"
"13246","4302","CHN-207","F:\完成2\CHN-207.mp4","Preview","","","Z:\bcbcbcbc\ca-ES\LocalMediaManager\Previews\CHN-207\CHN-207_002.jpg","实体已登记到 MovieId 2447，禁止自动复用","70","ManualReview","LowConfidence","置信度低于 80，仅供人工核对。","False","False"
"13246","4302","CHN-207","F:\完成2\CHN-207.mp4","Preview","","","Z:\bcbcbcbc\ca-ES\LocalMediaManager\Previews\CHN-207\CHN-207_003.jpg","实体已登记到 MovieId 2447，禁止自动复用","70","ManualReview","LowConfidence","置信度低于 80，仅供人工核对。","False","False"
"13246","4302","CHN-207","F:\完成2\CHN-207.mp4","Preview","","","Z:\bcbcbcbc\ca-ES\LocalMediaManager\Previews\CHN-207\CHN-207_004.jpg","实体已登记到 MovieId 2447，禁止自动复用","70","ManualReview","LowConfidence","置信度低于 80，仅供人工核对。","False","False"
"13246","4302","CHN-207","F:\完成2\CHN-207.mp4","Preview","","","Z:\bcbcbcbc\ca-ES\LocalMediaManager\Previews\CHN-207\CHN-207_005.jpg","实体已登记到 MovieId 2447，禁止自动复用","70","ManualReview","LowConfidence","置信度低于 80，仅供人工核对。","False","False"
"13246","4302","CHN-207","F:\完成2\CHN-207.mp4","Preview","","","Z:\bcbcbcbc\ca-ES\LocalMediaManager\Previews\CHN-207\CHN-207_006.jpg","实体已登记到 MovieId 2447，禁止自动复用","70","ManualReview","LowConfidence","置信度低于 80，仅供人工核对。","False","False"
"13246","4302","CHN-207","F:\完成2\CHN-207.mp4","Preview","","","Z:\bcbcbcbc\ca-ES\LocalMediaManager\Previews\CHN-207\CHN-207_007.jpg","实体已登记到 MovieId 2447，禁止自动复用","70","ManualReview","LowConfidence","置信度低于 80，仅供人工核对。","False","False"
"13246","4302","CHN-207","F:\完成2\CHN-207.mp4","Preview","","","Z:\bcbcbcbc\ca-ES\LocalMediaManager\Previews\CHN-207\CHN-207_008.jpg","实体已登记到 MovieId 2447，禁止自动复用","70","ManualReview","LowConfidence","置信度低于 80，仅供人工核对。","False","False"
"13246","4302","CHN-207","F:\完成2\CHN-207.mp4","Preview","","","Z:\bcbcbcbc\ca-ES\LocalMediaManager\Previews\CHN-207\CHN-207_009.jpg","实体已登记到 MovieId 2447，禁止自动复用","70","ManualReview","LowConfidence","置信度低于 80，仅供人工核对。","False","False"
"13246","4302","CHN-207","F:\完成2\CHN-207.mp4","Preview","","","Z:\bcbcbcbc\ca-ES\LocalMediaManager\Previews\CHN-207\CHN-207_010.jpg","实体已登记到 MovieId 2447，禁止自动复用","70","ManualReview","LowConfidence","置信度低于 80，仅供人工核对。","False","False"
"13246","4302","CHN-207","F:\完成2\CHN-207.mp4","Preview","","","Z:\bcbcbcbc\ca-ES\LocalMediaManager\Previews\CHN-207\CHN-207_011.jpg","实体已登记到 MovieId 2447，禁止自动复用","70","ManualReview","LowConfidence","置信度低于 80，仅供人工核对。","False","False"
"13246","4302","CHN-207","F:\完成2\CHN-207.mp4","Preview","","","Z:\bcbcbcbc\ca-ES\LocalMediaManager\Previews\CHN-207\CHN-207_012.jpg","实体已登记到 MovieId 2447，禁止自动复用","70","ManualReview","LowConfidence","置信度低于 80，仅供人工核对。","False","False"
"13246","4302","CHN-207","F:\完成2\CHN-207.mp4","Preview","","","Z:\bcbcbcbc\ca-ES\LocalMediaManager\Previews\CHN-207\CHN-207_013.jpg","实体已登记到 MovieId 2447，禁止自动复用","70","ManualReview","LowConfidence","置信度低于 80，仅供人工核对。","False","False"
"13246","4303","DDH-358","F:\完成2\DDH-358.mp4","Preview","","","Z:\bcbcbcbc\ca-ES\LocalMediaManager\Previews\DDH-358\DDH-358_001.jpg","实体已登记到 MovieId 2348，禁止自动复用","70","ManualReview","LowConfidence","置信度低于 80，仅供人工核对。","False","False"
"13246","4303","DDH-358","F:\完成2\DDH-358.mp4","Preview","","","Z:\bcbcbcbc\ca-ES\LocalMediaManager\Previews\DDH-358\DDH-358_002.jpg","实体已登记到 MovieId 2348，禁止自动复用","70","ManualReview","LowConfidence","置信度低于 80，仅供人工核对。","False","False"
"13246","4303","DDH-358","F:\完成2\DDH-358.mp4","Preview","","","Z:\bcbcbcbc\ca-ES\LocalMediaManager\Previews\DDH-358\DDH-358_003.jpg","实体已登记到 MovieId 2348，禁止自动复用","70","ManualReview","LowConfidence","置信度低于 80，仅供人工核对。","False","False"
"13246","4303","DDH-358","F:\完成2\DDH-358.mp4","Preview","","","Z:\bcbcbcbc\ca-ES\LocalMediaManager\Previews\DDH-358\DDH-358_004.jpg","实体已登记到 MovieId 2348，禁止自动复用","70","ManualReview","LowConfidence","置信度低于 80，仅供人工核对。","False","False"
"13246","4303","DDH-358","F:\完成2\DDH-358.mp4","Preview","","","Z:\bcbcbcbc\ca-ES\LocalMediaManager\Previews\DDH-358\DDH-358_005.jpg","实体已登记到 MovieId 2348，禁止自动复用","70","ManualReview","LowConfidence","置信度低于 80，仅供人工核对。","False","False"
"13246","4304","DLV-002","F:\完成2\DLV-002.mp4","Preview","","","Z:\bcbcbcbc\ca-ES\LocalMediaManager\Previews\DLV-002\DLV-002_001.jpg","实体已登记到 MovieId 1767，禁止自动复用","70","ManualReview","LowConfidence","置信度低于 80，仅供人工核对。","False","False"
"13246","4304","DLV-002","F:\完成2\DLV-002.mp4","Preview","","","Z:\bcbcbcbc\ca-ES\LocalMediaManager\Previews\DLV-002\DLV-002_002.jpg","实体已登记到 MovieId 1767，禁止自动复用","70","ManualReview","LowConfidence","置信度低于 80，仅供人工核对。","False","False"
"13246","4304","DLV-002","F:\完成2\DLV-002.mp4","Preview","","","Z:\bcbcbcbc\ca-ES\LocalMediaManager\Previews\DLV-002\DLV-002_003.jpg","实体已登记到 MovieId 1767，禁止自动复用","70","ManualReview","LowConfidence","置信度低于 80，仅供人工核对。","False","False"
"13246","4304","DLV-002","F:\完成2\DLV-002.mp4","Preview","","","Z:\bcbcbcbc\ca-ES\LocalMediaManager\Previews\DLV-002\DLV-002_004.jpg","实体已登记到 MovieId 1767，禁止自动复用","70","ManualReview","LowConfidence","置信度低于 80，仅供人工核对。","False","False"
"13246","4304","DLV-002","F:\完成2\DLV-002.mp4","Preview","","","Z:\bcbcbcbc\ca-ES\LocalMediaManager\Previews\DLV-002\DLV-002_005.jpg","实体已登记到 MovieId 1767，禁止自动复用","70","ManualReview","LowConfidence","置信度低于 80，仅供人工核对。","False","False"
"13246","4304","DLV-002","F:\完成2\DLV-002.mp4","Preview","","","Z:\bcbcbcbc\ca-ES\LocalMediaManager\Previews\DLV-002\DLV-002_006.jpg","实体已登记到 MovieId 1767，禁止自动复用","70","ManualReview","LowConfidence","置信度低于 80，仅供人工核对。","False","False"
"13246","4304","DLV-002","F:\完成2\DLV-002.mp4","Preview","","","Z:\bcbcbcbc\ca-ES\LocalMediaManager\Previews\DLV-002\DLV-002_007.jpg","实体已登记到 MovieId 1767，禁止自动复用","70","ManualReview","LowConfidence","置信度低于 80，仅供人工核对。","False","False"
"13246","4304","DLV-002","F:\完成2\DLV-002.mp4","Preview","","","Z:\bcbcbcbc\ca-ES\LocalMediaManager\Previews\DLV-002\DLV-002_008.jpg","实体已登记到 MovieId 1767，禁止自动复用","70","ManualReview","LowConfidence","置信度低于 80，仅供人工核对。","False","False"
"13246","4304","DLV-002","F:\完成2\DLV-002.mp4","Preview","","","Z:\bcbcbcbc\ca-ES\LocalMediaManager\Previews\DLV-002\DLV-002_009.jpg","实体已登记到 MovieId 1767，禁止自动复用","70","ManualReview","LowConfidence","置信度低于 80，仅供人工核对。","False","False"
"13246","4304","DLV-002","F:\完成2\DLV-002.mp4","Preview","","","Z:\bcbcbcbc\ca-ES\LocalMediaManager\Previews\DLV-002\DLV-002_010.jpg","实体已登记到 MovieId 1767，禁止自动复用","70","ManualReview","LowConfidence","置信度低于 80，仅供人工核对。","False","False"
"13246","4304","DLV-002","F:\完成2\DLV-002.mp4","Preview","","","Z:\bcbcbcbc\ca-ES\LocalMediaManager\Previews\DLV-002\DLV-002_011.jpg","实体已登记到 MovieId 1767，禁止自动复用","70","ManualReview","LowConfidence","置信度低于 80，仅供人工核对。","False","False"
"13246","4305","FSDSS-999","F:\完成2\FSDSS-999.mp4","Preview","","","Z:\bcbcbcbc\ca-ES\LocalMediaManager\Previews\FSDSS-999\FSDSS-999_001.jpg","实体已登记到 MovieId 2363，禁止自动复用","70","ManualReview","LowConfidence","置信度低于 80，仅供人工核对。","False","False"
"13246","4305","FSDSS-999","F:\完成2\FSDSS-999.mp4","Preview","","","Z:\bcbcbcbc\ca-ES\LocalMediaManager\Previews\FSDSS-999\FSDSS-999_002.jpg","实体已登记到 MovieId 2363，禁止自动复用","70","ManualReview","LowConfidence","置信度低于 80，仅供人工核对。","False","False"
"13246","4305","FSDSS-999","F:\完成2\FSDSS-999.mp4","Preview","","","Z:\bcbcbcbc\ca-ES\LocalMediaManager\Previews\FSDSS-999\FSDSS-999_003.jpg","实体已登记到 MovieId 2363，禁止自动复用","70","ManualReview","LowConfidence","置信度低于 80，仅供人工核对。","False","False"
"13246","4305","FSDSS-999","F:\完成2\FSDSS-999.mp4","Preview","","","Z:\bcbcbcbc\ca-ES\LocalMediaManager\Previews\FSDSS-999\FSDSS-999_004.jpg","实体已登记到 MovieId 2363，禁止自动复用","70","ManualReview","LowConfidence","置信度低于 80，仅供人工核对。","False","False"
"13246","4305","FSDSS-999","F:\完成2\FSDSS-999.mp4","Preview","","","Z:\bcbcbcbc\ca-ES\LocalMediaManager\Previews\FSDSS-999\FSDSS-999_005.jpg","实体已登记到 MovieId 2363，禁止自动复用","70","ManualReview","LowConfidence","置信度低于 80，仅供人工核对。","False","False"
"13246","4305","FSDSS-999","F:\完成2\FSDSS-999.mp4","Preview","","","Z:\bcbcbcbc\ca-ES\LocalMediaManager\Previews\FSDSS-999\FSDSS-999_006.jpg","实体已登记到 MovieId 2363，禁止自动复用","70","ManualReview","LowConfidence","置信度低于 80，仅供人工核对。","False","False"
"13246","4305","FSDSS-999","F:\完成2\FSDSS-999.mp4","Preview","","","Z:\bcbcbcbc\ca-ES\LocalMediaManager\Previews\FSDSS-999\FSDSS-999_007.jpg","实体已登记到 MovieId 2363，禁止自动复用","70","ManualReview","LowConfidence","置信度低于 80，仅供人工核对。","False","False"
"13246","4305","FSDSS-999","F:\完成2\FSDSS-999.mp4","Preview","","","Z:\bcbcbcbc\ca-ES\LocalMediaManager\Previews\FSDSS-999\FSDSS-999_008.jpg","实体已登记到 MovieId 2363，禁止自动复用","70","ManualReview","LowConfidence","置信度低于 80，仅供人工核对。","False","False"
"13246","4305","FSDSS-999","F:\完成2\FSDSS-999.mp4","Preview","","","Z:\bcbcbcbc\ca-ES\LocalMediaManager\Previews\FSDSS-999\FSDSS-999_009.jpg","实体已登记到 MovieId 2363，禁止自动复用","70","ManualReview","LowConfidence","置信度低于 80，仅供人工核对。","False","False"
"13246","4305","FSDSS-999","F:\完成2\FSDSS-999.mp4","Preview","","","Z:\bcbcbcbc\ca-ES\LocalMediaManager\Previews\FSDSS-999\FSDSS-999_010.jpg","实体已登记到 MovieId 2363，禁止自动复用","70","ManualReview","LowConfidence","置信度低于 80，仅供人工核对。","False","False"
"13246","4308","WAAA-658","F:\完成2\WAAA-658.mp4","Preview","","","Z:\bcbcbcbc\ca-ES\LocalMediaManager\Previews\WAAA-658\WAAA-658_001.jpg","实体已登记到 MovieId 2445，禁止自动复用","70","ManualReview","LowConfidence","置信度低于 80，仅供人工核对。","False","False"
"13246","4308","WAAA-658","F:\完成2\WAAA-658.mp4","Preview","","","Z:\bcbcbcbc\ca-ES\LocalMediaManager\Previews\WAAA-658\WAAA-658_002.jpg","实体已登记到 MovieId 2445，禁止自动复用","70","ManualReview","LowConfidence","置信度低于 80，仅供人工核对。","False","False"
"13246","4308","WAAA-658","F:\完成2\WAAA-658.mp4","Preview","","","Z:\bcbcbcbc\ca-ES\LocalMediaManager\Previews\WAAA-658\WAAA-658_003.jpg","实体已登记到 MovieId 2445，禁止自动复用","70","ManualReview","LowConfidence","置信度低于 80，仅供人工核对。","False","False"
"13246","4308","WAAA-658","F:\完成2\WAAA-658.mp4","Preview","","","Z:\bcbcbcbc\ca-ES\LocalMediaManager\Previews\WAAA-658\WAAA-658_004.jpg","实体已登记到 MovieId 2445，禁止自动复用","70","ManualReview","LowConfidence","置信度低于 80，仅供人工核对。","False","False"
"13246","4308","WAAA-658","F:\完成2\WAAA-658.mp4","Preview","","","Z:\bcbcbcbc\ca-ES\LocalMediaManager\Previews\WAAA-658\WAAA-658_005.jpg","实体已登记到 MovieId 2445，禁止自动复用","70","ManualReview","LowConfidence","置信度低于 80，仅供人工核对。","False","False"
"13246","4308","WAAA-658","F:\完成2\WAAA-658.mp4","Preview","","","Z:\bcbcbcbc\ca-ES\LocalMediaManager\Previews\WAAA-658\WAAA-658_006.jpg","实体已登记到 MovieId 2445，禁止自动复用","70","ManualReview","LowConfidence","置信度低于 80，仅供人工核对。","False","False"
"13246","4308","WAAA-658","F:\完成2\WAAA-658.mp4","Preview","","","Z:\bcbcbcbc\ca-ES\LocalMediaManager\Previews\WAAA-658\WAAA-658_007.jpg","实体已登记到 MovieId 2445，禁止自动复用","70","ManualReview","LowConfidence","置信度低于 80，仅供人工核对。","False","False"
"13246","4308","WAAA-658","F:\完成2\WAAA-658.mp4","Preview","","","Z:\bcbcbcbc\ca-ES\LocalMediaManager\Previews\WAAA-658\WAAA-658_008.jpg","实体已登记到 MovieId 2445，禁止自动复用","70","ManualReview","LowConfidence","置信度低于 80，仅供人工核对。","False","False"
"13246","4308","WAAA-658","F:\完成2\WAAA-658.mp4","Preview","","","Z:\bcbcbcbc\ca-ES\LocalMediaManager\Previews\WAAA-658\WAAA-658_009.jpg","实体已登记到 MovieId 2445，禁止自动复用","70","ManualReview","LowConfidence","置信度低于 80，仅供人工核对。","False","False"
"13246","4308","WAAA-658","F:\完成2\WAAA-658.mp4","Preview","","","Z:\bcbcbcbc\ca-ES\LocalMediaManager\Previews\WAAA-658\WAAA-658_010.jpg","实体已登记到 MovieId 2445，禁止自动复用","70","ManualReview","LowConfidence","置信度低于 80，仅供人工核对。","False","False"
"13246","4313","ABP-167","Z:\bcbcbcbc\ca-ES\data\未分类\ABP-167.mp4","Preview","","","Z:\bcbcbcbc\ca-ES\LocalMediaManager\Previews\ABP-167\ABP-167_001.jpg","实体已登记到 MovieId 365，禁止自动复用","70","ManualReview","LowConfidence","置信度低于 80，仅供人工核对。","False","False"
"13246","4313","ABP-167","Z:\bcbcbcbc\ca-ES\data\未分类\ABP-167.mp4","Preview","","","Z:\bcbcbcbc\ca-ES\LocalMediaManager\Previews\ABP-167\ABP-167_002.jpg","实体已登记到 MovieId 365，禁止自动复用","70","ManualReview","LowConfidence","置信度低于 80，仅供人工核对。","False","False"
"13246","4313","ABP-167","Z:\bcbcbcbc\ca-ES\data\未分类\ABP-167.mp4","Preview","","","Z:\bcbcbcbc\ca-ES\LocalMediaManager\Previews\ABP-167\ABP-167_003.jpg","实体已登记到 MovieId 365，禁止自动复用","70","ManualReview","LowConfidence","置信度低于 80，仅供人工核对。","False","False"
"13246","4313","ABP-167","Z:\bcbcbcbc\ca-ES\data\未分类\ABP-167.mp4","Preview","","","Z:\bcbcbcbc\ca-ES\LocalMediaManager\Previews\ABP-167\ABP-167_004.jpg","实体已登记到 MovieId 365，禁止自动复用","70","ManualReview","LowConfidence","置信度低于 80，仅供人工核对。","False","False"
"13246","4313","ABP-167","Z:\bcbcbcbc\ca-ES\data\未分类\ABP-167.mp4","Preview","","","Z:\bcbcbcbc\ca-ES\LocalMediaManager\Previews\ABP-167\ABP-167_005.jpg","实体已登记到 MovieId 365，禁止自动复用","70","ManualReview","LowConfidence","置信度低于 80，仅供人工核对。","False","False"
"13246","4313","ABP-167","Z:\bcbcbcbc\ca-ES\data\未分类\ABP-167.mp4","Preview","","","Z:\bcbcbcbc\ca-ES\LocalMediaManager\Previews\ABP-167\ABP-167_006.jpg","实体已登记到 MovieId 365，禁止自动复用","70","ManualReview","LowConfidence","置信度低于 80，仅供人工核对。","False","False"
"13246","4313","ABP-167","Z:\bcbcbcbc\ca-ES\data\未分类\ABP-167.mp4","Preview","","","Z:\bcbcbcbc\ca-ES\LocalMediaManager\Previews\ABP-167\ABP-167_007.jpg","实体已登记到 MovieId 365，禁止自动复用","70","ManualReview","LowConfidence","置信度低于 80，仅供人工核对。","False","False"
"13246","4313","ABP-167","Z:\bcbcbcbc\ca-ES\data\未分类\ABP-167.mp4","Preview","","","Z:\bcbcbcbc\ca-ES\LocalMediaManager\Previews\ABP-167\ABP-167_008.jpg","实体已登记到 MovieId 365，禁止自动复用","70","ManualReview","LowConfidence","置信度低于 80，仅供人工核对。","False","False"
"13246","4314","ABP-425","Z:\bcbcbcbc\ca-ES\data\未分类\ABP-425.mp4","Preview","","","Z:\bcbcbcbc\ca-ES\LocalMediaManager\Previews\ABP-425\ABP-425_001.jpg","实体已登记到 MovieId 363，禁止自动复用","70","ManualReview","LowConfidence","置信度低于 80，仅供人工核对。","False","False"
"13246","4314","ABP-425","Z:\bcbcbcbc\ca-ES\data\未分类\ABP-425.mp4","Preview","","","Z:\bcbcbcbc\ca-ES\LocalMediaManager\Previews\ABP-425\ABP-425_002.jpg","实体已登记到 MovieId 363，禁止自动复用","70","ManualReview","LowConfidence","置信度低于 80，仅供人工核对。","False","False"
"13246","4314","ABP-425","Z:\bcbcbcbc\ca-ES\data\未分类\ABP-425.mp4","Preview","","","Z:\bcbcbcbc\ca-ES\LocalMediaManager\Previews\ABP-425\ABP-425_003.jpg","实体已登记到 MovieId 363，禁止自动复用","70","ManualReview","LowConfidence","置信度低于 80，仅供人工核对。","False","False"
"13246","4314","ABP-425","Z:\bcbcbcbc\ca-ES\data\未分类\ABP-425.mp4","Preview","","","Z:\bcbcbcbc\ca-ES\LocalMediaManager\Previews\ABP-425\ABP-425_004.jpg","实体已登记到 MovieId 363，禁止自动复用","70","ManualReview","LowConfidence","置信度低于 80，仅供人工核对。","False","False"
"13246","4314","ABP-425","Z:\bcbcbcbc\ca-ES\data\未分类\ABP-425.mp4","Preview","","","Z:\bcbcbcbc\ca-ES\LocalMediaManager\Previews\ABP-425\ABP-425_005.jpg","实体已登记到 MovieId 363，禁止自动复用","70","ManualReview","LowConfidence","置信度低于 80，仅供人工核对。","False","False"
"13246","4314","ABP-425","Z:\bcbcbcbc\ca-ES\data\未分类\ABP-425.mp4","Preview","","","Z:\bcbcbcbc\ca-ES\LocalMediaManager\Previews\ABP-425\ABP-425_006.jpg","实体已登记到 MovieId 363，禁止自动复用","70","ManualReview","LowConfidence","置信度低于 80，仅供人工核对。","False","False"
"13246","4314","ABP-425","Z:\bcbcbcbc\ca-ES\data\未分类\ABP-425.mp4","Preview","","","Z:\bcbcbcbc\ca-ES\LocalMediaManager\Previews\ABP-425\ABP-425_007.jpg","实体已登记到 MovieId 363，禁止自动复用","70","ManualReview","LowConfidence","置信度低于 80，仅供人工核对。","False","False"
"13246","4314","ABP-425","Z:\bcbcbcbc\ca-ES\data\未分类\ABP-425.mp4","Preview","","","Z:\bcbcbcbc\ca-ES\LocalMediaManager\Previews\ABP-425\ABP-425_008.jpg","实体已登记到 MovieId 363，禁止自动复用","70","ManualReview","LowConfidence","置信度低于 80，仅供人工核对。","False","False"
"13246","4314","ABP-425","Z:\bcbcbcbc\ca-ES\data\未分类\ABP-425.mp4","Preview","","","Z:\bcbcbcbc\ca-ES\LocalMediaManager\Previews\ABP-425\ABP-425_009.jpg","实体已登记到 MovieId 363，禁止自动复用","70","ManualReview","LowConfidence","置信度低于 80，仅供人工核对。","False","False"
"13246","4314","ABP-425","Z:\bcbcbcbc\ca-ES\data\未分类\ABP-425.mp4","Preview","","","Z:\bcbcbcbc\ca-ES\LocalMediaManager\Previews\ABP-425\ABP-425_010.jpg","实体已登记到 MovieId 363，禁止自动复用","70","ManualReview","LowConfidence","置信度低于 80，仅供人工核对。","False","False"
"13246","4316","ABS-104","Z:\bcbcbcbc\ca-ES\data\未分类\ABS-104.mp4","Preview","","","Z:\bcbcbcbc\ca-ES\LocalMediaManager\Previews\ABS-104\ABS-104_001.jpg","实体已登记到 MovieId 423，禁止自动复用","70","ManualReview","LowConfidence","置信度低于 80，仅供人工核对。","False","False"
"13246","4316","ABS-104","Z:\bcbcbcbc\ca-ES\data\未分类\ABS-104.mp4","Preview","","","Z:\bcbcbcbc\ca-ES\LocalMediaManager\Previews\ABS-104\ABS-104_002.jpg","实体已登记到 MovieId 423，禁止自动复用","70","ManualReview","LowConfidence","置信度低于 80，仅供人工核对。","False","False"
"13246","4316","ABS-104","Z:\bcbcbcbc\ca-ES\data\未分类\ABS-104.mp4","Preview","","","Z:\bcbcbcbc\ca-ES\LocalMediaManager\Previews\ABS-104\ABS-104_003.jpg","实体已登记到 MovieId 423，禁止自动复用","70","ManualReview","LowConfidence","置信度低于 80，仅供人工核对。","False","False"
"13246","4316","ABS-104","Z:\bcbcbcbc\ca-ES\data\未分类\ABS-104.mp4","Preview","","","Z:\bcbcbcbc\ca-ES\LocalMediaManager\Previews\ABS-104\ABS-104_004.jpg","实体已登记到 MovieId 423，禁止自动复用","70","ManualReview","LowConfidence","置信度低于 80，仅供人工核对。","False","False"
"13246","4316","ABS-104","Z:\bcbcbcbc\ca-ES\data\未分类\ABS-104.mp4","Preview","","","Z:\bcbcbcbc\ca-ES\LocalMediaManager\Previews\ABS-104\ABS-104_005.jpg","实体已登记到 MovieId 423，禁止自动复用","70","ManualReview","LowConfidence","置信度低于 80，仅供人工核对。","False","False"
"13246","4316","ABS-104","Z:\bcbcbcbc\ca-ES\data\未分类\ABS-104.mp4","Preview","","","Z:\bcbcbcbc\ca-ES\LocalMediaManager\Previews\ABS-104\ABS-104_006.jpg","实体已登记到 MovieId 423，禁止自动复用","70","ManualReview","LowConfidence","置信度低于 80，仅供人工核对。","False","False"
"13246","4316","ABS-104","Z:\bcbcbcbc\ca-ES\data\未分类\ABS-104.mp4","Preview","","","Z:\bcbcbcbc\ca-ES\LocalMediaManager\Previews\ABS-104\ABS-104_007.jpg","实体已登记到 MovieId 423，禁止自动复用","70","ManualReview","LowConfidence","置信度低于 80，仅供人工核对。","False","False"
"13246","4316","ABS-104","Z:\bcbcbcbc\ca-ES\data\未分类\ABS-104.mp4","Preview","","","Z:\bcbcbcbc\ca-ES\LocalMediaManager\Previews\ABS-104\ABS-104_008.jpg","实体已登记到 MovieId 423，禁止自动复用","70","ManualReview","LowConfidence","置信度低于 80，仅供人工核对。","False","False"
"13246","4316","ABS-104","Z:\bcbcbcbc\ca-ES\data\未分类\ABS-104.mp4","Preview","","","Z:\bcbcbcbc\ca-ES\LocalMediaManager\Previews\ABS-104\ABS-104_009.jpg","实体已登记到 MovieId 423，禁止自动复用","70","ManualReview","LowConfidence","置信度低于 80，仅供人工核对。","False","False"
"13246","4316","ABS-104","Z:\bcbcbcbc\ca-ES\data\未分类\ABS-104.mp4","Preview","","","Z:\bcbcbcbc\ca-ES\LocalMediaManager\Previews\ABS-104\ABS-104_010.jpg","实体已登记到 MovieId 423，禁止自动复用","70","ManualReview","LowConfidence","置信度低于 80，仅供人工核对。","False","False"
"13246","4317","CAWD-629","Z:\bcbcbcbc\ca-ES\data\未分类\CAWD-629.mp4","Preview","","","Z:\bcbcbcbc\ca-ES\LocalMediaManager\Previews\CAWD-629\11.jpg","实体已登记到 MovieId 1532，禁止自动复用","70","ManualReview","LowConfidence","置信度低于 80，仅供人工核对。","False","False"
"13246","4317","CAWD-629","Z:\bcbcbcbc\ca-ES\data\未分类\CAWD-629.mp4","Preview","","","Z:\bcbcbcbc\ca-ES\LocalMediaManager\Previews\CAWD-629\12.jpg","实体已登记到 MovieId 1532，禁止自动复用","70","ManualReview","LowConfidence","置信度低于 80，仅供人工核对。","False","False"
"13246","4317","CAWD-629","Z:\bcbcbcbc\ca-ES\data\未分类\CAWD-629.mp4","Preview","","","Z:\bcbcbcbc\ca-ES\LocalMediaManager\Previews\CAWD-629\13.jpg","实体已登记到 MovieId 1532，禁止自动复用","70","ManualReview","LowConfidence","置信度低于 80，仅供人工核对。","False","False"
"13246","4317","CAWD-629","Z:\bcbcbcbc\ca-ES\data\未分类\CAWD-629.mp4","Preview","","","Z:\bcbcbcbc\ca-ES\LocalMediaManager\Previews\CAWD-629\14.jpg","实体已登记到 MovieId 1532，禁止自动复用","70","ManualReview","LowConfidence","置信度低于 80，仅供人工核对。","False","False"
"13246","4317","CAWD-629","Z:\bcbcbcbc\ca-ES\data\未分类\CAWD-629.mp4","Preview","","","Z:\bcbcbcbc\ca-ES\LocalMediaManager\Previews\CAWD-629\15.jpg","实体已登记到 MovieId 1532，禁止自动复用","70","ManualReview","LowConfidence","置信度低于 80，仅供人工核对。","False","False"
"13246","4317","CAWD-629","Z:\bcbcbcbc\ca-ES\data\未分类\CAWD-629.mp4","Preview","","","Z:\bcbcbcbc\ca-ES\LocalMediaManager\Previews\CAWD-629\16.jpg","实体已登记到 MovieId 1532，禁止自动复用","70","ManualReview","LowConfidence","置信度低于 80，仅供人工核对。","False","False"
"13246","4317","CAWD-629","Z:\bcbcbcbc\ca-ES\data\未分类\CAWD-629.mp4","Preview","","","Z:\bcbcbcbc\ca-ES\LocalMediaManager\Previews\CAWD-629\17.jpg","实体已登记到 MovieId 1532，禁止自动复用","70","ManualReview","LowConfidence","置信度低于 80，仅供人工核对。","False","False"
"13246","4317","CAWD-629","Z:\bcbcbcbc\ca-ES\data\未分类\CAWD-629.mp4","Preview","","","Z:\bcbcbcbc\ca-ES\LocalMediaManager\Previews\CAWD-629\18.jpg","实体已登记到 MovieId 1532，禁止自动复用","70","ManualReview","LowConfidence","置信度低于 80，仅供人工核对。","False","False"
"13246","4317","CAWD-629","Z:\bcbcbcbc\ca-ES\data\未分类\CAWD-629.mp4","Preview","","","Z:\bcbcbcbc\ca-ES\LocalMediaManager\Previews\CAWD-629\19.jpg","实体已登记到 MovieId 1532，禁止自动复用","70","ManualReview","LowConfidence","置信度低于 80，仅供人工核对。","False","False"
"13246","4317","CAWD-629","Z:\bcbcbcbc\ca-ES\data\未分类\CAWD-629.mp4","Preview","","","Z:\bcbcbcbc\ca-ES\LocalMediaManager\Previews\CAWD-629\20.jpg","实体已登记到 MovieId 1532，禁止自动复用","70","ManualReview","LowConfidence","置信度低于 80，仅供人工核对。","False","False"
"13246","4317","CAWD-629","Z:\bcbcbcbc\ca-ES\data\未分类\CAWD-629.mp4","Preview","","","Z:\bcbcbcbc\ca-ES\LocalMediaManager\Previews\CAWD-629\CAWD-629_001.jpg","实体已登记到 MovieId 1532，禁止自动复用","70","ManualReview","LowConfidence","置信度低于 80，仅供人工核对。","False","False"
"13246","4317","CAWD-629","Z:\bcbcbcbc\ca-ES\data\未分类\CAWD-629.mp4","Preview","","","Z:\bcbcbcbc\ca-ES\LocalMediaManager\Previews\CAWD-629\CAWD-629_002.jpg","实体已登记到 MovieId 1532，禁止自动复用","70","ManualReview","LowConfidence","置信度低于 80，仅供人工核对。","False","False"
"13246","4317","CAWD-629","Z:\bcbcbcbc\ca-ES\data\未分类\CAWD-629.mp4","Preview","","","Z:\bcbcbcbc\ca-ES\LocalMediaManager\Previews\CAWD-629\CAWD-629_003.jpg","实体已登记到 MovieId 1532，禁止自动复用","70","ManualReview","LowConfidence","置信度低于 80，仅供人工核对。","False","False"
"13246","4317","CAWD-629","Z:\bcbcbcbc\ca-ES\data\未分类\CAWD-629.mp4","Preview","","","Z:\bcbcbcbc\ca-ES\LocalMediaManager\Previews\CAWD-629\CAWD-629_004.jpg","实体已登记到 MovieId 1532，禁止自动复用","70","ManualReview","LowConfidence","置信度低于 80，仅供人工核对。","False","False"
"13246","4317","CAWD-629","Z:\bcbcbcbc\ca-ES\data\未分类\CAWD-629.mp4","Preview","","","Z:\bcbcbcbc\ca-ES\LocalMediaManager\Previews\CAWD-629\CAWD-629_005.jpg","实体已登记到 MovieId 1532，禁止自动复用","70","ManualReview","LowConfidence","置信度低于 80，仅供人工核对。","False","False"
"13246","4317","CAWD-629","Z:\bcbcbcbc\ca-ES\data\未分类\CAWD-629.mp4","Preview","","","Z:\bcbcbcbc\ca-ES\LocalMediaManager\Previews\CAWD-629\CAWD-629_006.jpg","实体已登记到 MovieId 1532，禁止自动复用","70","ManualReview","LowConfidence","置信度低于 80，仅供人工核对。","False","False"
"13246","4317","CAWD-629","Z:\bcbcbcbc\ca-ES\data\未分类\CAWD-629.mp4","Preview","","","Z:\bcbcbcbc\ca-ES\LocalMediaManager\Previews\CAWD-629\CAWD-629_007.jpg","实体已登记到 MovieId 1532，禁止自动复用","70","ManualReview","LowConfidence","置信度低于 80，仅供人工核对。","False","False"
"13246","4317","CAWD-629","Z:\bcbcbcbc\ca-ES\data\未分类\CAWD-629.mp4","Preview","","","Z:\bcbcbcbc\ca-ES\LocalMediaManager\Previews\CAWD-629\CAWD-629_008.jpg","实体已登记到 MovieId 1532，禁止自动复用","70","ManualReview","LowConfidence","置信度低于 80，仅供人工核对。","False","False"
"13246","4317","CAWD-629","Z:\bcbcbcbc\ca-ES\data\未分类\CAWD-629.mp4","Preview","","","Z:\bcbcbcbc\ca-ES\LocalMediaManager\Previews\CAWD-629\CAWD-629_009.jpg","实体已登记到 MovieId 1532，禁止自动复用","70","ManualReview","LowConfidence","置信度低于 80，仅供人工核对。","False","False"
"13246","4317","CAWD-629","Z:\bcbcbcbc\ca-ES\data\未分类\CAWD-629.mp4","Preview","","","Z:\bcbcbcbc\ca-ES\LocalMediaManager\Previews\CAWD-629\CAWD-629_010.jpg","实体已登记到 MovieId 1532，禁止自动复用","70","ManualReview","LowConfidence","置信度低于 80，仅供人工核对。","False","False"
"13246","4320","fsdss-289","Z:\bcbcbcbc\ca-ES\data\未分类\fsdss-289.mp4","Preview","","","Z:\bcbcbcbc\ca-ES\LocalMediaManager\Previews\FSDSS-289\FSDSS-289_001.jpg","实体已登记到 MovieId 1550，禁止自动复用","70","ManualReview","LowConfidence","置信度低于 80，仅供人工核对。","False","False"
"13246","4320","fsdss-289","Z:\bcbcbcbc\ca-ES\data\未分类\fsdss-289.mp4","Preview","","","Z:\bcbcbcbc\ca-ES\LocalMediaManager\Previews\FSDSS-289\FSDSS-289_002.jpg","实体已登记到 MovieId 1550，禁止自动复用","70","ManualReview","LowConfidence","置信度低于 80，仅供人工核对。","False","False"
"13246","4320","fsdss-289","Z:\bcbcbcbc\ca-ES\data\未分类\fsdss-289.mp4","Preview","","","Z:\bcbcbcbc\ca-ES\LocalMediaManager\Previews\FSDSS-289\FSDSS-289_003.jpg","实体已登记到 MovieId 1550，禁止自动复用","70","ManualReview","LowConfidence","置信度低于 80，仅供人工核对。","False","False"
"13246","4320","fsdss-289","Z:\bcbcbcbc\ca-ES\data\未分类\fsdss-289.mp4","Preview","","","Z:\bcbcbcbc\ca-ES\LocalMediaManager\Previews\FSDSS-289\FSDSS-289_004.jpg","实体已登记到 MovieId 1550，禁止自动复用","70","ManualReview","LowConfidence","置信度低于 80，仅供人工核对。","False","False"
"13246","4320","fsdss-289","Z:\bcbcbcbc\ca-ES\data\未分类\fsdss-289.mp4","Preview","","","Z:\bcbcbcbc\ca-ES\LocalMediaManager\Previews\FSDSS-289\FSDSS-289_005.jpg","实体已登记到 MovieId 1550，禁止自动复用","70","ManualReview","LowConfidence","置信度低于 80，仅供人工核对。","False","False"
"13246","4320","fsdss-289","Z:\bcbcbcbc\ca-ES\data\未分类\fsdss-289.mp4","Preview","","","Z:\bcbcbcbc\ca-ES\LocalMediaManager\Previews\FSDSS-289\FSDSS-289_006.jpg","实体已登记到 MovieId 1550，禁止自动复用","70","ManualReview","LowConfidence","置信度低于 80，仅供人工核对。","False","False"
"13246","4320","fsdss-289","Z:\bcbcbcbc\ca-ES\data\未分类\fsdss-289.mp4","Preview","","","Z:\bcbcbcbc\ca-ES\LocalMediaManager\Previews\FSDSS-289\FSDSS-289_007.jpg","实体已登记到 MovieId 1550，禁止自动复用","70","ManualReview","LowConfidence","置信度低于 80，仅供人工核对。","False","False"
"13246","4320","fsdss-289","Z:\bcbcbcbc\ca-ES\data\未分类\fsdss-289.mp4","Preview","","","Z:\bcbcbcbc\ca-ES\LocalMediaManager\Previews\FSDSS-289\FSDSS-289_008.jpg","实体已登记到 MovieId 1550，禁止自动复用","70","ManualReview","LowConfidence","置信度低于 80，仅供人工核对。","False","False"
"13246","4320","fsdss-289","Z:\bcbcbcbc\ca-ES\data\未分类\fsdss-289.mp4","Preview","","","Z:\bcbcbcbc\ca-ES\LocalMediaManager\Previews\FSDSS-289\FSDSS-289_009.jpg","实体已登记到 MovieId 1550，禁止自动复用","70","ManualReview","LowConfidence","置信度低于 80，仅供人工核对。","False","False"
"13246","4320","fsdss-289","Z:\bcbcbcbc\ca-ES\data\未分类\fsdss-289.mp4","Preview","","","Z:\bcbcbcbc\ca-ES\LocalMediaManager\Previews\FSDSS-289\FSDSS-289_010.jpg","实体已登记到 MovieId 1550，禁止自动复用","70","ManualReview","LowConfidence","置信度低于 80，仅供人工核对。","False","False"
"13246","4321","FSDSS-683","Z:\bcbcbcbc\ca-ES\data\未分类\FSDSS-683.mp4","Preview","","","Z:\bcbcbcbc\ca-ES\LocalMediaManager\Previews\FSDSS-683-\FSDSS-683-_001.jpg","实体已登记到 MovieId 2692，禁止自动复用","70","ManualReview","LowConfidence","置信度低于 80，仅供人工核对。","False","False"
"13246","4321","FSDSS-683","Z:\bcbcbcbc\ca-ES\data\未分类\FSDSS-683.mp4","Preview","","","Z:\bcbcbcbc\ca-ES\LocalMediaManager\Previews\FSDSS-683-\FSDSS-683-_002.jpg","实体已登记到 MovieId 2692，禁止自动复用","70","ManualReview","LowConfidence","置信度低于 80，仅供人工核对。","False","False"
"13246","4321","FSDSS-683","Z:\bcbcbcbc\ca-ES\data\未分类\FSDSS-683.mp4","Preview","","","Z:\bcbcbcbc\ca-ES\LocalMediaManager\Previews\FSDSS-683-\FSDSS-683-_003.jpg","实体已登记到 MovieId 2692，禁止自动复用","70","ManualReview","LowConfidence","置信度低于 80，仅供人工核对。","False","False"
"13246","4321","FSDSS-683","Z:\bcbcbcbc\ca-ES\data\未分类\FSDSS-683.mp4","Preview","","","Z:\bcbcbcbc\ca-ES\LocalMediaManager\Previews\FSDSS-683-\FSDSS-683-_004.jpg","实体已登记到 MovieId 2692，禁止自动复用","70","ManualReview","LowConfidence","置信度低于 80，仅供人工核对。","False","False"
"13246","4321","FSDSS-683","Z:\bcbcbcbc\ca-ES\data\未分类\FSDSS-683.mp4","Preview","","","Z:\bcbcbcbc\ca-ES\LocalMediaManager\Previews\FSDSS-683-\FSDSS-683-_005.jpg","实体已登记到 MovieId 2692，禁止自动复用","70","ManualReview","LowConfidence","置信度低于 80，仅供人工核对。","False","False"
"13246","4321","FSDSS-683","Z:\bcbcbcbc\ca-ES\data\未分类\FSDSS-683.mp4","Preview","","","Z:\bcbcbcbc\ca-ES\LocalMediaManager\Previews\FSDSS-683-\FSDSS-683-_006.jpg","实体已登记到 MovieId 2692，禁止自动复用","70","ManualReview","LowConfidence","置信度低于 80，仅供人工核对。","False","False"
"13246","4321","FSDSS-683","Z:\bcbcbcbc\ca-ES\data\未分类\FSDSS-683.mp4","Preview","","","Z:\bcbcbcbc\ca-ES\LocalMediaManager\Previews\FSDSS-683-\FSDSS-683-_007.jpg","实体已登记到 MovieId 2692，禁止自动复用","70","ManualReview","LowConfidence","置信度低于 80，仅供人工核对。","False","False"
"13246","4321","FSDSS-683","Z:\bcbcbcbc\ca-ES\data\未分类\FSDSS-683.mp4","Preview","","","Z:\bcbcbcbc\ca-ES\LocalMediaManager\Previews\FSDSS-683-\FSDSS-683-_008.jpg","实体已登记到 MovieId 2692，禁止自动复用","70","ManualReview","LowConfidence","置信度低于 80，仅供人工核对。","False","False"
"13246","4321","FSDSS-683","Z:\bcbcbcbc\ca-ES\data\未分类\FSDSS-683.mp4","Preview","","","Z:\bcbcbcbc\ca-ES\LocalMediaManager\Previews\FSDSS-683-\FSDSS-683-_009.jpg","实体已登记到 MovieId 2692，禁止自动复用","70","ManualReview","LowConfidence","置信度低于 80，仅供人工核对。","False","False"
"13246","4321","FSDSS-683","Z:\bcbcbcbc\ca-ES\data\未分类\FSDSS-683.mp4","Preview","","","Z:\bcbcbcbc\ca-ES\LocalMediaManager\Previews\FSDSS-683-\FSDSS-683-_010.jpg","实体已登记到 MovieId 2692，禁止自动复用","70","ManualReview","LowConfidence","置信度低于 80，仅供人工核对。","False","False"
"13246","4321","FSDSS-683","Z:\bcbcbcbc\ca-ES\data\未分类\FSDSS-683.mp4","Preview","","","Z:\bcbcbcbc\ca-ES\LocalMediaManager\Previews\FSDSS-683\11.jpg","实体已登记到 MovieId 1538，禁止自动复用","70","ManualReview","LowConfidence","置信度低于 80，仅供人工核对。","False","False"
"13246","4321","FSDSS-683","Z:\bcbcbcbc\ca-ES\data\未分类\FSDSS-683.mp4","Preview","","","Z:\bcbcbcbc\ca-ES\LocalMediaManager\Previews\FSDSS-683\12.jpg","实体已登记到 MovieId 1538，禁止自动复用","70","ManualReview","LowConfidence","置信度低于 80，仅供人工核对。","False","False"
"13246","4321","FSDSS-683","Z:\bcbcbcbc\ca-ES\data\未分类\FSDSS-683.mp4","Preview","","","Z:\bcbcbcbc\ca-ES\LocalMediaManager\Previews\FSDSS-683\13.jpg","实体已登记到 MovieId 1538，禁止自动复用","70","ManualReview","LowConfidence","置信度低于 80，仅供人工核对。","False","False"
"13246","4321","FSDSS-683","Z:\bcbcbcbc\ca-ES\data\未分类\FSDSS-683.mp4","Preview","","","Z:\bcbcbcbc\ca-ES\LocalMediaManager\Previews\FSDSS-683\14.jpg","实体已登记到 MovieId 1538，禁止自动复用","70","ManualReview","LowConfidence","置信度低于 80，仅供人工核对。","False","False"
"13246","4321","FSDSS-683","Z:\bcbcbcbc\ca-ES\data\未分类\FSDSS-683.mp4","Preview","","","Z:\bcbcbcbc\ca-ES\LocalMediaManager\Previews\FSDSS-683\15.jpg","实体已登记到 MovieId 1538，禁止自动复用","70","ManualReview","LowConfidence","置信度低于 80，仅供人工核对。","False","False"
"13246","4321","FSDSS-683","Z:\bcbcbcbc\ca-ES\data\未分类\FSDSS-683.mp4","Preview","","","Z:\bcbcbcbc\ca-ES\LocalMediaManager\Previews\FSDSS-683\16.jpg","实体已登记到 MovieId 1538，禁止自动复用","70","ManualReview","LowConfidence","置信度低于 80，仅供人工核对。","False","False"
"13246","4321","FSDSS-683","Z:\bcbcbcbc\ca-ES\data\未分类\FSDSS-683.mp4","Preview","","","Z:\bcbcbcbc\ca-ES\LocalMediaManager\Previews\FSDSS-683\17.jpg","实体已登记到 MovieId 1538，禁止自动复用","70","ManualReview","LowConfidence","置信度低于 80，仅供人工核对。","False","False"
"13246","4321","FSDSS-683","Z:\bcbcbcbc\ca-ES\data\未分类\FSDSS-683.mp4","Preview","","","Z:\bcbcbcbc\ca-ES\LocalMediaManager\Previews\FSDSS-683\18.jpg","实体已登记到 MovieId 1538，禁止自动复用","70","ManualReview","LowConfidence","置信度低于 80，仅供人工核对。","False","False"
"13246","4321","FSDSS-683","Z:\bcbcbcbc\ca-ES\data\未分类\FSDSS-683.mp4","Preview","","","Z:\bcbcbcbc\ca-ES\LocalMediaManager\Previews\FSDSS-683\19.jpg","实体已登记到 MovieId 1538，禁止自动复用","70","ManualReview","LowConfidence","置信度低于 80，仅供人工核对。","False","False"
"13246","4321","FSDSS-683","Z:\bcbcbcbc\ca-ES\data\未分类\FSDSS-683.mp4","Preview","","","Z:\bcbcbcbc\ca-ES\LocalMediaManager\Previews\FSDSS-683\20.jpg","实体已登记到 MovieId 1538，禁止自动复用","70","ManualReview","LowConfidence","置信度低于 80，仅供人工核对。","False","False"
"13246","4321","FSDSS-683","Z:\bcbcbcbc\ca-ES\data\未分类\FSDSS-683.mp4","Preview","","","Z:\bcbcbcbc\ca-ES\LocalMediaManager\Previews\FSDSS-683\FSDSS-683_001.jpg","实体已登记到 MovieId 1538，禁止自动复用","70","ManualReview","LowConfidence","置信度低于 80，仅供人工核对。","False","False"
"13246","4321","FSDSS-683","Z:\bcbcbcbc\ca-ES\data\未分类\FSDSS-683.mp4","Preview","","","Z:\bcbcbcbc\ca-ES\LocalMediaManager\Previews\FSDSS-683\FSDSS-683_002.jpg","实体已登记到 MovieId 1538，禁止自动复用","70","ManualReview","LowConfidence","置信度低于 80，仅供人工核对。","False","False"
"13246","4321","FSDSS-683","Z:\bcbcbcbc\ca-ES\data\未分类\FSDSS-683.mp4","Preview","","","Z:\bcbcbcbc\ca-ES\LocalMediaManager\Previews\FSDSS-683\FSDSS-683_003.jpg","实体已登记到 MovieId 1538，禁止自动复用","70","ManualReview","LowConfidence","置信度低于 80，仅供人工核对。","False","False"
"13246","4321","FSDSS-683","Z:\bcbcbcbc\ca-ES\data\未分类\FSDSS-683.mp4","Preview","","","Z:\bcbcbcbc\ca-ES\LocalMediaManager\Previews\FSDSS-683\FSDSS-683_004.jpg","实体已登记到 MovieId 1538，禁止自动复用","70","ManualReview","LowConfidence","置信度低于 80，仅供人工核对。","False","False"
"13246","4321","FSDSS-683","Z:\bcbcbcbc\ca-ES\data\未分类\FSDSS-683.mp4","Preview","","","Z:\bcbcbcbc\ca-ES\LocalMediaManager\Previews\FSDSS-683\FSDSS-683_005.jpg","实体已登记到 MovieId 1538，禁止自动复用","70","ManualReview","LowConfidence","置信度低于 80，仅供人工核对。","False","False"
"13246","4321","FSDSS-683","Z:\bcbcbcbc\ca-ES\data\未分类\FSDSS-683.mp4","Preview","","","Z:\bcbcbcbc\ca-ES\LocalMediaManager\Previews\FSDSS-683\FSDSS-683_006.jpg","实体已登记到 MovieId 1538，禁止自动复用","70","ManualReview","LowConfidence","置信度低于 80，仅供人工核对。","False","False"
"13246","4321","FSDSS-683","Z:\bcbcbcbc\ca-ES\data\未分类\FSDSS-683.mp4","Preview","","","Z:\bcbcbcbc\ca-ES\LocalMediaManager\Previews\FSDSS-683\FSDSS-683_007.jpg","实体已登记到 MovieId 1538，禁止自动复用","70","ManualReview","LowConfidence","置信度低于 80，仅供人工核对。","False","False"
"13246","4321","FSDSS-683","Z:\bcbcbcbc\ca-ES\data\未分类\FSDSS-683.mp4","Preview","","","Z:\bcbcbcbc\ca-ES\LocalMediaManager\Previews\FSDSS-683\FSDSS-683_008.jpg","实体已登记到 MovieId 1538，禁止自动复用","70","ManualReview","LowConfidence","置信度低于 80，仅供人工核对。","False","False"
"13246","4321","FSDSS-683","Z:\bcbcbcbc\ca-ES\data\未分类\FSDSS-683.mp4","Preview","","","Z:\bcbcbcbc\ca-ES\LocalMediaManager\Previews\FSDSS-683\FSDSS-683_009.jpg","实体已登记到 MovieId 1538，禁止自动复用","70","ManualReview","LowConfidence","置信度低于 80，仅供人工核对。","False","False"
"13246","4321","FSDSS-683","Z:\bcbcbcbc\ca-ES\data\未分类\FSDSS-683.mp4","Preview","","","Z:\bcbcbcbc\ca-ES\LocalMediaManager\Previews\FSDSS-683\FSDSS-683_010.jpg","实体已登记到 MovieId 1538，禁止自动复用","70","ManualReview","LowConfidence","置信度低于 80，仅供人工核对。","False","False"
"13246","4322","FSDSS-744","Z:\bcbcbcbc\ca-ES\data\未分类\FSDSS-744.mp4","Preview","","","Z:\bcbcbcbc\ca-ES\LocalMediaManager\Previews\FSDSS-744-\FSDSS-744-_001.jpg","实体已登记到 MovieId 2693，禁止自动复用","70","ManualReview","LowConfidence","置信度低于 80，仅供人工核对。","False","False"
"13246","4322","FSDSS-744","Z:\bcbcbcbc\ca-ES\data\未分类\FSDSS-744.mp4","Preview","","","Z:\bcbcbcbc\ca-ES\LocalMediaManager\Previews\FSDSS-744-\FSDSS-744-_002.jpg","实体已登记到 MovieId 2693，禁止自动复用","70","ManualReview","LowConfidence","置信度低于 80，仅供人工核对。","False","False"
"13246","4322","FSDSS-744","Z:\bcbcbcbc\ca-ES\data\未分类\FSDSS-744.mp4","Preview","","","Z:\bcbcbcbc\ca-ES\LocalMediaManager\Previews\FSDSS-744-\FSDSS-744-_003.jpg","实体已登记到 MovieId 2693，禁止自动复用","70","ManualReview","LowConfidence","置信度低于 80，仅供人工核对。","False","False"
"13246","4322","FSDSS-744","Z:\bcbcbcbc\ca-ES\data\未分类\FSDSS-744.mp4","Preview","","","Z:\bcbcbcbc\ca-ES\LocalMediaManager\Previews\FSDSS-744-\FSDSS-744-_004.jpg","实体已登记到 MovieId 2693，禁止自动复用","70","ManualReview","LowConfidence","置信度低于 80，仅供人工核对。","False","False"
"13246","4322","FSDSS-744","Z:\bcbcbcbc\ca-ES\data\未分类\FSDSS-744.mp4","Preview","","","Z:\bcbcbcbc\ca-ES\LocalMediaManager\Previews\FSDSS-744-\FSDSS-744-_005.jpg","实体已登记到 MovieId 2693，禁止自动复用","70","ManualReview","LowConfidence","置信度低于 80，仅供人工核对。","False","False"
"13246","4322","FSDSS-744","Z:\bcbcbcbc\ca-ES\data\未分类\FSDSS-744.mp4","Preview","","","Z:\bcbcbcbc\ca-ES\LocalMediaManager\Previews\FSDSS-744-\FSDSS-744-_006.jpg","实体已登记到 MovieId 2693，禁止自动复用","70","ManualReview","LowConfidence","置信度低于 80，仅供人工核对。","False","False"
"13246","4322","FSDSS-744","Z:\bcbcbcbc\ca-ES\data\未分类\FSDSS-744.mp4","Preview","","","Z:\bcbcbcbc\ca-ES\LocalMediaManager\Previews\FSDSS-744-\FSDSS-744-_007.jpg","实体已登记到 MovieId 2693，禁止自动复用","70","ManualReview","LowConfidence","置信度低于 80，仅供人工核对。","False","False"
"13246","4322","FSDSS-744","Z:\bcbcbcbc\ca-ES\data\未分类\FSDSS-744.mp4","Preview","","","Z:\bcbcbcbc\ca-ES\LocalMediaManager\Previews\FSDSS-744-\FSDSS-744-_008.jpg","实体已登记到 MovieId 2693，禁止自动复用","70","ManualReview","LowConfidence","置信度低于 80，仅供人工核对。","False","False"
"13246","4322","FSDSS-744","Z:\bcbcbcbc\ca-ES\data\未分类\FSDSS-744.mp4","Preview","","","Z:\bcbcbcbc\ca-ES\LocalMediaManager\Previews\FSDSS-744-\FSDSS-744-_009.jpg","实体已登记到 MovieId 2693，禁止自动复用","70","ManualReview","LowConfidence","置信度低于 80，仅供人工核对。","False","False"
"13246","4322","FSDSS-744","Z:\bcbcbcbc\ca-ES\data\未分类\FSDSS-744.mp4","Preview","","","Z:\bcbcbcbc\ca-ES\LocalMediaManager\Previews\FSDSS-744-\FSDSS-744-_010.jpg","实体已登记到 MovieId 2693，禁止自动复用","70","ManualReview","LowConfidence","置信度低于 80，仅供人工核对。","False","False"
"13246","4322","FSDSS-744","Z:\bcbcbcbc\ca-ES\data\未分类\FSDSS-744.mp4","Preview","","","Z:\bcbcbcbc\ca-ES\LocalMediaManager\Previews\FSDSS-744\11.jpg","实体已登记到 MovieId 1539，禁止自动复用","70","ManualReview","LowConfidence","置信度低于 80，仅供人工核对。","False","False"
"13246","4322","FSDSS-744","Z:\bcbcbcbc\ca-ES\data\未分类\FSDSS-744.mp4","Preview","","","Z:\bcbcbcbc\ca-ES\LocalMediaManager\Previews\FSDSS-744\12.jpg","实体已登记到 MovieId 1539，禁止自动复用","70","ManualReview","LowConfidence","置信度低于 80，仅供人工核对。","False","False"
"13246","4322","FSDSS-744","Z:\bcbcbcbc\ca-ES\data\未分类\FSDSS-744.mp4","Preview","","","Z:\bcbcbcbc\ca-ES\LocalMediaManager\Previews\FSDSS-744\13.jpg","实体已登记到 MovieId 1539，禁止自动复用","70","ManualReview","LowConfidence","置信度低于 80，仅供人工核对。","False","False"
"13246","4322","FSDSS-744","Z:\bcbcbcbc\ca-ES\data\未分类\FSDSS-744.mp4","Preview","","","Z:\bcbcbcbc\ca-ES\LocalMediaManager\Previews\FSDSS-744\14.jpg","实体已登记到 MovieId 1539，禁止自动复用","70","ManualReview","LowConfidence","置信度低于 80，仅供人工核对。","False","False"
"13246","4322","FSDSS-744","Z:\bcbcbcbc\ca-ES\data\未分类\FSDSS-744.mp4","Preview","","","Z:\bcbcbcbc\ca-ES\LocalMediaManager\Previews\FSDSS-744\15.jpg","实体已登记到 MovieId 1539，禁止自动复用","70","ManualReview","LowConfidence","置信度低于 80，仅供人工核对。","False","False"
"13246","4322","FSDSS-744","Z:\bcbcbcbc\ca-ES\data\未分类\FSDSS-744.mp4","Preview","","","Z:\bcbcbcbc\ca-ES\LocalMediaManager\Previews\FSDSS-744\16.jpg","实体已登记到 MovieId 1539，禁止自动复用","70","ManualReview","LowConfidence","置信度低于 80，仅供人工核对。","False","False"
"13246","4322","FSDSS-744","Z:\bcbcbcbc\ca-ES\data\未分类\FSDSS-744.mp4","Preview","","","Z:\bcbcbcbc\ca-ES\LocalMediaManager\Previews\FSDSS-744\17.jpg","实体已登记到 MovieId 1539，禁止自动复用","70","ManualReview","LowConfidence","置信度低于 80，仅供人工核对。","False","False"
"13246","4322","FSDSS-744","Z:\bcbcbcbc\ca-ES\data\未分类\FSDSS-744.mp4","Preview","","","Z:\bcbcbcbc\ca-ES\LocalMediaManager\Previews\FSDSS-744\18.jpg","实体已登记到 MovieId 1539，禁止自动复用","70","ManualReview","LowConfidence","置信度低于 80，仅供人工核对。","False","False"
"13246","4322","FSDSS-744","Z:\bcbcbcbc\ca-ES\data\未分类\FSDSS-744.mp4","Preview","","","Z:\bcbcbcbc\ca-ES\LocalMediaManager\Previews\FSDSS-744\19.jpg","实体已登记到 MovieId 1539，禁止自动复用","70","ManualReview","LowConfidence","置信度低于 80，仅供人工核对。","False","False"
"13246","4322","FSDSS-744","Z:\bcbcbcbc\ca-ES\data\未分类\FSDSS-744.mp4","Preview","","","Z:\bcbcbcbc\ca-ES\LocalMediaManager\Previews\FSDSS-744\20.jpg","实体已登记到 MovieId 1539，禁止自动复用","70","ManualReview","LowConfidence","置信度低于 80，仅供人工核对。","False","False"
"13246","4322","FSDSS-744","Z:\bcbcbcbc\ca-ES\data\未分类\FSDSS-744.mp4","Preview","","","Z:\bcbcbcbc\ca-ES\LocalMediaManager\Previews\FSDSS-744\FSDSS-744_001.jpg","实体已登记到 MovieId 1539，禁止自动复用","70","ManualReview","LowConfidence","置信度低于 80，仅供人工核对。","False","False"
"13246","4322","FSDSS-744","Z:\bcbcbcbc\ca-ES\data\未分类\FSDSS-744.mp4","Preview","","","Z:\bcbcbcbc\ca-ES\LocalMediaManager\Previews\FSDSS-744\FSDSS-744_002.jpg","实体已登记到 MovieId 1539，禁止自动复用","70","ManualReview","LowConfidence","置信度低于 80，仅供人工核对。","False","False"
"13246","4322","FSDSS-744","Z:\bcbcbcbc\ca-ES\data\未分类\FSDSS-744.mp4","Preview","","","Z:\bcbcbcbc\ca-ES\LocalMediaManager\Previews\FSDSS-744\FSDSS-744_003.jpg","实体已登记到 MovieId 1539，禁止自动复用","70","ManualReview","LowConfidence","置信度低于 80，仅供人工核对。","False","False"
"13246","4322","FSDSS-744","Z:\bcbcbcbc\ca-ES\data\未分类\FSDSS-744.mp4","Preview","","","Z:\bcbcbcbc\ca-ES\LocalMediaManager\Previews\FSDSS-744\FSDSS-744_004.jpg","实体已登记到 MovieId 1539，禁止自动复用","70","ManualReview","LowConfidence","置信度低于 80，仅供人工核对。","False","False"
"13246","4322","FSDSS-744","Z:\bcbcbcbc\ca-ES\data\未分类\FSDSS-744.mp4","Preview","","","Z:\bcbcbcbc\ca-ES\LocalMediaManager\Previews\FSDSS-744\FSDSS-744_005.jpg","实体已登记到 MovieId 1539，禁止自动复用","70","ManualReview","LowConfidence","置信度低于 80，仅供人工核对。","False","False"
"13246","4322","FSDSS-744","Z:\bcbcbcbc\ca-ES\data\未分类\FSDSS-744.mp4","Preview","","","Z:\bcbcbcbc\ca-ES\LocalMediaManager\Previews\FSDSS-744\FSDSS-744_006.jpg","实体已登记到 MovieId 1539，禁止自动复用","70","ManualReview","LowConfidence","置信度低于 80，仅供人工核对。","False","False"
"13246","4322","FSDSS-744","Z:\bcbcbcbc\ca-ES\data\未分类\FSDSS-744.mp4","Preview","","","Z:\bcbcbcbc\ca-ES\LocalMediaManager\Previews\FSDSS-744\FSDSS-744_007.jpg","实体已登记到 MovieId 1539，禁止自动复用","70","ManualReview","LowConfidence","置信度低于 80，仅供人工核对。","False","False"
"13246","4322","FSDSS-744","Z:\bcbcbcbc\ca-ES\data\未分类\FSDSS-744.mp4","Preview","","","Z:\bcbcbcbc\ca-ES\LocalMediaManager\Previews\FSDSS-744\FSDSS-744_008.jpg","实体已登记到 MovieId 1539，禁止自动复用","70","ManualReview","LowConfidence","置信度低于 80，仅供人工核对。","False","False"
"13246","4322","FSDSS-744","Z:\bcbcbcbc\ca-ES\data\未分类\FSDSS-744.mp4","Preview","","","Z:\bcbcbcbc\ca-ES\LocalMediaManager\Previews\FSDSS-744\FSDSS-744_009.jpg","实体已登记到 MovieId 1539，禁止自动复用","70","ManualReview","LowConfidence","置信度低于 80，仅供人工核对。","False","False"
"13246","4322","FSDSS-744","Z:\bcbcbcbc\ca-ES\data\未分类\FSDSS-744.mp4","Preview","","","Z:\bcbcbcbc\ca-ES\LocalMediaManager\Previews\FSDSS-744\FSDSS-744_010.jpg","实体已登记到 MovieId 1539，禁止自动复用","70","ManualReview","LowConfidence","置信度低于 80，仅供人工核对。","False","False"
"13246","4324","IPX-811","Z:\bcbcbcbc\ca-ES\data\未分类\IPX-811.mp4","Preview","","","Z:\bcbcbcbc\ca-ES\LocalMediaManager\Previews\IPX-811\13.jpg","实体已登记到 MovieId 2707，禁止自动复用","70","ManualReview","LowConfidence","置信度低于 80，仅供人工核对。","False","False"
"13246","4324","IPX-811","Z:\bcbcbcbc\ca-ES\data\未分类\IPX-811.mp4","Preview","","","Z:\bcbcbcbc\ca-ES\LocalMediaManager\Previews\IPX-811\14.jpg","实体已登记到 MovieId 2707，禁止自动复用","70","ManualReview","LowConfidence","置信度低于 80，仅供人工核对。","False","False"
"13246","4324","IPX-811","Z:\bcbcbcbc\ca-ES\data\未分类\IPX-811.mp4","Preview","","","Z:\bcbcbcbc\ca-ES\LocalMediaManager\Previews\IPX-811\15.jpg","实体已登记到 MovieId 2707，禁止自动复用","70","ManualReview","LowConfidence","置信度低于 80，仅供人工核对。","False","False"
"13246","4324","IPX-811","Z:\bcbcbcbc\ca-ES\data\未分类\IPX-811.mp4","Preview","","","Z:\bcbcbcbc\ca-ES\LocalMediaManager\Previews\IPX-811\16.jpg","实体已登记到 MovieId 2707，禁止自动复用","70","ManualReview","LowConfidence","置信度低于 80，仅供人工核对。","False","False"
"13246","4324","IPX-811","Z:\bcbcbcbc\ca-ES\data\未分类\IPX-811.mp4","Preview","","","Z:\bcbcbcbc\ca-ES\LocalMediaManager\Previews\IPX-811\17.jpg","实体已登记到 MovieId 2707，禁止自动复用","70","ManualReview","LowConfidence","置信度低于 80，仅供人工核对。","False","False"
"13246","4324","IPX-811","Z:\bcbcbcbc\ca-ES\data\未分类\IPX-811.mp4","Preview","","","Z:\bcbcbcbc\ca-ES\LocalMediaManager\Previews\IPX-811\18.jpg","实体已登记到 MovieId 2707，禁止自动复用","70","ManualReview","LowConfidence","置信度低于 80，仅供人工核对。","False","False"
"13246","4324","IPX-811","Z:\bcbcbcbc\ca-ES\data\未分类\IPX-811.mp4","Preview","","","Z:\bcbcbcbc\ca-ES\LocalMediaManager\Previews\IPX-811\19.jpg","实体已登记到 MovieId 2707，禁止自动复用","70","ManualReview","LowConfidence","置信度低于 80，仅供人工核对。","False","False"
"13246","4324","IPX-811","Z:\bcbcbcbc\ca-ES\data\未分类\IPX-811.mp4","Preview","","","Z:\bcbcbcbc\ca-ES\LocalMediaManager\Previews\IPX-811\20.jpg","实体已登记到 MovieId 2707，禁止自动复用","70","ManualReview","LowConfidence","置信度低于 80，仅供人工核对。","False","False"
"13246","4324","IPX-811","Z:\bcbcbcbc\ca-ES\data\未分类\IPX-811.mp4","Preview","","","Z:\bcbcbcbc\ca-ES\LocalMediaManager\Previews\IPX-811\21.jpg","实体已登记到 MovieId 2707，禁止自动复用","70","ManualReview","LowConfidence","置信度低于 80，仅供人工核对。","False","False"
"13246","4324","IPX-811","Z:\bcbcbcbc\ca-ES\data\未分类\IPX-811.mp4","Preview","","","Z:\bcbcbcbc\ca-ES\LocalMediaManager\Previews\IPX-811\22.jpg","实体已登记到 MovieId 2707，禁止自动复用","70","ManualReview","LowConfidence","置信度低于 80，仅供人工核对。","False","False"
"13246","4324","IPX-811","Z:\bcbcbcbc\ca-ES\data\未分类\IPX-811.mp4","Preview","","","Z:\bcbcbcbc\ca-ES\LocalMediaManager\Previews\IPX-811\23.jpg","实体已登记到 MovieId 2707，禁止自动复用","70","ManualReview","LowConfidence","置信度低于 80，仅供人工核对。","False","False"
"13246","4324","IPX-811","Z:\bcbcbcbc\ca-ES\data\未分类\IPX-811.mp4","Preview","","","Z:\bcbcbcbc\ca-ES\LocalMediaManager\Previews\IPX-811\24.jpg","实体已登记到 MovieId 2707，禁止自动复用","70","ManualReview","LowConfidence","置信度低于 80，仅供人工核对。","False","False"
"13246","4324","IPX-811","Z:\bcbcbcbc\ca-ES\data\未分类\IPX-811.mp4","Preview","","","Z:\bcbcbcbc\ca-ES\LocalMediaManager\Previews\IPX-811\IPX-811_001.jpg","实体已登记到 MovieId 692，禁止自动复用","70","ManualReview","LowConfidence","置信度低于 80，仅供人工核对。","False","False"
"13246","4324","IPX-811","Z:\bcbcbcbc\ca-ES\data\未分类\IPX-811.mp4","Preview","","","Z:\bcbcbcbc\ca-ES\LocalMediaManager\Previews\IPX-811\IPX-811_002.jpg","实体已登记到 MovieId 692，禁止自动复用","70","ManualReview","LowConfidence","置信度低于 80，仅供人工核对。","False","False"
"13246","4324","IPX-811","Z:\bcbcbcbc\ca-ES\data\未分类\IPX-811.mp4","Preview","","","Z:\bcbcbcbc\ca-ES\LocalMediaManager\Previews\IPX-811\IPX-811_003.jpg","实体已登记到 MovieId 692，禁止自动复用","70","ManualReview","LowConfidence","置信度低于 80，仅供人工核对。","False","False"
"13246","4324","IPX-811","Z:\bcbcbcbc\ca-ES\data\未分类\IPX-811.mp4","Preview","","","Z:\bcbcbcbc\ca-ES\LocalMediaManager\Previews\IPX-811\IPX-811_004.jpg","实体已登记到 MovieId 692，禁止自动复用","70","ManualReview","LowConfidence","置信度低于 80，仅供人工核对。","False","False"
"13246","4324","IPX-811","Z:\bcbcbcbc\ca-ES\data\未分类\IPX-811.mp4","Preview","","","Z:\bcbcbcbc\ca-ES\LocalMediaManager\Previews\IPX-811\IPX-811_005.jpg","实体已登记到 MovieId 692，禁止自动复用","70","ManualReview","LowConfidence","置信度低于 80，仅供人工核对。","False","False"
"13246","4324","IPX-811","Z:\bcbcbcbc\ca-ES\data\未分类\IPX-811.mp4","Preview","","","Z:\bcbcbcbc\ca-ES\LocalMediaManager\Previews\IPX-811\IPX-811_006.jpg","实体已登记到 MovieId 692，禁止自动复用","70","ManualReview","LowConfidence","置信度低于 80，仅供人工核对。","False","False"
"13246","4324","IPX-811","Z:\bcbcbcbc\ca-ES\data\未分类\IPX-811.mp4","Preview","","","Z:\bcbcbcbc\ca-ES\LocalMediaManager\Previews\IPX-811\IPX-811_007.jpg","实体已登记到 MovieId 692，禁止自动复用","70","ManualReview","LowConfidence","置信度低于 80，仅供人工核对。","False","False"
"13246","4324","IPX-811","Z:\bcbcbcbc\ca-ES\data\未分类\IPX-811.mp4","Preview","","","Z:\bcbcbcbc\ca-ES\LocalMediaManager\Previews\IPX-811\IPX-811_008.jpg","实体已登记到 MovieId 692，禁止自动复用","70","ManualReview","LowConfidence","置信度低于 80，仅供人工核对。","False","False"
"13246","4324","IPX-811","Z:\bcbcbcbc\ca-ES\data\未分类\IPX-811.mp4","Preview","","","Z:\bcbcbcbc\ca-ES\LocalMediaManager\Previews\IPX-811\IPX-811_009.jpg","实体已登记到 MovieId 692，禁止自动复用","70","ManualReview","LowConfidence","置信度低于 80，仅供人工核对。","False","False"
"13246","4324","IPX-811","Z:\bcbcbcbc\ca-ES\data\未分类\IPX-811.mp4","Preview","","","Z:\bcbcbcbc\ca-ES\LocalMediaManager\Previews\IPX-811\IPX-811_010.jpg","实体已登记到 MovieId 692，禁止自动复用","70","ManualReview","LowConfidence","置信度低于 80，仅供人工核对。","False","False"
"13246","4324","IPX-811","Z:\bcbcbcbc\ca-ES\data\未分类\IPX-811.mp4","Preview","","","Z:\bcbcbcbc\ca-ES\LocalMediaManager\Previews\IPX-811\IPX-811_011.jpg","实体已登记到 MovieId 692，禁止自动复用","70","ManualReview","LowConfidence","置信度低于 80，仅供人工核对。","False","False"
"13246","4324","IPX-811","Z:\bcbcbcbc\ca-ES\data\未分类\IPX-811.mp4","Preview","","","Z:\bcbcbcbc\ca-ES\LocalMediaManager\Previews\IPX-811\IPX-811_012.jpg","实体已登记到 MovieId 692，禁止自动复用","70","ManualReview","LowConfidence","置信度低于 80，仅供人工核对。","False","False"
"13246","4325","MIDV-229","Z:\bcbcbcbc\ca-ES\data\未分类\MIDV-229.mp4","Preview","","","Z:\bcbcbcbc\ca-ES\LocalMediaManager\Previews\MIDV-229\MIDV-229_001.jpg","实体已登记到 MovieId 1543，禁止自动复用","70","ManualReview","LowConfidence","置信度低于 80，仅供人工核对。","False","False"
"13246","4325","MIDV-229","Z:\bcbcbcbc\ca-ES\data\未分类\MIDV-229.mp4","Preview","","","Z:\bcbcbcbc\ca-ES\LocalMediaManager\Previews\MIDV-229\MIDV-229_002.jpg","实体已登记到 MovieId 1543，禁止自动复用","70","ManualReview","LowConfidence","置信度低于 80，仅供人工核对。","False","False"
"13246","4325","MIDV-229","Z:\bcbcbcbc\ca-ES\data\未分类\MIDV-229.mp4","Preview","","","Z:\bcbcbcbc\ca-ES\LocalMediaManager\Previews\MIDV-229\MIDV-229_003.jpg","实体已登记到 MovieId 1543，禁止自动复用","70","ManualReview","LowConfidence","置信度低于 80，仅供人工核对。","False","False"
"13246","4325","MIDV-229","Z:\bcbcbcbc\ca-ES\data\未分类\MIDV-229.mp4","Preview","","","Z:\bcbcbcbc\ca-ES\LocalMediaManager\Previews\MIDV-229\MIDV-229_004.jpg","实体已登记到 MovieId 1543，禁止自动复用","70","ManualReview","LowConfidence","置信度低于 80，仅供人工核对。","False","False"
"13246","4325","MIDV-229","Z:\bcbcbcbc\ca-ES\data\未分类\MIDV-229.mp4","Preview","","","Z:\bcbcbcbc\ca-ES\LocalMediaManager\Previews\MIDV-229\MIDV-229_005.jpg","实体已登记到 MovieId 1543，禁止自动复用","70","ManualReview","LowConfidence","置信度低于 80，仅供人工核对。","False","False"
"13246","4325","MIDV-229","Z:\bcbcbcbc\ca-ES\data\未分类\MIDV-229.mp4","Preview","","","Z:\bcbcbcbc\ca-ES\LocalMediaManager\Previews\MIDV-229\MIDV-229_006.jpg","实体已登记到 MovieId 1543，禁止自动复用","70","ManualReview","LowConfidence","置信度低于 80，仅供人工核对。","False","False"
"13246","4325","MIDV-229","Z:\bcbcbcbc\ca-ES\data\未分类\MIDV-229.mp4","Preview","","","Z:\bcbcbcbc\ca-ES\LocalMediaManager\Previews\MIDV-229\MIDV-229_007.jpg","实体已登记到 MovieId 1543，禁止自动复用","70","ManualReview","LowConfidence","置信度低于 80，仅供人工核对。","False","False"
"13246","4325","MIDV-229","Z:\bcbcbcbc\ca-ES\data\未分类\MIDV-229.mp4","Preview","","","Z:\bcbcbcbc\ca-ES\LocalMediaManager\Previews\MIDV-229\MIDV-229_008.jpg","实体已登记到 MovieId 1543，禁止自动复用","70","ManualReview","LowConfidence","置信度低于 80，仅供人工核对。","False","False"
"13246","4325","MIDV-229","Z:\bcbcbcbc\ca-ES\data\未分类\MIDV-229.mp4","Preview","","","Z:\bcbcbcbc\ca-ES\LocalMediaManager\Previews\MIDV-229\MIDV-229_009.jpg","实体已登记到 MovieId 1543，禁止自动复用","70","ManualReview","LowConfidence","置信度低于 80，仅供人工核对。","False","False"
"13246","4325","MIDV-229","Z:\bcbcbcbc\ca-ES\data\未分类\MIDV-229.mp4","Preview","","","Z:\bcbcbcbc\ca-ES\LocalMediaManager\Previews\MIDV-229\MIDV-229_010.jpg","实体已登记到 MovieId 1543，禁止自动复用","70","ManualReview","LowConfidence","置信度低于 80，仅供人工核对。","False","False"
"13246","4326","PGD-857","Z:\bcbcbcbc\ca-ES\data\未分类\PGD-857.wmv","Preview","","","Z:\bcbcbcbc\ca-ES\LocalMediaManager\Previews\PGD-857\PGD-857_001.jpg","实体已登记到 MovieId 1264，禁止自动复用","70","ManualReview","LowConfidence","置信度低于 80，仅供人工核对。","False","False"
"13246","4326","PGD-857","Z:\bcbcbcbc\ca-ES\data\未分类\PGD-857.wmv","Preview","","","Z:\bcbcbcbc\ca-ES\LocalMediaManager\Previews\PGD-857\PGD-857_002.jpg","实体已登记到 MovieId 1264，禁止自动复用","70","ManualReview","LowConfidence","置信度低于 80，仅供人工核对。","False","False"
"13246","4326","PGD-857","Z:\bcbcbcbc\ca-ES\data\未分类\PGD-857.wmv","Preview","","","Z:\bcbcbcbc\ca-ES\LocalMediaManager\Previews\PGD-857\PGD-857_003.jpg","实体已登记到 MovieId 1264，禁止自动复用","70","ManualReview","LowConfidence","置信度低于 80，仅供人工核对。","False","False"
"13246","4326","PGD-857","Z:\bcbcbcbc\ca-ES\data\未分类\PGD-857.wmv","Preview","","","Z:\bcbcbcbc\ca-ES\LocalMediaManager\Previews\PGD-857\PGD-857_004.jpg","实体已登记到 MovieId 1264，禁止自动复用","70","ManualReview","LowConfidence","置信度低于 80，仅供人工核对。","False","False"
"13246","4326","PGD-857","Z:\bcbcbcbc\ca-ES\data\未分类\PGD-857.wmv","Preview","","","Z:\bcbcbcbc\ca-ES\LocalMediaManager\Previews\PGD-857\PGD-857_005.jpg","实体已登记到 MovieId 1264，禁止自动复用","70","ManualReview","LowConfidence","置信度低于 80，仅供人工核对。","False","False"
"13246","4326","PGD-857","Z:\bcbcbcbc\ca-ES\data\未分类\PGD-857.wmv","Preview","","","Z:\bcbcbcbc\ca-ES\LocalMediaManager\Previews\PGD-857\PGD-857_006.jpg","实体已登记到 MovieId 1264，禁止自动复用","70","ManualReview","LowConfidence","置信度低于 80，仅供人工核对。","False","False"
"13246","4326","PGD-857","Z:\bcbcbcbc\ca-ES\data\未分类\PGD-857.wmv","Preview","","","Z:\bcbcbcbc\ca-ES\LocalMediaManager\Previews\PGD-857\PGD-857_007.jpg","实体已登记到 MovieId 1264，禁止自动复用","70","ManualReview","LowConfidence","置信度低于 80，仅供人工核对。","False","False"
"13246","4326","PGD-857","Z:\bcbcbcbc\ca-ES\data\未分类\PGD-857.wmv","Preview","","","Z:\bcbcbcbc\ca-ES\LocalMediaManager\Previews\PGD-857\PGD-857_008.jpg","实体已登记到 MovieId 1264，禁止自动复用","70","ManualReview","LowConfidence","置信度低于 80，仅供人工核对。","False","False"
"13246","4326","PGD-857","Z:\bcbcbcbc\ca-ES\data\未分类\PGD-857.wmv","Preview","","","Z:\bcbcbcbc\ca-ES\LocalMediaManager\Previews\PGD-857\PGD-857_009.jpg","实体已登记到 MovieId 1264，禁止自动复用","70","ManualReview","LowConfidence","置信度低于 80，仅供人工核对。","False","False"
"13246","4326","PGD-857","Z:\bcbcbcbc\ca-ES\data\未分类\PGD-857.wmv","Preview","","","Z:\bcbcbcbc\ca-ES\LocalMediaManager\Previews\PGD-857\PGD-857_010.jpg","实体已登记到 MovieId 1264，禁止自动复用","70","ManualReview","LowConfidence","置信度低于 80，仅供人工核对。","False","False"
"13246","4326","PGD-857","Z:\bcbcbcbc\ca-ES\data\未分类\PGD-857.wmv","Preview","","","Z:\bcbcbcbc\ca-ES\LocalMediaManager\Previews\PGD-857\PGD-857_011.jpg","实体已登记到 MovieId 1264，禁止自动复用","70","ManualReview","LowConfidence","置信度低于 80，仅供人工核对。","False","False"
"13246","4326","PGD-857","Z:\bcbcbcbc\ca-ES\data\未分类\PGD-857.wmv","Preview","","","Z:\bcbcbcbc\ca-ES\LocalMediaManager\Previews\PGD-857\PGD-857_012.jpg","实体已登记到 MovieId 1264，禁止自动复用","70","ManualReview","LowConfidence","置信度低于 80，仅供人工核对。","False","False"
"13246","4329","abf-111","Z:\bcbcbcbc\ca-ES\data\未分类2\abf-111.mp4","Preview","","","Z:\bcbcbcbc\ca-ES\LocalMediaManager\Previews\ABF-111\ABF-111_001.jpg","实体已登记到 MovieId 2192，禁止自动复用","70","ManualReview","LowConfidence","置信度低于 80，仅供人工核对。","False","False"
"13246","4329","abf-111","Z:\bcbcbcbc\ca-ES\data\未分类2\abf-111.mp4","Preview","","","Z:\bcbcbcbc\ca-ES\LocalMediaManager\Previews\ABF-111\ABF-111_002.jpg","实体已登记到 MovieId 2192，禁止自动复用","70","ManualReview","LowConfidence","置信度低于 80，仅供人工核对。","False","False"
"13246","4329","abf-111","Z:\bcbcbcbc\ca-ES\data\未分类2\abf-111.mp4","Preview","","","Z:\bcbcbcbc\ca-ES\LocalMediaManager\Previews\ABF-111\ABF-111_003.jpg","实体已登记到 MovieId 2192，禁止自动复用","70","ManualReview","LowConfidence","置信度低于 80，仅供人工核对。","False","False"
"13246","4329","abf-111","Z:\bcbcbcbc\ca-ES\data\未分类2\abf-111.mp4","Preview","","","Z:\bcbcbcbc\ca-ES\LocalMediaManager\Previews\ABF-111\ABF-111_004.jpg","实体已登记到 MovieId 2192，禁止自动复用","70","ManualReview","LowConfidence","置信度低于 80，仅供人工核对。","False","False"
"13246","4329","abf-111","Z:\bcbcbcbc\ca-ES\data\未分类2\abf-111.mp4","Preview","","","Z:\bcbcbcbc\ca-ES\LocalMediaManager\Previews\ABF-111\ABF-111_005.jpg","实体已登记到 MovieId 2192，禁止自动复用","70","ManualReview","LowConfidence","置信度低于 80，仅供人工核对。","False","False"
"13246","4329","abf-111","Z:\bcbcbcbc\ca-ES\data\未分类2\abf-111.mp4","Preview","","","Z:\bcbcbcbc\ca-ES\LocalMediaManager\Previews\ABF-111\ABF-111_006.jpg","实体已登记到 MovieId 2192，禁止自动复用","70","ManualReview","LowConfidence","置信度低于 80，仅供人工核对。","False","False"
"13246","4329","abf-111","Z:\bcbcbcbc\ca-ES\data\未分类2\abf-111.mp4","Preview","","","Z:\bcbcbcbc\ca-ES\LocalMediaManager\Previews\ABF-111\ABF-111_007.jpg","实体已登记到 MovieId 2192，禁止自动复用","70","ManualReview","LowConfidence","置信度低于 80，仅供人工核对。","False","False"
"13246","4329","abf-111","Z:\bcbcbcbc\ca-ES\data\未分类2\abf-111.mp4","Preview","","","Z:\bcbcbcbc\ca-ES\LocalMediaManager\Previews\ABF-111\ABF-111_008.jpg","实体已登记到 MovieId 2192，禁止自动复用","70","ManualReview","LowConfidence","置信度低于 80，仅供人工核对。","False","False"
"13246","4329","abf-111","Z:\bcbcbcbc\ca-ES\data\未分类2\abf-111.mp4","Preview","","","Z:\bcbcbcbc\ca-ES\LocalMediaManager\Previews\ABF-111\ABF-111_009.jpg","实体已登记到 MovieId 2192，禁止自动复用","70","ManualReview","LowConfidence","置信度低于 80，仅供人工核对。","False","False"
"13246","4329","abf-111","Z:\bcbcbcbc\ca-ES\data\未分类2\abf-111.mp4","Preview","","","Z:\bcbcbcbc\ca-ES\LocalMediaManager\Previews\ABF-111\ABF-111_010.jpg","实体已登记到 MovieId 2192，禁止自动复用","70","ManualReview","LowConfidence","置信度低于 80，仅供人工核对。","False","False"
"13246","4329","abf-111","Z:\bcbcbcbc\ca-ES\data\未分类2\abf-111.mp4","Preview","","","Z:\bcbcbcbc\ca-ES\LocalMediaManager\Previews\ABF-111\ABF-111_011.jpg","实体已登记到 MovieId 2192，禁止自动复用","70","ManualReview","LowConfidence","置信度低于 80，仅供人工核对。","False","False"
"13246","4329","abf-111","Z:\bcbcbcbc\ca-ES\data\未分类2\abf-111.mp4","Preview","","","Z:\bcbcbcbc\ca-ES\LocalMediaManager\Previews\ABF-111\ABF-111_012.jpg","实体已登记到 MovieId 2192，禁止自动复用","70","ManualReview","LowConfidence","置信度低于 80，仅供人工核对。","False","False"
"13246","4330","ABF-177","Z:\bcbcbcbc\ca-ES\data\未分类2\ABF-177.mp4","Preview","","","Z:\bcbcbcbc\ca-ES\LocalMediaManager\Previews\ABF-177\ABF-177_001.jpg","实体已登记到 MovieId 1517，禁止自动复用","70","ManualReview","LowConfidence","置信度低于 80，仅供人工核对。","False","False"
"13246","4330","ABF-177","Z:\bcbcbcbc\ca-ES\data\未分类2\ABF-177.mp4","Preview","","","Z:\bcbcbcbc\ca-ES\LocalMediaManager\Previews\ABF-177\ABF-177_002.jpg","实体已登记到 MovieId 1517，禁止自动复用","70","ManualReview","LowConfidence","置信度低于 80，仅供人工核对。","False","False"
"13246","4330","ABF-177","Z:\bcbcbcbc\ca-ES\data\未分类2\ABF-177.mp4","Preview","","","Z:\bcbcbcbc\ca-ES\LocalMediaManager\Previews\ABF-177\ABF-177_003.jpg","实体已登记到 MovieId 1517，禁止自动复用","70","ManualReview","LowConfidence","置信度低于 80，仅供人工核对。","False","False"
"13246","4330","ABF-177","Z:\bcbcbcbc\ca-ES\data\未分类2\ABF-177.mp4","Preview","","","Z:\bcbcbcbc\ca-ES\LocalMediaManager\Previews\ABF-177\ABF-177_004.jpg","实体已登记到 MovieId 1517，禁止自动复用","70","ManualReview","LowConfidence","置信度低于 80，仅供人工核对。","False","False"
"13246","4330","ABF-177","Z:\bcbcbcbc\ca-ES\data\未分类2\ABF-177.mp4","Preview","","","Z:\bcbcbcbc\ca-ES\LocalMediaManager\Previews\ABF-177\ABF-177_005.jpg","实体已登记到 MovieId 1517，禁止自动复用","70","ManualReview","LowConfidence","置信度低于 80，仅供人工核对。","False","False"
"13246","4330","ABF-177","Z:\bcbcbcbc\ca-ES\data\未分类2\ABF-177.mp4","Preview","","","Z:\bcbcbcbc\ca-ES\LocalMediaManager\Previews\ABF-177\ABF-177_006.jpg","实体已登记到 MovieId 1517，禁止自动复用","70","ManualReview","LowConfidence","置信度低于 80，仅供人工核对。","False","False"
"13246","4330","ABF-177","Z:\bcbcbcbc\ca-ES\data\未分类2\ABF-177.mp4","Preview","","","Z:\bcbcbcbc\ca-ES\LocalMediaManager\Previews\ABF-177\ABF-177_007.jpg","实体已登记到 MovieId 1517，禁止自动复用","70","ManualReview","LowConfidence","置信度低于 80，仅供人工核对。","False","False"
"13246","4330","ABF-177","Z:\bcbcbcbc\ca-ES\data\未分类2\ABF-177.mp4","Preview","","","Z:\bcbcbcbc\ca-ES\LocalMediaManager\Previews\ABF-177\ABF-177_008.jpg","实体已登记到 MovieId 1517，禁止自动复用","70","ManualReview","LowConfidence","置信度低于 80，仅供人工核对。","False","False"
"13246","4330","ABF-177","Z:\bcbcbcbc\ca-ES\data\未分类2\ABF-177.mp4","Preview","","","Z:\bcbcbcbc\ca-ES\LocalMediaManager\Previews\ABF-177\ABF-177_009.jpg","实体已登记到 MovieId 1517，禁止自动复用","70","ManualReview","LowConfidence","置信度低于 80，仅供人工核对。","False","False"
"13246","4330","ABF-177","Z:\bcbcbcbc\ca-ES\data\未分类2\ABF-177.mp4","Preview","","","Z:\bcbcbcbc\ca-ES\LocalMediaManager\Previews\ABF-177\ABF-177_010.jpg","实体已登记到 MovieId 1517，禁止自动复用","70","ManualReview","LowConfidence","置信度低于 80，仅供人工核对。","False","False"
"13246","4330","ABF-177","Z:\bcbcbcbc\ca-ES\data\未分类2\ABF-177.mp4","Preview","","","Z:\bcbcbcbc\ca-ES\LocalMediaManager\Previews\ABF-177\ABF-177_011.jpg","实体已登记到 MovieId 1517，禁止自动复用","70","ManualReview","LowConfidence","置信度低于 80，仅供人工核对。","False","False"
"13246","4330","ABF-177","Z:\bcbcbcbc\ca-ES\data\未分类2\ABF-177.mp4","Preview","","","Z:\bcbcbcbc\ca-ES\LocalMediaManager\Previews\ABF-177\ABF-177_012.jpg","实体已登记到 MovieId 1517，禁止自动复用","70","ManualReview","LowConfidence","置信度低于 80，仅供人工核对。","False","False"
"13246","4331","abf-213","Z:\bcbcbcbc\ca-ES\data\未分类2\abf-213.mp4","Preview","","","Z:\bcbcbcbc\ca-ES\LocalMediaManager\Previews\ABF-213\ABF-213_001.jpg","实体已登记到 MovieId 2193，禁止自动复用","70","ManualReview","LowConfidence","置信度低于 80，仅供人工核对。","False","False"
"13246","4331","abf-213","Z:\bcbcbcbc\ca-ES\data\未分类2\abf-213.mp4","Preview","","","Z:\bcbcbcbc\ca-ES\LocalMediaManager\Previews\ABF-213\ABF-213_002.jpg","实体已登记到 MovieId 2193，禁止自动复用","70","ManualReview","LowConfidence","置信度低于 80，仅供人工核对。","False","False"
"13246","4331","abf-213","Z:\bcbcbcbc\ca-ES\data\未分类2\abf-213.mp4","Preview","","","Z:\bcbcbcbc\ca-ES\LocalMediaManager\Previews\ABF-213\ABF-213_003.jpg","实体已登记到 MovieId 2193，禁止自动复用","70","ManualReview","LowConfidence","置信度低于 80，仅供人工核对。","False","False"
"13246","4331","abf-213","Z:\bcbcbcbc\ca-ES\data\未分类2\abf-213.mp4","Preview","","","Z:\bcbcbcbc\ca-ES\LocalMediaManager\Previews\ABF-213\ABF-213_004.jpg","实体已登记到 MovieId 2193，禁止自动复用","70","ManualReview","LowConfidence","置信度低于 80，仅供人工核对。","False","False"
"13246","4331","abf-213","Z:\bcbcbcbc\ca-ES\data\未分类2\abf-213.mp4","Preview","","","Z:\bcbcbcbc\ca-ES\LocalMediaManager\Previews\ABF-213\ABF-213_005.jpg","实体已登记到 MovieId 2193，禁止自动复用","70","ManualReview","LowConfidence","置信度低于 80，仅供人工核对。","False","False"
"13246","4331","abf-213","Z:\bcbcbcbc\ca-ES\data\未分类2\abf-213.mp4","Preview","","","Z:\bcbcbcbc\ca-ES\LocalMediaManager\Previews\ABF-213\ABF-213_006.jpg","实体已登记到 MovieId 2193，禁止自动复用","70","ManualReview","LowConfidence","置信度低于 80，仅供人工核对。","False","False"
"13246","4331","abf-213","Z:\bcbcbcbc\ca-ES\data\未分类2\abf-213.mp4","Preview","","","Z:\bcbcbcbc\ca-ES\LocalMediaManager\Previews\ABF-213\ABF-213_007.jpg","实体已登记到 MovieId 2193，禁止自动复用","70","ManualReview","LowConfidence","置信度低于 80，仅供人工核对。","False","False"
"13246","4331","abf-213","Z:\bcbcbcbc\ca-ES\data\未分类2\abf-213.mp4","Preview","","","Z:\bcbcbcbc\ca-ES\LocalMediaManager\Previews\ABF-213\ABF-213_008.jpg","实体已登记到 MovieId 2193，禁止自动复用","70","ManualReview","LowConfidence","置信度低于 80，仅供人工核对。","False","False"
"13246","4331","abf-213","Z:\bcbcbcbc\ca-ES\data\未分类2\abf-213.mp4","Preview","","","Z:\bcbcbcbc\ca-ES\LocalMediaManager\Previews\ABF-213\ABF-213_009.jpg","实体已登记到 MovieId 2193，禁止自动复用","70","ManualReview","LowConfidence","置信度低于 80，仅供人工核对。","False","False"
"13246","4331","abf-213","Z:\bcbcbcbc\ca-ES\data\未分类2\abf-213.mp4","Preview","","","Z:\bcbcbcbc\ca-ES\LocalMediaManager\Previews\ABF-213\ABF-213_010.jpg","实体已登记到 MovieId 2193，禁止自动复用","70","ManualReview","LowConfidence","置信度低于 80，仅供人工核对。","False","False"
"13246","4331","abf-213","Z:\bcbcbcbc\ca-ES\data\未分类2\abf-213.mp4","Preview","","","Z:\bcbcbcbc\ca-ES\LocalMediaManager\Previews\ABF-213\ABF-213_011.jpg","实体已登记到 MovieId 2193，禁止自动复用","70","ManualReview","LowConfidence","置信度低于 80，仅供人工核对。","False","False"
"13246","4332","ABF-252","Z:\bcbcbcbc\ca-ES\data\未分类2\ABF-252.mp4","Preview","","","Z:\bcbcbcbc\ca-ES\LocalMediaManager\Previews\ABF-252\ABF-252_001.jpg","实体已登记到 MovieId 2052，禁止自动复用","70","ManualReview","LowConfidence","置信度低于 80，仅供人工核对。","False","False"
"13246","4332","ABF-252","Z:\bcbcbcbc\ca-ES\data\未分类2\ABF-252.mp4","Preview","","","Z:\bcbcbcbc\ca-ES\LocalMediaManager\Previews\ABF-252\ABF-252_002.jpg","实体已登记到 MovieId 2052，禁止自动复用","70","ManualReview","LowConfidence","置信度低于 80，仅供人工核对。","False","False"
"13246","4332","ABF-252","Z:\bcbcbcbc\ca-ES\data\未分类2\ABF-252.mp4","Preview","","","Z:\bcbcbcbc\ca-ES\LocalMediaManager\Previews\ABF-252\ABF-252_003.jpg","实体已登记到 MovieId 2052，禁止自动复用","70","ManualReview","LowConfidence","置信度低于 80，仅供人工核对。","False","False"
"13246","4332","ABF-252","Z:\bcbcbcbc\ca-ES\data\未分类2\ABF-252.mp4","Preview","","","Z:\bcbcbcbc\ca-ES\LocalMediaManager\Previews\ABF-252\ABF-252_004.jpg","实体已登记到 MovieId 2052，禁止自动复用","70","ManualReview","LowConfidence","置信度低于 80，仅供人工核对。","False","False"
"13246","4332","ABF-252","Z:\bcbcbcbc\ca-ES\data\未分类2\ABF-252.mp4","Preview","","","Z:\bcbcbcbc\ca-ES\LocalMediaManager\Previews\ABF-252\ABF-252_005.jpg","实体已登记到 MovieId 2052，禁止自动复用","70","ManualReview","LowConfidence","置信度低于 80，仅供人工核对。","False","False"
"13246","4332","ABF-252","Z:\bcbcbcbc\ca-ES\data\未分类2\ABF-252.mp4","Preview","","","Z:\bcbcbcbc\ca-ES\LocalMediaManager\Previews\ABF-252\ABF-252_006.jpg","实体已登记到 MovieId 2052，禁止自动复用","70","ManualReview","LowConfidence","置信度低于 80，仅供人工核对。","False","False"
"13246","4332","ABF-252","Z:\bcbcbcbc\ca-ES\data\未分类2\ABF-252.mp4","Preview","","","Z:\bcbcbcbc\ca-ES\LocalMediaManager\Previews\ABF-252\ABF-252_007.jpg","实体已登记到 MovieId 2052，禁止自动复用","70","ManualReview","LowConfidence","置信度低于 80，仅供人工核对。","False","False"
"13246","4332","ABF-252","Z:\bcbcbcbc\ca-ES\data\未分类2\ABF-252.mp4","Preview","","","Z:\bcbcbcbc\ca-ES\LocalMediaManager\Previews\ABF-252\ABF-252_008.jpg","实体已登记到 MovieId 2052，禁止自动复用","70","ManualReview","LowConfidence","置信度低于 80，仅供人工核对。","False","False"
"13246","4332","ABF-252","Z:\bcbcbcbc\ca-ES\data\未分类2\ABF-252.mp4","Preview","","","Z:\bcbcbcbc\ca-ES\LocalMediaManager\Previews\ABF-252\ABF-252_009.jpg","实体已登记到 MovieId 2052，禁止自动复用","70","ManualReview","LowConfidence","置信度低于 80，仅供人工核对。","False","False"
"13246","4332","ABF-252","Z:\bcbcbcbc\ca-ES\data\未分类2\ABF-252.mp4","Preview","","","Z:\bcbcbcbc\ca-ES\LocalMediaManager\Previews\ABF-252\ABF-252_010.jpg","实体已登记到 MovieId 2052，禁止自动复用","70","ManualReview","LowConfidence","置信度低于 80，仅供人工核对。","False","False"
"13246","4332","ABF-252","Z:\bcbcbcbc\ca-ES\data\未分类2\ABF-252.mp4","Preview","","","Z:\bcbcbcbc\ca-ES\LocalMediaManager\Previews\ABF-252\ABF-252_011.jpg","实体已登记到 MovieId 2052，禁止自动复用","70","ManualReview","LowConfidence","置信度低于 80，仅供人工核对。","False","False"
"13246","4333","ABF-312","Z:\bcbcbcbc\ca-ES\data\未分类2\ABF-312.mp4","Preview","","","Z:\bcbcbcbc\ca-ES\LocalMediaManager\Previews\ABF-312\ABF-312_001.jpg","实体已登记到 MovieId 2188，禁止自动复用","70","ManualReview","LowConfidence","置信度低于 80，仅供人工核对。","False","False"
"13246","4333","ABF-312","Z:\bcbcbcbc\ca-ES\data\未分类2\ABF-312.mp4","Preview","","","Z:\bcbcbcbc\ca-ES\LocalMediaManager\Previews\ABF-312\ABF-312_002.jpg","实体已登记到 MovieId 2188，禁止自动复用","70","ManualReview","LowConfidence","置信度低于 80，仅供人工核对。","False","False"
"13246","4333","ABF-312","Z:\bcbcbcbc\ca-ES\data\未分类2\ABF-312.mp4","Preview","","","Z:\bcbcbcbc\ca-ES\LocalMediaManager\Previews\ABF-312\ABF-312_003.jpg","实体已登记到 MovieId 2188，禁止自动复用","70","ManualReview","LowConfidence","置信度低于 80，仅供人工核对。","False","False"
"13246","4333","ABF-312","Z:\bcbcbcbc\ca-ES\data\未分类2\ABF-312.mp4","Preview","","","Z:\bcbcbcbc\ca-ES\LocalMediaManager\Previews\ABF-312\ABF-312_004.jpg","实体已登记到 MovieId 2188，禁止自动复用","70","ManualReview","LowConfidence","置信度低于 80，仅供人工核对。","False","False"
"13246","4333","ABF-312","Z:\bcbcbcbc\ca-ES\data\未分类2\ABF-312.mp4","Preview","","","Z:\bcbcbcbc\ca-ES\LocalMediaManager\Previews\ABF-312\ABF-312_005.jpg","实体已登记到 MovieId 2188，禁止自动复用","70","ManualReview","LowConfidence","置信度低于 80，仅供人工核对。","False","False"
"13246","4333","ABF-312","Z:\bcbcbcbc\ca-ES\data\未分类2\ABF-312.mp4","Preview","","","Z:\bcbcbcbc\ca-ES\LocalMediaManager\Previews\ABF-312\ABF-312_006.jpg","实体已登记到 MovieId 2188，禁止自动复用","70","ManualReview","LowConfidence","置信度低于 80，仅供人工核对。","False","False"
"13246","4333","ABF-312","Z:\bcbcbcbc\ca-ES\data\未分类2\ABF-312.mp4","Preview","","","Z:\bcbcbcbc\ca-ES\LocalMediaManager\Previews\ABF-312\ABF-312_007.jpg","实体已登记到 MovieId 2188，禁止自动复用","70","ManualReview","LowConfidence","置信度低于 80，仅供人工核对。","False","False"
"13246","4333","ABF-312","Z:\bcbcbcbc\ca-ES\data\未分类2\ABF-312.mp4","Preview","","","Z:\bcbcbcbc\ca-ES\LocalMediaManager\Previews\ABF-312\ABF-312_008.jpg","实体已登记到 MovieId 2188，禁止自动复用","70","ManualReview","LowConfidence","置信度低于 80，仅供人工核对。","False","False"
"13246","4333","ABF-312","Z:\bcbcbcbc\ca-ES\data\未分类2\ABF-312.mp4","Preview","","","Z:\bcbcbcbc\ca-ES\LocalMediaManager\Previews\ABF-312\ABF-312_009.jpg","实体已登记到 MovieId 2188，禁止自动复用","70","ManualReview","LowConfidence","置信度低于 80，仅供人工核对。","False","False"
"13246","4333","ABF-312","Z:\bcbcbcbc\ca-ES\data\未分类2\ABF-312.mp4","Preview","","","Z:\bcbcbcbc\ca-ES\LocalMediaManager\Previews\ABF-312\ABF-312_010.jpg","实体已登记到 MovieId 2188，禁止自动复用","70","ManualReview","LowConfidence","置信度低于 80，仅供人工核对。","False","False"
"13246","4334","abf-362","Z:\bcbcbcbc\ca-ES\data\未分类2\abf-362.mp4","Preview","","","Z:\bcbcbcbc\ca-ES\LocalMediaManager\Previews\ABF-362\ABF-362_001.jpg","实体已登记到 MovieId 2191，禁止自动复用","70","ManualReview","LowConfidence","置信度低于 80，仅供人工核对。","False","False"
"13246","4334","abf-362","Z:\bcbcbcbc\ca-ES\data\未分类2\abf-362.mp4","Preview","","","Z:\bcbcbcbc\ca-ES\LocalMediaManager\Previews\ABF-362\ABF-362_002.jpg","实体已登记到 MovieId 2191，禁止自动复用","70","ManualReview","LowConfidence","置信度低于 80，仅供人工核对。","False","False"
"13246","4334","abf-362","Z:\bcbcbcbc\ca-ES\data\未分类2\abf-362.mp4","Preview","","","Z:\bcbcbcbc\ca-ES\LocalMediaManager\Previews\ABF-362\ABF-362_003.jpg","实体已登记到 MovieId 2191，禁止自动复用","70","ManualReview","LowConfidence","置信度低于 80，仅供人工核对。","False","False"
"13246","4334","abf-362","Z:\bcbcbcbc\ca-ES\data\未分类2\abf-362.mp4","Preview","","","Z:\bcbcbcbc\ca-ES\LocalMediaManager\Previews\ABF-362\ABF-362_004.jpg","实体已登记到 MovieId 2191，禁止自动复用","70","ManualReview","LowConfidence","置信度低于 80，仅供人工核对。","False","False"
"13246","4334","abf-362","Z:\bcbcbcbc\ca-ES\data\未分类2\abf-362.mp4","Preview","","","Z:\bcbcbcbc\ca-ES\LocalMediaManager\Previews\ABF-362\ABF-362_005.jpg","实体已登记到 MovieId 2191，禁止自动复用","70","ManualReview","LowConfidence","置信度低于 80，仅供人工核对。","False","False"
"13246","4334","abf-362","Z:\bcbcbcbc\ca-ES\data\未分类2\abf-362.mp4","Preview","","","Z:\bcbcbcbc\ca-ES\LocalMediaManager\Previews\ABF-362\ABF-362_006.jpg","实体已登记到 MovieId 2191，禁止自动复用","70","ManualReview","LowConfidence","置信度低于 80，仅供人工核对。","False","False"
"13246","4334","abf-362","Z:\bcbcbcbc\ca-ES\data\未分类2\abf-362.mp4","Preview","","","Z:\bcbcbcbc\ca-ES\LocalMediaManager\Previews\ABF-362\ABF-362_007.jpg","实体已登记到 MovieId 2191，禁止自动复用","70","ManualReview","LowConfidence","置信度低于 80，仅供人工核对。","False","False"
"13246","4334","abf-362","Z:\bcbcbcbc\ca-ES\data\未分类2\abf-362.mp4","Preview","","","Z:\bcbcbcbc\ca-ES\LocalMediaManager\Previews\ABF-362\ABF-362_008.jpg","实体已登记到 MovieId 2191，禁止自动复用","70","ManualReview","LowConfidence","置信度低于 80，仅供人工核对。","False","False"
"13246","4334","abf-362","Z:\bcbcbcbc\ca-ES\data\未分类2\abf-362.mp4","Preview","","","Z:\bcbcbcbc\ca-ES\LocalMediaManager\Previews\ABF-362\ABF-362_009.jpg","实体已登记到 MovieId 2191，禁止自动复用","70","ManualReview","LowConfidence","置信度低于 80，仅供人工核对。","False","False"
"13246","4334","abf-362","Z:\bcbcbcbc\ca-ES\data\未分类2\abf-362.mp4","Preview","","","Z:\bcbcbcbc\ca-ES\LocalMediaManager\Previews\ABF-362\ABF-362_010.jpg","实体已登记到 MovieId 2191，禁止自动复用","70","ManualReview","LowConfidence","置信度低于 80，仅供人工核对。","False","False"
"13246","4335","ABW-124","Z:\bcbcbcbc\ca-ES\data\未分类2\ABW-124.mp4","Fanart","","","Z:\bcbcbcbc\ca-ES\LocalMediaManager\Fanart\ABW-124.jpg","文件名与当前视频文件名完全一致","100","RegisterImage","Safe","唯一高置信度实体，可在确认后建立或修正关联。","True","False"
"13246","4335","ABW-124","Z:\bcbcbcbc\ca-ES\data\未分类2\ABW-124.mp4","Poster","","","Z:\bcbcbcbc\ca-ES\LocalMediaManager\Covers\ABW-124.jpg","文件名与当前视频文件名完全一致","100","RegisterImage","Safe","唯一高置信度实体，可在确认后建立或修正关联。","True","False"
"13246","4335","ABW-124","Z:\bcbcbcbc\ca-ES\data\未分类2\ABW-124.mp4","Preview","","","Z:\bcbcbcbc\ca-ES\LocalMediaManager\Previews\ABW-124\01.jpg","位于标准化番号同名资源目录","90","RegisterImage","Safe","唯一高置信度实体，可在确认后建立或修正关联。","True","False"
"13246","4335","ABW-124","Z:\bcbcbcbc\ca-ES\data\未分类2\ABW-124.mp4","Preview","","","Z:\bcbcbcbc\ca-ES\LocalMediaManager\Previews\ABW-124\02.jpg","位于标准化番号同名资源目录","90","RegisterImage","Safe","唯一高置信度实体，可在确认后建立或修正关联。","True","False"
"13246","4335","ABW-124","Z:\bcbcbcbc\ca-ES\data\未分类2\ABW-124.mp4","Preview","","","Z:\bcbcbcbc\ca-ES\LocalMediaManager\Previews\ABW-124\03.jpg","位于标准化番号同名资源目录","90","RegisterImage","Safe","唯一高置信度实体，可在确认后建立或修正关联。","True","False"
"13246","4335","ABW-124","Z:\bcbcbcbc\ca-ES\data\未分类2\ABW-124.mp4","Preview","","","Z:\bcbcbcbc\ca-ES\LocalMediaManager\Previews\ABW-124\04.jpg","位于标准化番号同名资源目录","90","RegisterImage","Safe","唯一高置信度实体，可在确认后建立或修正关联。","True","False"
"13246","4335","ABW-124","Z:\bcbcbcbc\ca-ES\data\未分类2\ABW-124.mp4","Preview","","","Z:\bcbcbcbc\ca-ES\LocalMediaManager\Previews\ABW-124\05.jpg","位于标准化番号同名资源目录","90","RegisterImage","Safe","唯一高置信度实体，可在确认后建立或修正关联。","True","False"
"13246","4335","ABW-124","Z:\bcbcbcbc\ca-ES\data\未分类2\ABW-124.mp4","Preview","","","Z:\bcbcbcbc\ca-ES\LocalMediaManager\Previews\ABW-124\06.jpg","位于标准化番号同名资源目录","90","RegisterImage","Safe","唯一高置信度实体，可在确认后建立或修正关联。","True","False"
"13246","4335","ABW-124","Z:\bcbcbcbc\ca-ES\data\未分类2\ABW-124.mp4","Preview","","","Z:\bcbcbcbc\ca-ES\LocalMediaManager\Previews\ABW-124\07.jpg","位于标准化番号同名资源目录","90","RegisterImage","Safe","唯一高置信度实体，可在确认后建立或修正关联。","True","False"
"13246","4335","ABW-124","Z:\bcbcbcbc\ca-ES\data\未分类2\ABW-124.mp4","Preview","","","Z:\bcbcbcbc\ca-ES\LocalMediaManager\Previews\ABW-124\08.jpg","位于标准化番号同名资源目录","90","RegisterImage","Safe","唯一高置信度实体，可在确认后建立或修正关联。","True","False"
"13246","4335","ABW-124","Z:\bcbcbcbc\ca-ES\data\未分类2\ABW-124.mp4","Preview","","","Z:\bcbcbcbc\ca-ES\LocalMediaManager\Previews\ABW-124\09.jpg","位于标准化番号同名资源目录","90","RegisterImage","Safe","唯一高置信度实体，可在确认后建立或修正关联。","True","False"
"13246","4335","ABW-124","Z:\bcbcbcbc\ca-ES\data\未分类2\ABW-124.mp4","Preview","","","Z:\bcbcbcbc\ca-ES\LocalMediaManager\Previews\ABW-124\10.jpg","位于标准化番号同名资源目录","90","RegisterImage","Safe","唯一高置信度实体，可在确认后建立或修正关联。","True","False"
"13246","4335","ABW-124","Z:\bcbcbcbc\ca-ES\data\未分类2\ABW-124.mp4","Preview","","","Z:\bcbcbcbc\ca-ES\LocalMediaManager\Previews\ABW-124\11.jpg","位于标准化番号同名资源目录","90","RegisterImage","Safe","唯一高置信度实体，可在确认后建立或修正关联。","True","False"
"13246","4335","ABW-124","Z:\bcbcbcbc\ca-ES\data\未分类2\ABW-124.mp4","Preview","","","Z:\bcbcbcbc\ca-ES\LocalMediaManager\Previews\ABW-124\12.jpg","位于标准化番号同名资源目录","90","RegisterImage","Safe","唯一高置信度实体，可在确认后建立或修正关联。","True","False"
"13246","4335","ABW-124","Z:\bcbcbcbc\ca-ES\data\未分类2\ABW-124.mp4","Preview","","","Z:\bcbcbcbc\ca-ES\LocalMediaManager\Previews\ABW-124\ABW-124_001.jpg","实体已登记到 MovieId 2195，禁止自动复用","70","ManualReview","LowConfidence","置信度低于 80，仅供人工核对。","False","False"
"13246","4335","ABW-124","Z:\bcbcbcbc\ca-ES\data\未分类2\ABW-124.mp4","Preview","","","Z:\bcbcbcbc\ca-ES\LocalMediaManager\Previews\ABW-124\ABW-124_002.jpg","实体已登记到 MovieId 2195，禁止自动复用","70","ManualReview","LowConfidence","置信度低于 80，仅供人工核对。","False","False"
"13246","4335","ABW-124","Z:\bcbcbcbc\ca-ES\data\未分类2\ABW-124.mp4","Preview","","","Z:\bcbcbcbc\ca-ES\LocalMediaManager\Previews\ABW-124\ABW-124_003.jpg","实体已登记到 MovieId 2195，禁止自动复用","70","ManualReview","LowConfidence","置信度低于 80，仅供人工核对。","False","False"
"13246","4335","ABW-124","Z:\bcbcbcbc\ca-ES\data\未分类2\ABW-124.mp4","Preview","","","Z:\bcbcbcbc\ca-ES\LocalMediaManager\Previews\ABW-124\ABW-124_004.jpg","实体已登记到 MovieId 2195，禁止自动复用","70","ManualReview","LowConfidence","置信度低于 80，仅供人工核对。","False","False"
"13246","4335","ABW-124","Z:\bcbcbcbc\ca-ES\data\未分类2\ABW-124.mp4","Preview","","","Z:\bcbcbcbc\ca-ES\LocalMediaManager\Previews\ABW-124\ABW-124_005.jpg","实体已登记到 MovieId 2195，禁止自动复用","70","ManualReview","LowConfidence","置信度低于 80，仅供人工核对。","False","False"
"13246","4335","ABW-124","Z:\bcbcbcbc\ca-ES\data\未分类2\ABW-124.mp4","Preview","","","Z:\bcbcbcbc\ca-ES\LocalMediaManager\Previews\ABW-124\ABW-124_006.jpg","实体已登记到 MovieId 2195，禁止自动复用","70","ManualReview","LowConfidence","置信度低于 80，仅供人工核对。","False","False"
"13246","4335","ABW-124","Z:\bcbcbcbc\ca-ES\data\未分类2\ABW-124.mp4","Preview","","","Z:\bcbcbcbc\ca-ES\LocalMediaManager\Previews\ABW-124\ABW-124_007.jpg","实体已登记到 MovieId 2195，禁止自动复用","70","ManualReview","LowConfidence","置信度低于 80，仅供人工核对。","False","False"
"13246","4335","ABW-124","Z:\bcbcbcbc\ca-ES\data\未分类2\ABW-124.mp4","Preview","","","Z:\bcbcbcbc\ca-ES\LocalMediaManager\Previews\ABW-124\ABW-124_008.jpg","实体已登记到 MovieId 2195，禁止自动复用","70","ManualReview","LowConfidence","置信度低于 80，仅供人工核对。","False","False"
"13246","4335","ABW-124","Z:\bcbcbcbc\ca-ES\data\未分类2\ABW-124.mp4","Preview","","","Z:\bcbcbcbc\ca-ES\LocalMediaManager\Previews\ABW-124\ABW-124_009.jpg","实体已登记到 MovieId 2195，禁止自动复用","70","ManualReview","LowConfidence","置信度低于 80，仅供人工核对。","False","False"
"13246","4335","ABW-124","Z:\bcbcbcbc\ca-ES\data\未分类2\ABW-124.mp4","Preview","","","Z:\bcbcbcbc\ca-ES\LocalMediaManager\Previews\ABW-124\ABW-124_010.jpg","实体已登记到 MovieId 2195，禁止自动复用","70","ManualReview","LowConfidence","置信度低于 80，仅供人工核对。","False","False"
"13246","4335","ABW-124","Z:\bcbcbcbc\ca-ES\data\未分类2\ABW-124.mp4","Preview","","","Z:\bcbcbcbc\ca-ES\LocalMediaManager\Previews\ABW-124\ABW-124_011.jpg","实体已登记到 MovieId 2195，禁止自动复用","70","ManualReview","LowConfidence","置信度低于 80，仅供人工核对。","False","False"
"13246","4335","ABW-124","Z:\bcbcbcbc\ca-ES\data\未分类2\ABW-124.mp4","Preview","","","Z:\bcbcbcbc\ca-ES\LocalMediaManager\Previews\ABW-124\ABW-124_012.jpg","实体已登记到 MovieId 2195，禁止自动复用","70","ManualReview","LowConfidence","置信度低于 80，仅供人工核对。","False","False"
"13246","4336","ABW-343","Z:\bcbcbcbc\ca-ES\data\未分类2\ABW-343.mp4","Preview","","","Z:\bcbcbcbc\ca-ES\LocalMediaManager\Previews\ABW-343\12.jpg","实体已登记到 MovieId 4268，禁止自动复用","70","ManualReview","LowConfidence","置信度低于 80，仅供人工核对。","False","False"
"13246","4336","ABW-343","Z:\bcbcbcbc\ca-ES\data\未分类2\ABW-343.mp4","Preview","","","Z:\bcbcbcbc\ca-ES\LocalMediaManager\Previews\ABW-343\13.jpg","实体已登记到 MovieId 4268，禁止自动复用","70","ManualReview","LowConfidence","置信度低于 80，仅供人工核对。","False","False"
"13246","4336","ABW-343","Z:\bcbcbcbc\ca-ES\data\未分类2\ABW-343.mp4","Preview","","","Z:\bcbcbcbc\ca-ES\LocalMediaManager\Previews\ABW-343\14.jpg","实体已登记到 MovieId 4268，禁止自动复用","70","ManualReview","LowConfidence","置信度低于 80，仅供人工核对。","False","False"
"13246","4336","ABW-343","Z:\bcbcbcbc\ca-ES\data\未分类2\ABW-343.mp4","Preview","","","Z:\bcbcbcbc\ca-ES\LocalMediaManager\Previews\ABW-343\15.jpg","实体已登记到 MovieId 4268，禁止自动复用","70","ManualReview","LowConfidence","置信度低于 80，仅供人工核对。","False","False"
"13246","4336","ABW-343","Z:\bcbcbcbc\ca-ES\data\未分类2\ABW-343.mp4","Preview","","","Z:\bcbcbcbc\ca-ES\LocalMediaManager\Previews\ABW-343\16.jpg","实体已登记到 MovieId 4268，禁止自动复用","70","ManualReview","LowConfidence","置信度低于 80，仅供人工核对。","False","False"
"13246","4336","ABW-343","Z:\bcbcbcbc\ca-ES\data\未分类2\ABW-343.mp4","Preview","","","Z:\bcbcbcbc\ca-ES\LocalMediaManager\Previews\ABW-343\17.jpg","实体已登记到 MovieId 4268，禁止自动复用","70","ManualReview","LowConfidence","置信度低于 80，仅供人工核对。","False","False"
"13246","4336","ABW-343","Z:\bcbcbcbc\ca-ES\data\未分类2\ABW-343.mp4","Preview","","","Z:\bcbcbcbc\ca-ES\LocalMediaManager\Previews\ABW-343\18.jpg","实体已登记到 MovieId 4268，禁止自动复用","70","ManualReview","LowConfidence","置信度低于 80，仅供人工核对。","False","False"
"13246","4336","ABW-343","Z:\bcbcbcbc\ca-ES\data\未分类2\ABW-343.mp4","Preview","","","Z:\bcbcbcbc\ca-ES\LocalMediaManager\Previews\ABW-343\19.jpg","实体已登记到 MovieId 4268，禁止自动复用","70","ManualReview","LowConfidence","置信度低于 80，仅供人工核对。","False","False"
"13246","4336","ABW-343","Z:\bcbcbcbc\ca-ES\data\未分类2\ABW-343.mp4","Preview","","","Z:\bcbcbcbc\ca-ES\LocalMediaManager\Previews\ABW-343\20.jpg","实体已登记到 MovieId 4268，禁止自动复用","70","ManualReview","LowConfidence","置信度低于 80，仅供人工核对。","False","False"
"13246","4336","ABW-343","Z:\bcbcbcbc\ca-ES\data\未分类2\ABW-343.mp4","Preview","","","Z:\bcbcbcbc\ca-ES\LocalMediaManager\Previews\ABW-343\21.jpg","实体已登记到 MovieId 4268，禁止自动复用","70","ManualReview","LowConfidence","置信度低于 80，仅供人工核对。","False","False"
"13246","4336","ABW-343","Z:\bcbcbcbc\ca-ES\data\未分类2\ABW-343.mp4","Preview","","","Z:\bcbcbcbc\ca-ES\LocalMediaManager\Previews\ABW-343\22.jpg","实体已登记到 MovieId 4268，禁止自动复用","70","ManualReview","LowConfidence","置信度低于 80，仅供人工核对。","False","False"
"13246","4340","IDBD-942","Z:\bcbcbcbc\ca-ES\data\未分类2\IDBD-942.mp4","Preview","","","Z:\bcbcbcbc\ca-ES\LocalMediaManager\Previews\IDBD-942\IDBD-942_001.jpg","实体已登记到 MovieId 2199，禁止自动复用","70","ManualReview","LowConfidence","置信度低于 80，仅供人工核对。","False","False"
"13246","4340","IDBD-942","Z:\bcbcbcbc\ca-ES\data\未分类2\IDBD-942.mp4","Preview","","","Z:\bcbcbcbc\ca-ES\LocalMediaManager\Previews\IDBD-942\IDBD-942_002.jpg","实体已登记到 MovieId 2199，禁止自动复用","70","ManualReview","LowConfidence","置信度低于 80，仅供人工核对。","False","False"
"13246","4340","IDBD-942","Z:\bcbcbcbc\ca-ES\data\未分类2\IDBD-942.mp4","Preview","","","Z:\bcbcbcbc\ca-ES\LocalMediaManager\Previews\IDBD-942\IDBD-942_003.jpg","实体已登记到 MovieId 2199，禁止自动复用","70","ManualReview","LowConfidence","置信度低于 80，仅供人工核对。","False","False"
"13246","4340","IDBD-942","Z:\bcbcbcbc\ca-ES\data\未分类2\IDBD-942.mp4","Preview","","","Z:\bcbcbcbc\ca-ES\LocalMediaManager\Previews\IDBD-942\IDBD-942_004.jpg","实体已登记到 MovieId 2199，禁止自动复用","70","ManualReview","LowConfidence","置信度低于 80，仅供人工核对。","False","False"
"13246","4340","IDBD-942","Z:\bcbcbcbc\ca-ES\data\未分类2\IDBD-942.mp4","Preview","","","Z:\bcbcbcbc\ca-ES\LocalMediaManager\Previews\IDBD-942\IDBD-942_005.jpg","实体已登记到 MovieId 2199，禁止自动复用","70","ManualReview","LowConfidence","置信度低于 80，仅供人工核对。","False","False"
"13246","4340","IDBD-942","Z:\bcbcbcbc\ca-ES\data\未分类2\IDBD-942.mp4","Preview","","","Z:\bcbcbcbc\ca-ES\LocalMediaManager\Previews\IDBD-942\IDBD-942_006.jpg","实体已登记到 MovieId 2199，禁止自动复用","70","ManualReview","LowConfidence","置信度低于 80，仅供人工核对。","False","False"
"13246","4340","IDBD-942","Z:\bcbcbcbc\ca-ES\data\未分类2\IDBD-942.mp4","Preview","","","Z:\bcbcbcbc\ca-ES\LocalMediaManager\Previews\IDBD-942\IDBD-942_007.jpg","实体已登记到 MovieId 2199，禁止自动复用","70","ManualReview","LowConfidence","置信度低于 80，仅供人工核对。","False","False"
"13246","4340","IDBD-942","Z:\bcbcbcbc\ca-ES\data\未分类2\IDBD-942.mp4","Preview","","","Z:\bcbcbcbc\ca-ES\LocalMediaManager\Previews\IDBD-942\IDBD-942_008.jpg","实体已登记到 MovieId 2199，禁止自动复用","70","ManualReview","LowConfidence","置信度低于 80，仅供人工核对。","False","False"
"13246","4340","IDBD-942","Z:\bcbcbcbc\ca-ES\data\未分类2\IDBD-942.mp4","Preview","","","Z:\bcbcbcbc\ca-ES\LocalMediaManager\Previews\IDBD-942\IDBD-942_009.jpg","实体已登记到 MovieId 2199，禁止自动复用","70","ManualReview","LowConfidence","置信度低于 80，仅供人工核对。","False","False"
"13246","4340","IDBD-942","Z:\bcbcbcbc\ca-ES\data\未分类2\IDBD-942.mp4","Preview","","","Z:\bcbcbcbc\ca-ES\LocalMediaManager\Previews\IDBD-942\IDBD-942_010.jpg","实体已登记到 MovieId 2199，禁止自动复用","70","ManualReview","LowConfidence","置信度低于 80，仅供人工核对。","False","False"
"13246","4340","IDBD-942","Z:\bcbcbcbc\ca-ES\data\未分类2\IDBD-942.mp4","Preview","","","Z:\bcbcbcbc\ca-ES\LocalMediaManager\Previews\IDBD-942\IDBD-942_011.jpg","实体已登记到 MovieId 2199，禁止自动复用","70","ManualReview","LowConfidence","置信度低于 80，仅供人工核对。","False","False"
"13246","4340","IDBD-942","Z:\bcbcbcbc\ca-ES\data\未分类2\IDBD-942.mp4","Preview","","","Z:\bcbcbcbc\ca-ES\LocalMediaManager\Previews\IDBD-942\IDBD-942_012.jpg","实体已登记到 MovieId 2199，禁止自动复用","70","ManualReview","LowConfidence","置信度低于 80，仅供人工核对。","False","False"
"13246","4341","IPZZ-528","Z:\bcbcbcbc\ca-ES\data\未分类2\IPZZ-528.mp4","Preview","","","Z:\bcbcbcbc\ca-ES\LocalMediaManager\Previews\IPZZ-528\IPZZ-528_001.jpg","实体已登记到 MovieId 2202，禁止自动复用","70","ManualReview","LowConfidence","置信度低于 80，仅供人工核对。","False","False"
"13246","4341","IPZZ-528","Z:\bcbcbcbc\ca-ES\data\未分类2\IPZZ-528.mp4","Preview","","","Z:\bcbcbcbc\ca-ES\LocalMediaManager\Previews\IPZZ-528\IPZZ-528_002.jpg","实体已登记到 MovieId 2202，禁止自动复用","70","ManualReview","LowConfidence","置信度低于 80，仅供人工核对。","False","False"
"13246","4341","IPZZ-528","Z:\bcbcbcbc\ca-ES\data\未分类2\IPZZ-528.mp4","Preview","","","Z:\bcbcbcbc\ca-ES\LocalMediaManager\Previews\IPZZ-528\IPZZ-528_003.jpg","实体已登记到 MovieId 2202，禁止自动复用","70","ManualReview","LowConfidence","置信度低于 80，仅供人工核对。","False","False"
"13246","4341","IPZZ-528","Z:\bcbcbcbc\ca-ES\data\未分类2\IPZZ-528.mp4","Preview","","","Z:\bcbcbcbc\ca-ES\LocalMediaManager\Previews\IPZZ-528\IPZZ-528_004.jpg","实体已登记到 MovieId 2202，禁止自动复用","70","ManualReview","LowConfidence","置信度低于 80，仅供人工核对。","False","False"
"13246","4341","IPZZ-528","Z:\bcbcbcbc\ca-ES\data\未分类2\IPZZ-528.mp4","Preview","","","Z:\bcbcbcbc\ca-ES\LocalMediaManager\Previews\IPZZ-528\IPZZ-528_005.jpg","实体已登记到 MovieId 2202，禁止自动复用","70","ManualReview","LowConfidence","置信度低于 80，仅供人工核对。","False","False"
"13246","4341","IPZZ-528","Z:\bcbcbcbc\ca-ES\data\未分类2\IPZZ-528.mp4","Preview","","","Z:\bcbcbcbc\ca-ES\LocalMediaManager\Previews\IPZZ-528\IPZZ-528_006.jpg","实体已登记到 MovieId 2202，禁止自动复用","70","ManualReview","LowConfidence","置信度低于 80，仅供人工核对。","False","False"
"13246","4341","IPZZ-528","Z:\bcbcbcbc\ca-ES\data\未分类2\IPZZ-528.mp4","Preview","","","Z:\bcbcbcbc\ca-ES\LocalMediaManager\Previews\IPZZ-528\IPZZ-528_007.jpg","实体已登记到 MovieId 2202，禁止自动复用","70","ManualReview","LowConfidence","置信度低于 80，仅供人工核对。","False","False"
"13246","4341","IPZZ-528","Z:\bcbcbcbc\ca-ES\data\未分类2\IPZZ-528.mp4","Preview","","","Z:\bcbcbcbc\ca-ES\LocalMediaManager\Previews\IPZZ-528\IPZZ-528_008.jpg","实体已登记到 MovieId 2202，禁止自动复用","70","ManualReview","LowConfidence","置信度低于 80，仅供人工核对。","False","False"
"13246","4341","IPZZ-528","Z:\bcbcbcbc\ca-ES\data\未分类2\IPZZ-528.mp4","Preview","","","Z:\bcbcbcbc\ca-ES\LocalMediaManager\Previews\IPZZ-528\IPZZ-528_009.jpg","实体已登记到 MovieId 2202，禁止自动复用","70","ManualReview","LowConfidence","置信度低于 80，仅供人工核对。","False","False"
"13246","4341","IPZZ-528","Z:\bcbcbcbc\ca-ES\data\未分类2\IPZZ-528.mp4","Preview","","","Z:\bcbcbcbc\ca-ES\LocalMediaManager\Previews\IPZZ-528\IPZZ-528_010.jpg","实体已登记到 MovieId 2202，禁止自动复用","70","ManualReview","LowConfidence","置信度低于 80，仅供人工核对。","False","False"
"13246","4341","IPZZ-528","Z:\bcbcbcbc\ca-ES\data\未分类2\IPZZ-528.mp4","Preview","","","Z:\bcbcbcbc\ca-ES\LocalMediaManager\Previews\IPZZ-528\IPZZ-528_011.jpg","实体已登记到 MovieId 2202，禁止自动复用","70","ManualReview","LowConfidence","置信度低于 80，仅供人工核对。","False","False"
"13246","4341","IPZZ-528","Z:\bcbcbcbc\ca-ES\data\未分类2\IPZZ-528.mp4","Preview","","","Z:\bcbcbcbc\ca-ES\LocalMediaManager\Previews\IPZZ-528\IPZZ-528_012.jpg","实体已登记到 MovieId 2202，禁止自动复用","70","ManualReview","LowConfidence","置信度低于 80，仅供人工核对。","False","False"
"13246","4343","MFYD-029","Z:\bcbcbcbc\ca-ES\data\未分类2\MFYD-029.mp4","Preview","","","Z:\bcbcbcbc\ca-ES\LocalMediaManager\Previews\MFYD-029\MFYD-029_001.jpg","实体已登记到 MovieId 2205，禁止自动复用","70","ManualReview","LowConfidence","置信度低于 80，仅供人工核对。","False","False"
"13246","4343","MFYD-029","Z:\bcbcbcbc\ca-ES\data\未分类2\MFYD-029.mp4","Preview","","","Z:\bcbcbcbc\ca-ES\LocalMediaManager\Previews\MFYD-029\MFYD-029_002.jpg","实体已登记到 MovieId 2205，禁止自动复用","70","ManualReview","LowConfidence","置信度低于 80，仅供人工核对。","False","False"
"13246","4343","MFYD-029","Z:\bcbcbcbc\ca-ES\data\未分类2\MFYD-029.mp4","Preview","","","Z:\bcbcbcbc\ca-ES\LocalMediaManager\Previews\MFYD-029\MFYD-029_003.jpg","实体已登记到 MovieId 2205，禁止自动复用","70","ManualReview","LowConfidence","置信度低于 80，仅供人工核对。","False","False"
"13246","4343","MFYD-029","Z:\bcbcbcbc\ca-ES\data\未分类2\MFYD-029.mp4","Preview","","","Z:\bcbcbcbc\ca-ES\LocalMediaManager\Previews\MFYD-029\MFYD-029_004.jpg","实体已登记到 MovieId 2205，禁止自动复用","70","ManualReview","LowConfidence","置信度低于 80，仅供人工核对。","False","False"
"13246","4343","MFYD-029","Z:\bcbcbcbc\ca-ES\data\未分类2\MFYD-029.mp4","Preview","","","Z:\bcbcbcbc\ca-ES\LocalMediaManager\Previews\MFYD-029\MFYD-029_005.jpg","实体已登记到 MovieId 2205，禁止自动复用","70","ManualReview","LowConfidence","置信度低于 80，仅供人工核对。","False","False"
"13246","4343","MFYD-029","Z:\bcbcbcbc\ca-ES\data\未分类2\MFYD-029.mp4","Preview","","","Z:\bcbcbcbc\ca-ES\LocalMediaManager\Previews\MFYD-029\MFYD-029_006.jpg","实体已登记到 MovieId 2205，禁止自动复用","70","ManualReview","LowConfidence","置信度低于 80，仅供人工核对。","False","False"
"13246","4343","MFYD-029","Z:\bcbcbcbc\ca-ES\data\未分类2\MFYD-029.mp4","Preview","","","Z:\bcbcbcbc\ca-ES\LocalMediaManager\Previews\MFYD-029\MFYD-029_007.jpg","实体已登记到 MovieId 2205，禁止自动复用","70","ManualReview","LowConfidence","置信度低于 80，仅供人工核对。","False","False"
"13246","4343","MFYD-029","Z:\bcbcbcbc\ca-ES\data\未分类2\MFYD-029.mp4","Preview","","","Z:\bcbcbcbc\ca-ES\LocalMediaManager\Previews\MFYD-029\MFYD-029_008.jpg","实体已登记到 MovieId 2205，禁止自动复用","70","ManualReview","LowConfidence","置信度低于 80，仅供人工核对。","False","False"
"13246","4343","MFYD-029","Z:\bcbcbcbc\ca-ES\data\未分类2\MFYD-029.mp4","Preview","","","Z:\bcbcbcbc\ca-ES\LocalMediaManager\Previews\MFYD-029\MFYD-029_009.jpg","实体已登记到 MovieId 2205，禁止自动复用","70","ManualReview","LowConfidence","置信度低于 80，仅供人工核对。","False","False"
"13246","4343","MFYD-029","Z:\bcbcbcbc\ca-ES\data\未分类2\MFYD-029.mp4","Preview","","","Z:\bcbcbcbc\ca-ES\LocalMediaManager\Previews\MFYD-029\MFYD-029_010.jpg","实体已登记到 MovieId 2205，禁止自动复用","70","ManualReview","LowConfidence","置信度低于 80，仅供人工核对。","False","False"
"13246","4343","MFYD-029","Z:\bcbcbcbc\ca-ES\data\未分类2\MFYD-029.mp4","Preview","","","Z:\bcbcbcbc\ca-ES\LocalMediaManager\Previews\MFYD-029\MFYD-029_011.jpg","实体已登记到 MovieId 2205，禁止自动复用","70","ManualReview","LowConfidence","置信度低于 80，仅供人工核对。","False","False"
"13246","4343","MFYD-029","Z:\bcbcbcbc\ca-ES\data\未分类2\MFYD-029.mp4","Preview","","","Z:\bcbcbcbc\ca-ES\LocalMediaManager\Previews\MFYD-029\MFYD-029_012.jpg","实体已登记到 MovieId 2205，禁止自动复用","70","ManualReview","LowConfidence","置信度低于 80，仅供人工核对。","False","False"
"13246","4346","MIKR-103","Z:\bcbcbcbc\ca-ES\data\未分类2\MIKR-103.mp4","Preview","","","Z:\bcbcbcbc\ca-ES\LocalMediaManager\Previews\MIKR-103\MIKR-103_001.jpg","实体已登记到 MovieId 2208，禁止自动复用","70","ManualReview","LowConfidence","置信度低于 80，仅供人工核对。","False","False"
"13246","4346","MIKR-103","Z:\bcbcbcbc\ca-ES\data\未分类2\MIKR-103.mp4","Preview","","","Z:\bcbcbcbc\ca-ES\LocalMediaManager\Previews\MIKR-103\MIKR-103_002.jpg","实体已登记到 MovieId 2208，禁止自动复用","70","ManualReview","LowConfidence","置信度低于 80，仅供人工核对。","False","False"
"13246","4346","MIKR-103","Z:\bcbcbcbc\ca-ES\data\未分类2\MIKR-103.mp4","Preview","","","Z:\bcbcbcbc\ca-ES\LocalMediaManager\Previews\MIKR-103\MIKR-103_003.jpg","实体已登记到 MovieId 2208，禁止自动复用","70","ManualReview","LowConfidence","置信度低于 80，仅供人工核对。","False","False"
"13246","4346","MIKR-103","Z:\bcbcbcbc\ca-ES\data\未分类2\MIKR-103.mp4","Preview","","","Z:\bcbcbcbc\ca-ES\LocalMediaManager\Previews\MIKR-103\MIKR-103_004.jpg","实体已登记到 MovieId 2208，禁止自动复用","70","ManualReview","LowConfidence","置信度低于 80，仅供人工核对。","False","False"
"13246","4346","MIKR-103","Z:\bcbcbcbc\ca-ES\data\未分类2\MIKR-103.mp4","Preview","","","Z:\bcbcbcbc\ca-ES\LocalMediaManager\Previews\MIKR-103\MIKR-103_005.jpg","实体已登记到 MovieId 2208，禁止自动复用","70","ManualReview","LowConfidence","置信度低于 80，仅供人工核对。","False","False"
"13246","4346","MIKR-103","Z:\bcbcbcbc\ca-ES\data\未分类2\MIKR-103.mp4","Preview","","","Z:\bcbcbcbc\ca-ES\LocalMediaManager\Previews\MIKR-103\MIKR-103_006.jpg","实体已登记到 MovieId 2208，禁止自动复用","70","ManualReview","LowConfidence","置信度低于 80，仅供人工核对。","False","False"
"13246","4346","MIKR-103","Z:\bcbcbcbc\ca-ES\data\未分类2\MIKR-103.mp4","Preview","","","Z:\bcbcbcbc\ca-ES\LocalMediaManager\Previews\MIKR-103\MIKR-103_007.jpg","实体已登记到 MovieId 2208，禁止自动复用","70","ManualReview","LowConfidence","置信度低于 80，仅供人工核对。","False","False"
"13246","4346","MIKR-103","Z:\bcbcbcbc\ca-ES\data\未分类2\MIKR-103.mp4","Preview","","","Z:\bcbcbcbc\ca-ES\LocalMediaManager\Previews\MIKR-103\MIKR-103_008.jpg","实体已登记到 MovieId 2208，禁止自动复用","70","ManualReview","LowConfidence","置信度低于 80，仅供人工核对。","False","False"
"13246","4346","MIKR-103","Z:\bcbcbcbc\ca-ES\data\未分类2\MIKR-103.mp4","Preview","","","Z:\bcbcbcbc\ca-ES\LocalMediaManager\Previews\MIKR-103\MIKR-103_009.jpg","实体已登记到 MovieId 2208，禁止自动复用","70","ManualReview","LowConfidence","置信度低于 80，仅供人工核对。","False","False"
"13246","4346","MIKR-103","Z:\bcbcbcbc\ca-ES\data\未分类2\MIKR-103.mp4","Preview","","","Z:\bcbcbcbc\ca-ES\LocalMediaManager\Previews\MIKR-103\MIKR-103_010.jpg","实体已登记到 MovieId 2208，禁止自动复用","70","ManualReview","LowConfidence","置信度低于 80，仅供人工核对。","False","False"
"13246","4346","MIKR-103","Z:\bcbcbcbc\ca-ES\data\未分类2\MIKR-103.mp4","Preview","","","Z:\bcbcbcbc\ca-ES\LocalMediaManager\Previews\MIKR-103\MIKR-103_011.jpg","实体已登记到 MovieId 2208，禁止自动复用","70","ManualReview","LowConfidence","置信度低于 80，仅供人工核对。","False","False"
"13246","4349","PRWF-011","Z:\bcbcbcbc\ca-ES\data\未分类2\PRWF-011.mp4","Preview","","","Z:\bcbcbcbc\ca-ES\LocalMediaManager\Previews\PRWF-011\PRWF-011_001.jpg","实体已登记到 MovieId 2189，禁止自动复用","70","ManualReview","LowConfidence","置信度低于 80，仅供人工核对。","False","False"
"13246","4349","PRWF-011","Z:\bcbcbcbc\ca-ES\data\未分类2\PRWF-011.mp4","Preview","","","Z:\bcbcbcbc\ca-ES\LocalMediaManager\Previews\PRWF-011\PRWF-011_002.jpg","实体已登记到 MovieId 2189，禁止自动复用","70","ManualReview","LowConfidence","置信度低于 80，仅供人工核对。","False","False"
"13246","4349","PRWF-011","Z:\bcbcbcbc\ca-ES\data\未分类2\PRWF-011.mp4","Preview","","","Z:\bcbcbcbc\ca-ES\LocalMediaManager\Previews\PRWF-011\PRWF-011_003.jpg","实体已登记到 MovieId 2189，禁止自动复用","70","ManualReview","LowConfidence","置信度低于 80，仅供人工核对。","False","False"
"13246","4349","PRWF-011","Z:\bcbcbcbc\ca-ES\data\未分类2\PRWF-011.mp4","Preview","","","Z:\bcbcbcbc\ca-ES\LocalMediaManager\Previews\PRWF-011\PRWF-011_004.jpg","实体已登记到 MovieId 2189，禁止自动复用","70","ManualReview","LowConfidence","置信度低于 80，仅供人工核对。","False","False"
"13246","4349","PRWF-011","Z:\bcbcbcbc\ca-ES\data\未分类2\PRWF-011.mp4","Preview","","","Z:\bcbcbcbc\ca-ES\LocalMediaManager\Previews\PRWF-011\PRWF-011_005.jpg","实体已登记到 MovieId 2189，禁止自动复用","70","ManualReview","LowConfidence","置信度低于 80，仅供人工核对。","False","False"
"13246","4349","PRWF-011","Z:\bcbcbcbc\ca-ES\data\未分类2\PRWF-011.mp4","Preview","","","Z:\bcbcbcbc\ca-ES\LocalMediaManager\Previews\PRWF-011\PRWF-011_006.jpg","实体已登记到 MovieId 2189，禁止自动复用","70","ManualReview","LowConfidence","置信度低于 80，仅供人工核对。","False","False"
"13246","4349","PRWF-011","Z:\bcbcbcbc\ca-ES\data\未分类2\PRWF-011.mp4","Preview","","","Z:\bcbcbcbc\ca-ES\LocalMediaManager\Previews\PRWF-011\PRWF-011_007.jpg","实体已登记到 MovieId 2189，禁止自动复用","70","ManualReview","LowConfidence","置信度低于 80，仅供人工核对。","False","False"
"13246","4349","PRWF-011","Z:\bcbcbcbc\ca-ES\data\未分类2\PRWF-011.mp4","Preview","","","Z:\bcbcbcbc\ca-ES\LocalMediaManager\Previews\PRWF-011\PRWF-011_008.jpg","实体已登记到 MovieId 2189，禁止自动复用","70","ManualReview","LowConfidence","置信度低于 80，仅供人工核对。","False","False"
"13246","4349","PRWF-011","Z:\bcbcbcbc\ca-ES\data\未分类2\PRWF-011.mp4","Preview","","","Z:\bcbcbcbc\ca-ES\LocalMediaManager\Previews\PRWF-011\PRWF-011_009.jpg","实体已登记到 MovieId 2189，禁止自动复用","70","ManualReview","LowConfidence","置信度低于 80，仅供人工核对。","False","False"
"13246","4349","PRWF-011","Z:\bcbcbcbc\ca-ES\data\未分类2\PRWF-011.mp4","Preview","","","Z:\bcbcbcbc\ca-ES\LocalMediaManager\Previews\PRWF-011\PRWF-011_010.jpg","实体已登记到 MovieId 2189，禁止自动复用","70","ManualReview","LowConfidence","置信度低于 80，仅供人工核对。","False","False"
"13246","4350","SSIS-845","Z:\bcbcbcbc\ca-ES\data\未分类2\SSIS-845.mp4","Fanart","","","Z:\bcbcbcbc\ca-ES\LocalMediaManager\Fanart\SSIS-845.jpg","实体已登记到 MovieId 2847，禁止自动复用","70","ManualReview","LowConfidence","置信度低于 80，仅供人工核对。","False","False"
"13246","4350","SSIS-845","Z:\bcbcbcbc\ca-ES\data\未分类2\SSIS-845.mp4","Fanart","","","Z:\bcbcbcbc\ca-ES\LocalMediaManager\Fanart\SSIS-845\SSIS-845.jpg","实体已登记到 MovieId 2847，禁止自动复用","70","ManualReview","LowConfidence","置信度低于 80，仅供人工核对。","False","False"
"13246","4350","SSIS-845","Z:\bcbcbcbc\ca-ES\data\未分类2\SSIS-845.mp4","Poster","","","Z:\bcbcbcbc\ca-ES\LocalMediaManager\Covers\SSIS-845\SSIS-845.jpg","文件名与当前视频文件名完全一致","100","RegisterImage","Safe","唯一高置信度实体，可在确认后建立或修正关联。","True","False"
"13246","4350","SSIS-845","Z:\bcbcbcbc\ca-ES\data\未分类2\SSIS-845.mp4","Preview","","","Z:\bcbcbcbc\ca-ES\LocalMediaManager\Previews\SSIS-845\01.jpg","实体已登记到 MovieId 2847，禁止自动复用","70","ManualReview","LowConfidence","置信度低于 80，仅供人工核对。","False","False"
"13246","4350","SSIS-845","Z:\bcbcbcbc\ca-ES\data\未分类2\SSIS-845.mp4","Preview","","","Z:\bcbcbcbc\ca-ES\LocalMediaManager\Previews\SSIS-845\02.jpg","实体已登记到 MovieId 2847，禁止自动复用","70","ManualReview","LowConfidence","置信度低于 80，仅供人工核对。","False","False"
"13246","4350","SSIS-845","Z:\bcbcbcbc\ca-ES\data\未分类2\SSIS-845.mp4","Preview","","","Z:\bcbcbcbc\ca-ES\LocalMediaManager\Previews\SSIS-845\03.jpg","实体已登记到 MovieId 2847，禁止自动复用","70","ManualReview","LowConfidence","置信度低于 80，仅供人工核对。","False","False"
"13246","4350","SSIS-845","Z:\bcbcbcbc\ca-ES\data\未分类2\SSIS-845.mp4","Preview","","","Z:\bcbcbcbc\ca-ES\LocalMediaManager\Previews\SSIS-845\04.jpg","实体已登记到 MovieId 2847，禁止自动复用","70","ManualReview","LowConfidence","置信度低于 80，仅供人工核对。","False","False"
"13246","4350","SSIS-845","Z:\bcbcbcbc\ca-ES\data\未分类2\SSIS-845.mp4","Preview","","","Z:\bcbcbcbc\ca-ES\LocalMediaManager\Previews\SSIS-845\05.jpg","实体已登记到 MovieId 2847，禁止自动复用","70","ManualReview","LowConfidence","置信度低于 80，仅供人工核对。","False","False"
"13246","4350","SSIS-845","Z:\bcbcbcbc\ca-ES\data\未分类2\SSIS-845.mp4","Preview","","","Z:\bcbcbcbc\ca-ES\LocalMediaManager\Previews\SSIS-845\06.jpg","实体已登记到 MovieId 2847，禁止自动复用","70","ManualReview","LowConfidence","置信度低于 80，仅供人工核对。","False","False"
"13246","4350","SSIS-845","Z:\bcbcbcbc\ca-ES\data\未分类2\SSIS-845.mp4","Preview","","","Z:\bcbcbcbc\ca-ES\LocalMediaManager\Previews\SSIS-845\07.jpg","实体已登记到 MovieId 2847，禁止自动复用","70","ManualReview","LowConfidence","置信度低于 80，仅供人工核对。","False","False"
"13246","4350","SSIS-845","Z:\bcbcbcbc\ca-ES\data\未分类2\SSIS-845.mp4","Preview","","","Z:\bcbcbcbc\ca-ES\LocalMediaManager\Previews\SSIS-845\08.jpg","实体已登记到 MovieId 2847，禁止自动复用","70","ManualReview","LowConfidence","置信度低于 80，仅供人工核对。","False","False"
"13246","4350","SSIS-845","Z:\bcbcbcbc\ca-ES\data\未分类2\SSIS-845.mp4","Preview","","","Z:\bcbcbcbc\ca-ES\LocalMediaManager\Previews\SSIS-845\09.jpg","实体已登记到 MovieId 2847，禁止自动复用","70","ManualReview","LowConfidence","置信度低于 80，仅供人工核对。","False","False"
"13246","4350","SSIS-845","Z:\bcbcbcbc\ca-ES\data\未分类2\SSIS-845.mp4","Preview","","","Z:\bcbcbcbc\ca-ES\LocalMediaManager\Previews\SSIS-845\10.jpg","实体已登记到 MovieId 2847，禁止自动复用","70","ManualReview","LowConfidence","置信度低于 80，仅供人工核对。","False","False"
"13246","4350","SSIS-845","Z:\bcbcbcbc\ca-ES\data\未分类2\SSIS-845.mp4","Preview","","","Z:\bcbcbcbc\ca-ES\LocalMediaManager\Previews\SSIS-845\11.jpg","实体已登记到 MovieId 2847，禁止自动复用","70","ManualReview","LowConfidence","置信度低于 80，仅供人工核对。","False","False"
"13246","4350","SSIS-845","Z:\bcbcbcbc\ca-ES\data\未分类2\SSIS-845.mp4","Preview","","","Z:\bcbcbcbc\ca-ES\LocalMediaManager\Previews\SSIS-845\12.jpg","实体已登记到 MovieId 2847，禁止自动复用","70","ManualReview","LowConfidence","置信度低于 80，仅供人工核对。","False","False"
"13246","4350","SSIS-845","Z:\bcbcbcbc\ca-ES\data\未分类2\SSIS-845.mp4","Preview","","","Z:\bcbcbcbc\ca-ES\LocalMediaManager\Previews\SSIS-845\13.jpg","实体已登记到 MovieId 2847，禁止自动复用","70","ManualReview","LowConfidence","置信度低于 80，仅供人工核对。","False","False"
"13246","4350","SSIS-845","Z:\bcbcbcbc\ca-ES\data\未分类2\SSIS-845.mp4","Preview","","","Z:\bcbcbcbc\ca-ES\LocalMediaManager\Previews\SSIS-845\14.jpg","实体已登记到 MovieId 2847，禁止自动复用","70","ManualReview","LowConfidence","置信度低于 80，仅供人工核对。","False","False"
"13246","4350","SSIS-845","Z:\bcbcbcbc\ca-ES\data\未分类2\SSIS-845.mp4","Preview","","","Z:\bcbcbcbc\ca-ES\LocalMediaManager\Previews\SSIS-845\15.jpg","实体已登记到 MovieId 2847，禁止自动复用","70","ManualReview","LowConfidence","置信度低于 80，仅供人工核对。","False","False"
"13246","4350","SSIS-845","Z:\bcbcbcbc\ca-ES\data\未分类2\SSIS-845.mp4","Preview","","","Z:\bcbcbcbc\ca-ES\LocalMediaManager\Previews\SSIS-845\16.jpg","实体已登记到 MovieId 2847，禁止自动复用","70","ManualReview","LowConfidence","置信度低于 80，仅供人工核对。","False","False"
"13246","4350","SSIS-845","Z:\bcbcbcbc\ca-ES\data\未分类2\SSIS-845.mp4","Preview","","","Z:\bcbcbcbc\ca-ES\LocalMediaManager\Previews\SSIS-845\17.jpg","实体已登记到 MovieId 2847，禁止自动复用","70","ManualReview","LowConfidence","置信度低于 80，仅供人工核对。","False","False"
"13246","4350","SSIS-845","Z:\bcbcbcbc\ca-ES\data\未分类2\SSIS-845.mp4","Preview","","","Z:\bcbcbcbc\ca-ES\LocalMediaManager\Previews\SSIS-845\18.jpg","实体已登记到 MovieId 2847，禁止自动复用","70","ManualReview","LowConfidence","置信度低于 80，仅供人工核对。","False","False"
"13246","4350","SSIS-845","Z:\bcbcbcbc\ca-ES\data\未分类2\SSIS-845.mp4","Preview","","","Z:\bcbcbcbc\ca-ES\LocalMediaManager\Previews\SSIS-845\19.jpg","实体已登记到 MovieId 2847，禁止自动复用","70","ManualReview","LowConfidence","置信度低于 80，仅供人工核对。","False","False"
"13246","4350","SSIS-845","Z:\bcbcbcbc\ca-ES\data\未分类2\SSIS-845.mp4","Preview","","","Z:\bcbcbcbc\ca-ES\LocalMediaManager\Previews\SSIS-845\20.jpg","实体已登记到 MovieId 2847，禁止自动复用","70","ManualReview","LowConfidence","置信度低于 80，仅供人工核对。","False","False"
"13246","4350","SSIS-845","Z:\bcbcbcbc\ca-ES\data\未分类2\SSIS-845.mp4","Preview","","","Z:\bcbcbcbc\ca-ES\LocalMediaManager\Previews\SSIS-845\SSIS-845_001.jpg","实体已登记到 MovieId 1393，禁止自动复用","70","ManualReview","LowConfidence","置信度低于 80，仅供人工核对。","False","False"
"13246","4350","SSIS-845","Z:\bcbcbcbc\ca-ES\data\未分类2\SSIS-845.mp4","Preview","","","Z:\bcbcbcbc\ca-ES\LocalMediaManager\Previews\SSIS-845\SSIS-845_002.jpg","实体已登记到 MovieId 1393，禁止自动复用","70","ManualReview","LowConfidence","置信度低于 80，仅供人工核对。","False","False"
"13246","4350","SSIS-845","Z:\bcbcbcbc\ca-ES\data\未分类2\SSIS-845.mp4","Preview","","","Z:\bcbcbcbc\ca-ES\LocalMediaManager\Previews\SSIS-845\SSIS-845_003.jpg","实体已登记到 MovieId 1393，禁止自动复用","70","ManualReview","LowConfidence","置信度低于 80，仅供人工核对。","False","False"
"13246","4350","SSIS-845","Z:\bcbcbcbc\ca-ES\data\未分类2\SSIS-845.mp4","Preview","","","Z:\bcbcbcbc\ca-ES\LocalMediaManager\Previews\SSIS-845\SSIS-845_004.jpg","实体已登记到 MovieId 1393，禁止自动复用","70","ManualReview","LowConfidence","置信度低于 80，仅供人工核对。","False","False"
"13246","4350","SSIS-845","Z:\bcbcbcbc\ca-ES\data\未分类2\SSIS-845.mp4","Preview","","","Z:\bcbcbcbc\ca-ES\LocalMediaManager\Previews\SSIS-845\SSIS-845_005.jpg","实体已登记到 MovieId 1393，禁止自动复用","70","ManualReview","LowConfidence","置信度低于 80，仅供人工核对。","False","False"
"13246","4350","SSIS-845","Z:\bcbcbcbc\ca-ES\data\未分类2\SSIS-845.mp4","Preview","","","Z:\bcbcbcbc\ca-ES\LocalMediaManager\Previews\SSIS-845\SSIS-845_006.jpg","实体已登记到 MovieId 1393，禁止自动复用","70","ManualReview","LowConfidence","置信度低于 80，仅供人工核对。","False","False"
"13246","4350","SSIS-845","Z:\bcbcbcbc\ca-ES\data\未分类2\SSIS-845.mp4","Preview","","","Z:\bcbcbcbc\ca-ES\LocalMediaManager\Previews\SSIS-845\SSIS-845_007.jpg","实体已登记到 MovieId 1393，禁止自动复用","70","ManualReview","LowConfidence","置信度低于 80，仅供人工核对。","False","False"
"13246","4350","SSIS-845","Z:\bcbcbcbc\ca-ES\data\未分类2\SSIS-845.mp4","Preview","","","Z:\bcbcbcbc\ca-ES\LocalMediaManager\Previews\SSIS-845\SSIS-845_008.jpg","实体已登记到 MovieId 1393，禁止自动复用","70","ManualReview","LowConfidence","置信度低于 80，仅供人工核对。","False","False"
"13246","4350","SSIS-845","Z:\bcbcbcbc\ca-ES\data\未分类2\SSIS-845.mp4","Preview","","","Z:\bcbcbcbc\ca-ES\LocalMediaManager\Previews\SSIS-845\SSIS-845_009.jpg","实体已登记到 MovieId 1393，禁止自动复用","70","ManualReview","LowConfidence","置信度低于 80，仅供人工核对。","False","False"
"13246","4350","SSIS-845","Z:\bcbcbcbc\ca-ES\data\未分类2\SSIS-845.mp4","Preview","","","Z:\bcbcbcbc\ca-ES\LocalMediaManager\Previews\SSIS-845\SSIS-845_010.jpg","实体已登记到 MovieId 1393，禁止自动复用","70","ManualReview","LowConfidence","置信度低于 80，仅供人工核对。","False","False"
"13246","4351","START-514","Z:\bcbcbcbc\ca-ES\data\未分类2\START-514.mp4","Preview","","","Z:\bcbcbcbc\ca-ES\LocalMediaManager\Previews\START-514\START-514_001.jpg","实体已登记到 MovieId 2200，禁止自动复用","70","ManualReview","LowConfidence","置信度低于 80，仅供人工核对。","False","False"
"13246","4351","START-514","Z:\bcbcbcbc\ca-ES\data\未分类2\START-514.mp4","Preview","","","Z:\bcbcbcbc\ca-ES\LocalMediaManager\Previews\START-514\START-514_002.jpg","实体已登记到 MovieId 2200，禁止自动复用","70","ManualReview","LowConfidence","置信度低于 80，仅供人工核对。","False","False"
"13246","4351","START-514","Z:\bcbcbcbc\ca-ES\data\未分类2\START-514.mp4","Preview","","","Z:\bcbcbcbc\ca-ES\LocalMediaManager\Previews\START-514\START-514_003.jpg","实体已登记到 MovieId 2200，禁止自动复用","70","ManualReview","LowConfidence","置信度低于 80，仅供人工核对。","False","False"
"13246","4351","START-514","Z:\bcbcbcbc\ca-ES\data\未分类2\START-514.mp4","Preview","","","Z:\bcbcbcbc\ca-ES\LocalMediaManager\Previews\START-514\START-514_004.jpg","实体已登记到 MovieId 2200，禁止自动复用","70","ManualReview","LowConfidence","置信度低于 80，仅供人工核对。","False","False"
"13246","4351","START-514","Z:\bcbcbcbc\ca-ES\data\未分类2\START-514.mp4","Preview","","","Z:\bcbcbcbc\ca-ES\LocalMediaManager\Previews\START-514\START-514_005.jpg","实体已登记到 MovieId 2200，禁止自动复用","70","ManualReview","LowConfidence","置信度低于 80，仅供人工核对。","False","False"
"13246","4351","START-514","Z:\bcbcbcbc\ca-ES\data\未分类2\START-514.mp4","Preview","","","Z:\bcbcbcbc\ca-ES\LocalMediaManager\Previews\START-514\START-514_006.jpg","实体已登记到 MovieId 2200，禁止自动复用","70","ManualReview","LowConfidence","置信度低于 80，仅供人工核对。","False","False"
"13246","4351","START-514","Z:\bcbcbcbc\ca-ES\data\未分类2\START-514.mp4","Preview","","","Z:\bcbcbcbc\ca-ES\LocalMediaManager\Previews\START-514\START-514_007.jpg","实体已登记到 MovieId 2200，禁止自动复用","70","ManualReview","LowConfidence","置信度低于 80，仅供人工核对。","False","False"
"13246","4351","START-514","Z:\bcbcbcbc\ca-ES\data\未分类2\START-514.mp4","Preview","","","Z:\bcbcbcbc\ca-ES\LocalMediaManager\Previews\START-514\START-514_008.jpg","实体已登记到 MovieId 2200，禁止自动复用","70","ManualReview","LowConfidence","置信度低于 80，仅供人工核对。","False","False"
"13246","4351","START-514","Z:\bcbcbcbc\ca-ES\data\未分类2\START-514.mp4","Preview","","","Z:\bcbcbcbc\ca-ES\LocalMediaManager\Previews\START-514\START-514_009.jpg","实体已登记到 MovieId 2200，禁止自动复用","70","ManualReview","LowConfidence","置信度低于 80，仅供人工核对。","False","False"
"13246","4351","START-514","Z:\bcbcbcbc\ca-ES\data\未分类2\START-514.mp4","Preview","","","Z:\bcbcbcbc\ca-ES\LocalMediaManager\Previews\START-514\START-514_010.jpg","实体已登记到 MovieId 2200，禁止自动复用","70","ManualReview","LowConfidence","置信度低于 80，仅供人工核对。","False","False"
"13246","4351","START-514","Z:\bcbcbcbc\ca-ES\data\未分类2\START-514.mp4","Preview","","","Z:\bcbcbcbc\ca-ES\LocalMediaManager\Previews\START-514\START-514_011.jpg","实体已登记到 MovieId 2200，禁止自动复用","70","ManualReview","LowConfidence","置信度低于 80，仅供人工核对。","False","False"
"13246","4351","START-514","Z:\bcbcbcbc\ca-ES\data\未分类2\START-514.mp4","Preview","","","Z:\bcbcbcbc\ca-ES\LocalMediaManager\Previews\START-514\START-514_012.jpg","实体已登记到 MovieId 2200，禁止自动复用","70","ManualReview","LowConfidence","置信度低于 80，仅供人工核对。","False","False"
"13246","4351","START-514","Z:\bcbcbcbc\ca-ES\data\未分类2\START-514.mp4","Preview","","","Z:\bcbcbcbc\ca-ES\LocalMediaManager\Previews\START-514\START-514_013.jpg","实体已登记到 MovieId 2200，禁止自动复用","70","ManualReview","LowConfidence","置信度低于 80，仅供人工核对。","False","False"
"13246","4351","START-514","Z:\bcbcbcbc\ca-ES\data\未分类2\START-514.mp4","Preview","","","Z:\bcbcbcbc\ca-ES\LocalMediaManager\Previews\START-514\START-514_014.jpg","实体已登记到 MovieId 2200，禁止自动复用","70","ManualReview","LowConfidence","置信度低于 80，仅供人工核对。","False","False"
"13246","4351","START-514","Z:\bcbcbcbc\ca-ES\data\未分类2\START-514.mp4","Preview","","","Z:\bcbcbcbc\ca-ES\LocalMediaManager\Previews\START-514\START-514_015.jpg","实体已登记到 MovieId 2200，禁止自动复用","70","ManualReview","LowConfidence","置信度低于 80，仅供人工核对。","False","False"
"13246","4351","START-514","Z:\bcbcbcbc\ca-ES\data\未分类2\START-514.mp4","Preview","","","Z:\bcbcbcbc\ca-ES\LocalMediaManager\Previews\START-514\START-514_016.jpg","实体已登记到 MovieId 2200，禁止自动复用","70","ManualReview","LowConfidence","置信度低于 80，仅供人工核对。","False","False"
"13246","4351","START-514","Z:\bcbcbcbc\ca-ES\data\未分类2\START-514.mp4","Preview","","","Z:\bcbcbcbc\ca-ES\LocalMediaManager\Previews\START-514\START-514_017.jpg","实体已登记到 MovieId 2200，禁止自动复用","70","ManualReview","LowConfidence","置信度低于 80，仅供人工核对。","False","False"
"13246","4351","START-514","Z:\bcbcbcbc\ca-ES\data\未分类2\START-514.mp4","Preview","","","Z:\bcbcbcbc\ca-ES\LocalMediaManager\Previews\START-514\START-514_018.jpg","实体已登记到 MovieId 2200，禁止自动复用","70","ManualReview","LowConfidence","置信度低于 80，仅供人工核对。","False","False"
"13246","4352","thu-043","Z:\bcbcbcbc\ca-ES\data\未分类2\thu-043.mp4","Preview","","","Z:\bcbcbcbc\ca-ES\LocalMediaManager\Previews\THU-043\THU-043_001.jpg","实体已登记到 MovieId 2190，禁止自动复用","70","ManualReview","LowConfidence","置信度低于 80，仅供人工核对。","False","False"
"13246","4352","thu-043","Z:\bcbcbcbc\ca-ES\data\未分类2\thu-043.mp4","Preview","","","Z:\bcbcbcbc\ca-ES\LocalMediaManager\Previews\THU-043\THU-043_002.jpg","实体已登记到 MovieId 2190，禁止自动复用","70","ManualReview","LowConfidence","置信度低于 80，仅供人工核对。","False","False"
"13246","4352","thu-043","Z:\bcbcbcbc\ca-ES\data\未分类2\thu-043.mp4","Preview","","","Z:\bcbcbcbc\ca-ES\LocalMediaManager\Previews\THU-043\THU-043_003.jpg","实体已登记到 MovieId 2190，禁止自动复用","70","ManualReview","LowConfidence","置信度低于 80，仅供人工核对。","False","False"
"13246","4352","thu-043","Z:\bcbcbcbc\ca-ES\data\未分类2\thu-043.mp4","Preview","","","Z:\bcbcbcbc\ca-ES\LocalMediaManager\Previews\THU-043\THU-043_004.jpg","实体已登记到 MovieId 2190，禁止自动复用","70","ManualReview","LowConfidence","置信度低于 80，仅供人工核对。","False","False"
"13246","4352","thu-043","Z:\bcbcbcbc\ca-ES\data\未分类2\thu-043.mp4","Preview","","","Z:\bcbcbcbc\ca-ES\LocalMediaManager\Previews\THU-043\THU-043_005.jpg","实体已登记到 MovieId 2190，禁止自动复用","70","ManualReview","LowConfidence","置信度低于 80，仅供人工核对。","False","False"
"13246","4352","thu-043","Z:\bcbcbcbc\ca-ES\data\未分类2\thu-043.mp4","Preview","","","Z:\bcbcbcbc\ca-ES\LocalMediaManager\Previews\THU-043\THU-043_006.jpg","实体已登记到 MovieId 2190，禁止自动复用","70","ManualReview","LowConfidence","置信度低于 80，仅供人工核对。","False","False"
"13246","4352","thu-043","Z:\bcbcbcbc\ca-ES\data\未分类2\thu-043.mp4","Preview","","","Z:\bcbcbcbc\ca-ES\LocalMediaManager\Previews\THU-043\THU-043_007.jpg","实体已登记到 MovieId 2190，禁止自动复用","70","ManualReview","LowConfidence","置信度低于 80，仅供人工核对。","False","False"
"13246","4352","thu-043","Z:\bcbcbcbc\ca-ES\data\未分类2\thu-043.mp4","Preview","","","Z:\bcbcbcbc\ca-ES\LocalMediaManager\Previews\THU-043\THU-043_008.jpg","实体已登记到 MovieId 2190，禁止自动复用","70","ManualReview","LowConfidence","置信度低于 80，仅供人工核对。","False","False"
"13246","4352","thu-043","Z:\bcbcbcbc\ca-ES\data\未分类2\thu-043.mp4","Preview","","","Z:\bcbcbcbc\ca-ES\LocalMediaManager\Previews\THU-043\THU-043_009.jpg","实体已登记到 MovieId 2190，禁止自动复用","70","ManualReview","LowConfidence","置信度低于 80，仅供人工核对。","False","False"
"13246","4352","thu-043","Z:\bcbcbcbc\ca-ES\data\未分类2\thu-043.mp4","Preview","","","Z:\bcbcbcbc\ca-ES\LocalMediaManager\Previews\THU-043\THU-043_010.jpg","实体已登记到 MovieId 2190，禁止自动复用","70","ManualReview","LowConfidence","置信度低于 80，仅供人工核对。","False","False"
"13246","4352","thu-043","Z:\bcbcbcbc\ca-ES\data\未分类2\thu-043.mp4","Preview","","","Z:\bcbcbcbc\ca-ES\LocalMediaManager\Previews\THU-043\THU-043_011.jpg","实体已登记到 MovieId 2190，禁止自动复用","70","ManualReview","LowConfidence","置信度低于 80，仅供人工核对。","False","False"
"13246","4352","thu-043","Z:\bcbcbcbc\ca-ES\data\未分类2\thu-043.mp4","Preview","","","Z:\bcbcbcbc\ca-ES\LocalMediaManager\Previews\THU-043\THU-043_012.jpg","实体已登记到 MovieId 2190，禁止自动复用","70","ManualReview","LowConfidence","置信度低于 80，仅供人工核对。","False","False"
"13246","4352","thu-043","Z:\bcbcbcbc\ca-ES\data\未分类2\thu-043.mp4","Preview","","","Z:\bcbcbcbc\ca-ES\LocalMediaManager\Previews\THU-043\THU-043_013.jpg","实体已登记到 MovieId 2190，禁止自动复用","70","ManualReview","LowConfidence","置信度低于 80，仅供人工核对。","False","False"
"13246","4352","thu-043","Z:\bcbcbcbc\ca-ES\data\未分类2\thu-043.mp4","Preview","","","Z:\bcbcbcbc\ca-ES\LocalMediaManager\Previews\THU-043\THU-043_014.jpg","实体已登记到 MovieId 2190，禁止自动复用","70","ManualReview","LowConfidence","置信度低于 80，仅供人工核对。","False","False"
"13246","4352","thu-043","Z:\bcbcbcbc\ca-ES\data\未分类2\thu-043.mp4","Preview","","","Z:\bcbcbcbc\ca-ES\LocalMediaManager\Previews\THU-043\THU-043_015.jpg","实体已登记到 MovieId 2190，禁止自动复用","70","ManualReview","LowConfidence","置信度低于 80，仅供人工核对。","False","False"
